frame_id,timestamp_ms,sujeto_id,mano,velocidad_subjetiva,gesto,distancia_cm,velocidad_cm_s,aceleracion_cm_s2,tendencia,valido
0,146629,mgv1,derecha,lenta,acercar,215.08,0,0,estable,1
1,146694,mgv1,derecha,lenta,acercar,215.08,0,0,estable,1
2,146759,mgv1,derecha,lenta,acercar,215.08,0,0,estable,1
3,146824,mgv1,derecha,lenta,acercar,215.05,-0.68,-13.6,estable,1
4,146889,mgv1,derecha,lenta,acercar,215.03,-0.34,6.8,estable,1
5,146954,mgv1,derecha,lenta,acercar,77.42,-2752.3,-55039.2,bajando,1
6,147011,mgv1,derecha,lenta,acercar,77.33,-1.7,55012,estable,1
7,147068,mgv1,derecha,lenta,acercar,76.91,-8.5,-136,bajando,1
8,147125,mgv1,derecha,lenta,acercar,76.26,-12.92,-88.4,bajando,1
9,147182,mgv1,derecha,lenta,acercar,76.7,8.84,435.2,subiendo,1
10,147239,mgv1,derecha,lenta,acercar,76.53,-3.4,-244.8,bajando,1
11,147296,mgv1,derecha,lenta,acercar,78.56,40.46,877.2,subiendo,1
12,147353,mgv1,derecha,lenta,acercar,214.64,2721.7,53624.8,subiendo,1
13,147418,mgv1,derecha,lenta,acercar,205.38,-185.3,-58140,bajando,1
14,147483,mgv1,derecha,lenta,acercar,215.02,192.78,7561.6,subiendo,1
15,147548,mgv1,derecha,lenta,acercar,215.03,0.34,-3848.8,estable,1
16,147613,mgv1,derecha,lenta,acercar,215.05,0.34,0,estable,1
17,147678,mgv1,derecha,lenta,acercar,215.02,-0.68,-20.4,estable,1
18,147743,mgv1,derecha,lenta,acercar,215,-0.34,6.79,estable,1
19,147808,mgv1,derecha,lenta,acercar,72.35,-2852.94,-57051.99,bajando,1
20,147865,mgv1,derecha,lenta,acercar,66.64,-114.24,54774,bajando,1
21,147922,mgv1,derecha,lenta,acercar,58.26,-167.62,-1067.6,bajando,1
22,147978,mgv1,derecha,lenta,acercar,53.55,-94.18,1468.8,bajando,1
23,148034,mgv1,derecha,lenta,acercar,47.17,-127.5,-666.4,bajando,1
24,148089,mgv1,derecha,lenta,acercar,43.59,-71.74,1115.2,bajando,1
25,148144,mgv1,derecha,lenta,acercar,36.47,-142.46,-1414.4,bajando,1
26,148199,mgv1,derecha,lenta,acercar,30.91,-111.18,625.6,bajando,1
27,148254,mgv1,derecha,lenta,acercar,27.11,-75.82,707.2,bajando,1
28,148308,mgv1,derecha,lenta,acercar,215.9,3775.7,77030.4,subiendo,1
29,148373,mgv1,derecha,lenta,acercar,216.31,8.16,-75350.79,subiendo,1
30,148438,mgv1,derecha,lenta,acercar,19.04,-3945.36,-79070.41,bajando,1
31,148492,mgv1,derecha,lenta,acercar,16.83,-44.2,78023.2,bajando,1
32,148546,mgv1,derecha,lenta,acercar,17.14,6.12,1006.4,subiendo,1
33,148600,mgv1,derecha,lenta,acercar,15.86,-25.5,-632.4,bajando,1
34,148654,mgv1,derecha,lenta,acercar,14.52,-26.86,-27.2,bajando,1
35,148708,mgv1,derecha,lenta,acercar,11.81,-54.06,-544,bajando,1
36,148761,mgv1,derecha,lenta,acercar,11.48,-6.8,945.2,bajando,1
37,148814,mgv1,derecha,lenta,acercar,10.11,-27.2,-408,bajando,1
38,148867,mgv1,derecha,lenta,acercar,9.77,-6.8,408,bajando,1
39,148920,mgv1,derecha,lenta,acercar,8.41,-27.2,-408,bajando,1
40,148973,mgv1,derecha,lenta,acercar,7.77,-12.92,285.6,bajando,1
41,149026,mgv1,derecha,lenta,acercar,7.45,-6.46,129.2,bajando,1
42,149079,mgv1,derecha,lenta,acercar,7.77,6.46,258.4,subiendo,1
43,149132,mgv1,derecha,lenta,acercar,7.45,-6.46,-258.4,bajando,1
44,149185,mgv1,derecha,lenta,acercar,7.12,-6.46,0,bajando,1
45,149238,mgv1,derecha,lenta,acercar,8.77,32.98,788.8,subiendo,1
46,149291,mgv1,derecha,lenta,acercar,7.77,-20.06,-1060.8,bajando,1
47,149344,mgv1,derecha,lenta,acercar,8.41,12.92,659.6,subiendo,1
48,149397,mgv1,derecha,lenta,acercar,9.44,20.4,149.6,subiendo,1
49,149450,mgv1,derecha,lenta,acercar,10.11,13.6,-136,subiendo,1
50,153579,mgv1,derecha,lenta,acercar,215.61,0,0,estable,1
51,153645,mgv1,derecha,lenta,acercar,215.61,0,0,estable,1
52,153710,mgv1,derecha,lenta,acercar,215.59,-0.34,-6.8,estable,1
53,153775,mgv1,derecha,lenta,acercar,215.59,0,6.8,estable,1
54,153840,mgv1,derecha,lenta,acercar,215.54,-1.02,-20.4,estable,1
55,153905,mgv1,derecha,lenta,acercar,215.54,0,20.4,estable,1
56,153970,mgv1,derecha,lenta,acercar,83.96,-2631.6,-52632,bajando,1
57,154028,mgv1,derecha,lenta,acercar,215.17,2624.12,105114.41,subiendo,1
58,154093,mgv1,derecha,lenta,acercar,215.65,9.52,-52292,subiendo,1
59,154158,mgv1,derecha,lenta,acercar,215.61,-0.68,-204,estable,1
60,154223,mgv1,derecha,lenta,acercar,63.7,-3038.24,-60751.19,bajando,1
61,154279,mgv1,derecha,lenta,acercar,60.49,-64.26,59479.59,bajando,1
62,154335,mgv1,derecha,lenta,acercar,57.95,-50.66,272,bajando,1
63,154391,mgv1,derecha,lenta,acercar,55.73,-44.54,122.4,bajando,1
64,154447,mgv1,derecha,lenta,acercar,52.02,-74.12,-591.6,bajando,1
65,154503,mgv1,derecha,lenta,acercar,49.64,-47.6,530.4,bajando,1
66,154559,mgv1,derecha,lenta,acercar,48.96,-13.6,680,bajando,1
67,154615,mgv1,derecha,lenta,acercar,43.21,-114.92,-2026.4,bajando,1
68,154670,mgv1,derecha,lenta,acercar,42.18,-20.74,1883.6,bajando,1
69,154725,mgv1,derecha,lenta,acercar,215.58,3468,69774.8,subiendo,1
70,154790,mgv1,derecha,lenta,acercar,34,-3631.54,-141990.8,bajando,1
71,154845,mgv1,derecha,lenta,acercar,31.94,-41.14,71808,bajando,1
72,154900,mgv1,derecha,lenta,acercar,29.09,-57.12,-319.6,bajando,1
73,154954,mgv1,derecha,lenta,acercar,29.87,15.64,1455.2,subiendo,1
74,155008,mgv1,derecha,lenta,acercar,25.09,-95.54,-2223.6,bajando,1
75,155062,mgv1,derecha,lenta,acercar,23.37,-34.34,1224,bajando,1
76,155116,mgv1,derecha,lenta,acercar,21.27,-42.16,-156.4,bajando,1
77,155170,mgv1,derecha,lenta,acercar,18.09,-63.58,-428.4,bajando,1
78,155224,mgv1,derecha,lenta,acercar,16.81,-25.5,761.6,bajando,1
79,155278,mgv1,derecha,lenta,acercar,17.14,6.46,639.2,subiendo,1
80,155332,mgv1,derecha,lenta,acercar,14.86,-45.56,-1040.4,bajando,1
81,155386,mgv1,derecha,lenta,acercar,13.5,-27.2,367.2,bajando,1
82,155440,mgv1,derecha,lenta,acercar,12.49,-20.06,142.8,bajando,1
83,155493,mgv1,derecha,lenta,acercar,11.48,-20.4,-6.8,bajando,1
84,155546,mgv1,derecha,lenta,acercar,10.11,-27.2,-136,bajando,1
85,155599,mgv1,derecha,lenta,acercar,9.79,-6.46,414.8,bajando,1
86,155652,mgv1,derecha,lenta,acercar,9.45,-6.8,-6.8,bajando,1
87,155705,mgv1,derecha,lenta,acercar,9.45,0,136,estable,1
88,155758,mgv1,derecha,lenta,acercar,8.09,-27.2,-544,bajando,1
89,155811,mgv1,derecha,lenta,acercar,8.77,13.6,816,subiendo,1
90,155864,mgv1,derecha,lenta,acercar,8.09,-13.6,-544,bajando,1
91,155917,mgv1,derecha,lenta,acercar,8.09,0,272,estable,1
92,155970,mgv1,derecha,lenta,acercar,8.09,0,0,estable,1
93,156023,mgv1,derecha,lenta,acercar,8.09,0,0,estable,1
94,156076,mgv1,derecha,lenta,acercar,7.12,-19.38,-387.6,bajando,1
95,156129,mgv1,derecha,lenta,acercar,7.12,0,387.6,estable,1
96,156182,mgv1,derecha,lenta,acercar,7.11,-0.34,-6.8,estable,1
97,156235,mgv1,derecha,lenta,acercar,8.09,19.72,401.2,subiendo,1
98,156288,mgv1,derecha,lenta,acercar,9.1,20.06,6.8,subiendo,1
99,156341,mgv1,derecha,lenta,acercar,7.45,-32.98,-1060.8,bajando,1
100,157654,mgv1,derecha,lenta,acercar,205.46,0,0,estable,1
101,157719,mgv1,derecha,lenta,acercar,215.19,194.48,3889.6,subiendo,1
102,157784,mgv1,derecha,lenta,acercar,215.13,-1.02,-3910,estable,1
103,157849,mgv1,derecha,lenta,acercar,215.17,0.68,34.01,estable,1
104,157914,mgv1,derecha,lenta,acercar,215.15,-0.34,-20.41,estable,1
105,157979,mgv1,derecha,lenta,acercar,204.6,-211.14,-4215.99,bajando,1
106,158044,mgv1,derecha,lenta,acercar,215.17,211.48,8452.4,subiendo,1
107,158109,mgv1,derecha,lenta,acercar,204.6,-211.48,-8459.2,bajando,1
108,158174,mgv1,derecha,lenta,acercar,205.46,17.34,4576.4,subiendo,1
109,158239,mgv1,derecha,lenta,acercar,215.15,193.8,3529.19,subiendo,1
110,158304,mgv1,derecha,lenta,acercar,204.6,-211.14,-8098.79,bajando,1
111,158369,mgv1,derecha,lenta,acercar,75.11,-2589.78,-47572.8,bajando,1
112,158426,mgv1,derecha,lenta,acercar,69.96,-103.02,49735.2,bajando,1
113,158483,mgv1,derecha,lenta,acercar,61.9,-161.16,-1162.8,bajando,1
114,158539,mgv1,derecha,lenta,acercar,59.65,-44.88,2325.6,bajando,1
115,158595,mgv1,derecha,lenta,acercar,56.03,-72.42,-550.8,bajando,1
116,158651,mgv1,derecha,lenta,acercar,54.04,-39.78,652.8,bajando,1
117,158707,mgv1,derecha,lenta,acercar,51.19,-57.12,-346.8,bajando,1
118,158763,mgv1,derecha,lenta,acercar,49.15,-40.8,326.4,bajando,1
119,158819,mgv1,derecha,lenta,acercar,49.32,3.4,884,subiendo,1
120,158875,mgv1,derecha,lenta,acercar,47.99,-26.52,-598.4,bajando,1
121,158931,mgv1,derecha,lenta,acercar,46.99,-20.06,129.2,bajando,1
122,158986,mgv1,derecha,lenta,acercar,45.8,-23.8,-74.8,bajando,1
123,159041,mgv1,derecha,lenta,acercar,215.15,3387.08,68217.59,subiendo,1
124,159106,mgv1,derecha,lenta,acercar,215.17,0.34,-67734.79,estable,1
125,159171,mgv1,derecha,lenta,acercar,215.15,-0.34,-13.61,estable,1
126,159236,mgv1,derecha,lenta,acercar,215.1,-1.02,-13.59,estable,1
127,159301,mgv1,derecha,lenta,acercar,36.92,-3563.54,-71250.4,bajando,1
128,159356,mgv1,derecha,lenta,acercar,215.1,3563.54,142541.59,subiendo,1
129,159421,mgv1,derecha,lenta,acercar,214.71,-7.82,-71427.2,bajando,1
130,159486,mgv1,derecha,lenta,acercar,215.1,7.82,312.79,subiendo,1
131,159551,mgv1,derecha,lenta,acercar,23.37,-3834.52,-76846.8,bajando,1
132,159605,mgv1,derecha,lenta,acercar,22.22,-23.12,76228,bajando,1
133,159659,mgv1,derecha,lenta,acercar,21.27,-19.04,81.6,bajando,1
134,159713,mgv1,derecha,lenta,acercar,23.95,53.72,1455.2,subiendo,1
135,159767,mgv1,derecha,lenta,acercar,18.09,-117.3,-3420.4,bajando,1
136,159821,mgv1,derecha,lenta,acercar,15.86,-44.54,1455.2,bajando,1
137,159875,mgv1,derecha,lenta,acercar,15.86,0,890.8,estable,1
138,159929,mgv1,derecha,lenta,acercar,14.53,-26.52,-530.4,bajando,1
139,159983,mgv1,derecha,lenta,acercar,12.84,-34,-149.6,bajando,1
140,160036,mgv1,derecha,lenta,acercar,10.8,-40.8,-136,bajando,1
141,160089,mgv1,derecha,lenta,acercar,9.79,-20.06,414.8,bajando,1
142,160142,mgv1,derecha,lenta,acercar,8.77,-20.4,-6.8,bajando,1
143,160195,mgv1,derecha,lenta,acercar,7.45,-26.52,-122.4,bajando,1
144,160248,mgv1,derecha,lenta,acercar,6.8,-12.92,272,bajando,1
145,160301,mgv1,derecha,lenta,acercar,6.15,-12.92,0,bajando,1
146,160354,mgv1,derecha,lenta,acercar,5.51,-12.92,0,bajando,1
147,160407,mgv1,derecha,lenta,acercar,4.56,-19.04,-122.4,bajando,1
148,160460,mgv1,derecha,lenta,acercar,4.56,0,380.8,estable,1
149,160513,mgv1,derecha,lenta,acercar,4.23,-6.46,-129.2,bajando,1
150,161302,mgv1,derecha,lenta,acercar,215.13,0,0,estable,1
151,161368,mgv1,derecha,lenta,acercar,215.15,0.34,6.8,estable,1
152,161433,mgv1,derecha,lenta,acercar,215.13,-0.34,-13.6,estable,1
153,161498,mgv1,derecha,lenta,acercar,215.15,0.34,13.6,estable,1
154,161563,mgv1,derecha,lenta,acercar,215.15,0,-6.8,estable,1
155,161628,mgv1,derecha,lenta,acercar,215.15,0,0,estable,1
156,161693,mgv1,derecha,lenta,acercar,215.19,0.68,13.6,estable,1
157,161758,mgv1,derecha,lenta,acercar,215.1,-1.7,-47.61,estable,1
158,161823,mgv1,derecha,lenta,acercar,204.58,-210.46,-4175.2,bajando,1
159,161888,mgv1,derecha,lenta,acercar,204.14,-8.84,4032.4,bajando,1
160,161953,mgv1,derecha,lenta,acercar,204.56,8.5,346.8,subiendo,1
161,162018,mgv1,derecha,lenta,acercar,73.97,-2611.88,-52407.6,bajando,1
162,162075,mgv1,derecha,lenta,acercar,71.11,-57.12,51095.2,bajando,1
163,162132,mgv1,derecha,lenta,acercar,67.35,-75.14,-360.4,bajando,1
164,162189,mgv1,derecha,lenta,acercar,64.28,-61.54,272,bajando,1
165,162245,mgv1,derecha,lenta,acercar,58.41,-117.3,-1115.2,bajando,1
166,162301,mgv1,derecha,lenta,acercar,56.87,-30.94,1727.2,bajando,1
167,162357,mgv1,derecha,lenta,acercar,54.4,-49.3,-367.2,bajando,1
168,162413,mgv1,derecha,lenta,acercar,53.38,-20.4,578,bajando,1
169,162469,mgv1,derecha,lenta,acercar,50.83,-51,-612,bajando,1
170,162525,mgv1,derecha,lenta,acercar,49.66,-23.46,550.8,bajando,1
171,162581,mgv1,derecha,lenta,acercar,46.78,-57.46,-680,bajando,1
172,162636,mgv1,derecha,lenta,acercar,-1,0,1149.2,estable,0
173,162716,mgv1,derecha,lenta,acercar,-1,0,0,estable,0
174,162796,mgv1,derecha,lenta,acercar,35.55,-224.74,-4494.8,bajando,1
175,162851,mgv1,derecha,lenta,acercar,37.84,45.9,5412.8,subiendo,1
176,162906,mgv1,derecha,lenta,acercar,30.91,-138.72,-3692.4,bajando,1
177,162961,mgv1,derecha,lenta,acercar,-1,0,2774.4,estable,0
178,163041,mgv1,derecha,lenta,acercar,25.11,-115.94,-2318.8,bajando,1
179,163095,mgv1,derecha,lenta,acercar,22.49,-52.36,1271.6,bajando,1
180,163149,mgv1,derecha,lenta,acercar,-1,0,1047.2,estable,0
181,163229,mgv1,derecha,lenta,acercar,18.41,-81.6,-1632,bajando,1
182,163283,mgv1,derecha,lenta,acercar,16.51,-38.08,870.4,bajando,1
183,163337,mgv1,derecha,lenta,acercar,16.51,0,761.6,estable,1
184,163391,mgv1,derecha,lenta,acercar,15.86,-12.92,-258.4,bajando,1
185,163445,mgv1,derecha,lenta,acercar,15.88,0.34,265.2,estable,1
186,163499,mgv1,derecha,lenta,acercar,11.81,-81.26,-1632,bajando,1
187,163552,mgv1,derecha,lenta,acercar,8.09,-74.46,136,bajando,1
188,163605,mgv1,derecha,lenta,acercar,6.8,-25.84,972.4,bajando,1
189,163658,mgv1,derecha,lenta,acercar,11.15,87.04,2257.6,subiendo,1
190,163711,mgv1,derecha,lenta,acercar,6.15,-99.96,-3740,bajando,1
191,163764,mgv1,derecha,lenta,acercar,6.49,6.8,2135.2,subiendo,1
192,163817,mgv1,derecha,lenta,acercar,5.18,-26.18,-659.6,bajando,1
193,163870,mgv1,derecha,lenta,acercar,5.2,0.34,530.4,estable,1
194,163923,mgv1,derecha,lenta,acercar,5.51,6.12,115.6,subiendo,1
195,163976,mgv1,derecha,lenta,acercar,5.51,0,-122.4,estable,1
196,164029,mgv1,derecha,lenta,acercar,8.09,51.68,1033.6,subiendo,1
197,164082,mgv1,derecha,lenta,acercar,-1,0,-1033.6,estable,0
198,164162,mgv1,derecha,lenta,acercar,216.99,4177.92,83558.41,subiendo,1
199,164227,mgv1,derecha,lenta,acercar,215.63,-27.2,-84102.41,bajando,1
200,165576,mgv1,derecha,lenta,acercar,55.74,0,0,estable,1
201,165633,mgv1,derecha,lenta,acercar,55.05,-13.94,-278.8,bajando,1
202,165689,mgv1,derecha,lenta,acercar,215.2,3203.14,64341.6,subiendo,1
203,165754,mgv1,derecha,lenta,acercar,215.17,-0.68,-64076.4,estable,1
204,165819,mgv1,derecha,lenta,acercar,215.2,0.68,27.2,estable,1
205,165884,mgv1,derecha,lenta,acercar,215.15,-1.02,-34,estable,1
206,165949,mgv1,derecha,lenta,acercar,215.17,0.34,27.21,estable,1
207,166014,mgv1,derecha,lenta,acercar,81.6,-2671.38,-53434.41,bajando,1
208,166072,mgv1,derecha,lenta,acercar,79.37,-44.54,52536.8,bajando,1
209,166129,mgv1,derecha,lenta,acercar,75.99,-67.66,-462.4,bajando,1
210,166186,mgv1,derecha,lenta,acercar,72.98,-60.18,149.6,bajando,1
211,166243,mgv1,derecha,lenta,acercar,215.59,2852.26,58248.79,subiendo,1
212,166308,mgv1,derecha,lenta,acercar,69.34,-2925.02,-115545.59,bajando,1
213,166365,mgv1,derecha,lenta,acercar,62.71,-132.6,55848.39,bajando,1
214,166421,mgv1,derecha,lenta,acercar,59.79,-58.48,1482.4,bajando,1
215,166477,mgv1,derecha,lenta,acercar,57.83,-39.1,387.6,bajando,1
216,166533,mgv1,derecha,lenta,acercar,53.53,-86.02,-938.4,bajando,1
217,166589,mgv1,derecha,lenta,acercar,49.15,-87.72,-34,bajando,1
218,166645,mgv1,derecha,lenta,acercar,46.97,-43.52,884,bajando,1
219,166700,mgv1,derecha,lenta,acercar,42.81,-83.3,-795.6,bajando,1
220,166755,mgv1,derecha,lenta,acercar,39.44,-67.32,319.6,bajando,1
221,166810,mgv1,derecha,lenta,acercar,35.77,-73.44,-122.4,bajando,1
222,166865,mgv1,derecha,lenta,acercar,33.22,-51,448.8,bajando,1
223,166920,mgv1,derecha,lenta,acercar,31.93,-25.84,503.2,bajando,1
224,166975,mgv1,derecha,lenta,acercar,-1,0,516.8,estable,0
225,167055,mgv1,derecha,lenta,acercar,23.65,-165.58,-3311.6,bajando,1
226,167109,mgv1,derecha,lenta,acercar,20.96,-53.72,2237.2,bajando,1
227,167163,mgv1,derecha,lenta,acercar,18.41,-51,54.4,bajando,1
228,167217,mgv1,derecha,lenta,acercar,16.83,-31.62,387.6,bajando,1
229,167271,mgv1,derecha,lenta,acercar,14.53,-45.9,-285.6,bajando,1
230,167325,mgv1,derecha,lenta,acercar,12.15,-47.6,-34,bajando,1
231,167378,mgv1,derecha,lenta,acercar,9.45,-54.06,-129.2,bajando,1
232,167431,mgv1,derecha,lenta,acercar,8.77,-13.6,809.2,bajando,1
233,167484,mgv1,derecha,lenta,acercar,8.77,0,272,estable,1
234,167537,mgv1,derecha,lenta,acercar,8.41,-7.14,-142.8,bajando,1
235,167590,mgv1,derecha,lenta,acercar,7.45,-19.38,-244.8,bajando,1
236,167643,mgv1,derecha,lenta,acercar,5.83,-32.3,-258.4,bajando,1
237,167696,mgv1,derecha,lenta,acercar,6.48,12.92,904.4,subiendo,1
238,167749,mgv1,derecha,lenta,acercar,6.8,6.46,-129.2,subiendo,1
239,167802,mgv1,derecha,lenta,acercar,7.45,12.92,129.2,subiendo,1
240,167855,mgv1,derecha,lenta,acercar,6.48,-19.38,-646,bajando,1
241,167908,mgv1,derecha,lenta,acercar,9.77,65.96,1706.8,subiendo,1
242,167961,mgv1,derecha,lenta,acercar,9.1,-13.6,-1591.2,bajando,1
243,168014,mgv1,derecha,lenta,acercar,10.8,34,952,subiendo,1
244,168067,mgv1,derecha,lenta,acercar,15.86,101.32,1346.4,subiendo,1
245,168121,mgv1,derecha,lenta,acercar,205.1,3784.88,73671.2,subiendo,1
246,168186,mgv1,derecha,lenta,acercar,215.24,202.64,-71644.8,subiendo,1
247,168251,mgv1,derecha,lenta,acercar,215.25,0.34,-4046,estable,1
248,168316,mgv1,derecha,lenta,acercar,206.36,-177.82,-3563.2,bajando,1
249,168381,mgv1,derecha,lenta,acercar,215.29,178.5,7126.39,subiendo,1
250,169266,mgv1,derecha,lenta,acercar,215.27,0,0,estable,1
251,169332,mgv1,derecha,lenta,acercar,215.27,0,0,estable,1
252,169397,mgv1,derecha,lenta,acercar,215.3,0.68,13.6,estable,1
253,169462,mgv1,derecha,lenta,acercar,215.68,7.48,136,subiendo,1
254,169527,mgv1,derecha,lenta,acercar,215.25,-8.5,-319.6,bajando,1
255,169592,mgv1,derecha,lenta,acercar,215.68,8.5,340,subiendo,1
256,169657,mgv1,derecha,lenta,acercar,215.68,0,-170,estable,1
257,169722,mgv1,derecha,lenta,acercar,215.7,0.34,6.8,estable,1
258,169787,mgv1,derecha,lenta,acercar,215.68,-0.34,-13.6,estable,1
259,169852,mgv1,derecha,lenta,acercar,215.27,-8.16,-156.4,bajando,1
260,169917,mgv1,derecha,lenta,acercar,215.25,-0.34,156.4,estable,1
261,169982,mgv1,derecha,lenta,acercar,215.24,-0.34,0,estable,1
262,170047,mgv1,derecha,lenta,acercar,65.91,-2986.56,-59724.41,bajando,1
263,170104,mgv1,derecha,lenta,acercar,61.01,-97.92,57772.8,bajando,1
264,170160,mgv1,derecha,lenta,acercar,59.08,-38.76,1183.2,bajando,1
265,170216,mgv1,derecha,lenta,acercar,56.12,-59.16,-408,bajando,1
266,170272,mgv1,derecha,lenta,acercar,53.19,-58.48,13.6,bajando,1
267,170328,mgv1,derecha,lenta,acercar,216.1,3258.22,66334,subiendo,1
268,170393,mgv1,derecha,lenta,acercar,48.37,-3354.78,-132260,bajando,1
269,170449,mgv1,derecha,lenta,acercar,42.77,-111.86,64858.4,bajando,1
270,170504,mgv1,derecha,lenta,acercar,39.19,-71.74,802.4,bajando,1
271,170559,mgv1,derecha,lenta,acercar,35.75,-68.68,61.2,bajando,1
272,170614,mgv1,derecha,lenta,acercar,33.73,-40.46,564.4,bajando,1
273,170669,mgv1,derecha,lenta,acercar,31.4,-46.58,-122.4,bajando,1
274,170724,mgv1,derecha,lenta,acercar,30.63,-15.3,625.6,bajando,1
275,170779,mgv1,derecha,lenta,acercar,24.5,-122.74,-2148.8,bajando,1
276,170833,mgv1,derecha,lenta,acercar,22.49,-40.12,1652.4,bajando,1
277,170887,mgv1,derecha,lenta,acercar,21.57,-18.36,435.2,bajando,1
278,170941,mgv1,derecha,lenta,acercar,18.41,-63.24,-897.6,bajando,1
279,170995,mgv1,derecha,lenta,acercar,16.49,-38.42,496.4,bajando,1
280,171049,mgv1,derecha,lenta,acercar,14.53,-39.1,-13.6,bajando,1
281,171103,mgv1,derecha,lenta,acercar,12.49,-40.8,-34,bajando,1
282,171156,mgv1,derecha,lenta,acercar,11.81,-13.6,544,bajando,1
283,171209,mgv1,derecha,lenta,acercar,11.48,-6.8,136,bajando,1
284,171262,mgv1,derecha,lenta,acercar,9.79,-33.66,-537.2,bajando,1
285,171315,mgv1,derecha,lenta,acercar,9.77,-0.34,666.4,estable,1
286,171368,mgv1,derecha,lenta,acercar,9.79,0.34,13.6,estable,1
287,171421,mgv1,derecha,lenta,acercar,7.12,-53.38,-1074.4,bajando,1
288,171474,mgv1,derecha,lenta,acercar,6.8,-6.46,938.4,bajando,1
289,171527,mgv1,derecha,lenta,acercar,6.8,0,129.2,estable,1
290,171580,mgv1,derecha,lenta,acercar,6.15,-12.92,-258.4,bajando,1
291,171633,mgv1,derecha,lenta,acercar,7.45,25.84,775.2,subiendo,1
292,171686,mgv1,derecha,lenta,acercar,-1,0,-516.8,estable,0
293,171766,mgv1,derecha,lenta,acercar,8.09,12.92,258.4,subiendo,1
294,171819,mgv1,derecha,lenta,acercar,8.09,0,-258.4,estable,1
295,171872,mgv1,derecha,lenta,acercar,8.41,6.46,129.2,subiendo,1
296,171925,mgv1,derecha,lenta,acercar,16.83,168.3,3236.8,subiendo,1
297,171979,mgv1,derecha,lenta,acercar,215.2,3967.46,75983.2,subiendo,1
298,172044,mgv1,derecha,lenta,acercar,205.43,-195.5,-83259.2,bajando,1
299,172109,mgv1,derecha,lenta,acercar,215.15,194.48,7799.6,subiendo,1
300,173135,mgv1,derecha,lenta,acercar,215.12,0,0,estable,1
301,173200,mgv1,derecha,lenta,acercar,215.1,-0.34,-6.8,estable,1
302,173265,mgv1,derecha,lenta,acercar,215.19,1.7,40.8,estable,1
303,173330,mgv1,derecha,lenta,acercar,204.92,-205.36,-4141.21,bajando,1
304,173395,mgv1,derecha,lenta,acercar,205.33,8.16,4270.4,subiendo,1
305,173460,mgv1,derecha,lenta,acercar,204.48,-17,-503.2,bajando,1
306,173525,mgv1,derecha,lenta,acercar,215.17,213.86,4617.21,subiendo,1
307,173590,mgv1,derecha,lenta,acercar,75.57,-2792.08,-60118.8,bajando,1
308,173647,mgv1,derecha,lenta,acercar,72.1,-69.36,54454.4,bajando,1
309,173704,mgv1,derecha,lenta,acercar,70.23,-37.4,639.2,bajando,1
310,173761,mgv1,derecha,lenta,acercar,65.52,-94.18,-1135.6,bajando,1
311,173818,mgv1,derecha,lenta,acercar,59.11,-128.18,-680,bajando,1
312,173874,mgv1,derecha,lenta,acercar,57.72,-27.88,2006,bajando,1
313,173930,mgv1,derecha,lenta,acercar,54.72,-59.84,-639.2,bajando,1
314,173986,mgv1,derecha,lenta,acercar,50.32,-88.06,-564.4,bajando,1
315,174042,mgv1,derecha,lenta,acercar,49.64,-13.6,1489.2,bajando,1
316,174098,mgv1,derecha,lenta,acercar,-1,0,272,estable,0
317,174178,mgv1,derecha,lenta,acercar,42.81,-136.68,-2733.6,bajando,1
318,174233,mgv1,derecha,lenta,acercar,40.8,-40.12,1931.2,bajando,1
319,174288,mgv1,derecha,lenta,acercar,38.98,-36.38,74.8,bajando,1
320,174343,mgv1,derecha,lenta,acercar,38.06,-18.36,360.4,bajando,1
321,174398,mgv1,derecha,lenta,acercar,32.71,-107.1,-1774.8,bajando,1
322,174453,mgv1,derecha,lenta,acercar,30.12,-51.68,1108.4,bajando,1
323,174507,mgv1,derecha,lenta,acercar,-1,0,1033.6,estable,0
324,174587,mgv1,derecha,lenta,acercar,25.96,-83.3,-1666,bajando,1
325,174641,mgv1,derecha,lenta,acercar,22.8,-63.24,401.2,bajando,1
326,174695,mgv1,derecha,lenta,acercar,20.32,-49.64,272,bajando,1
327,174749,mgv1,derecha,lenta,acercar,18.41,-38.08,231.2,bajando,1
328,174803,mgv1,derecha,lenta,acercar,18.09,-6.46,632.4,bajando,1
329,174857,mgv1,derecha,lenta,acercar,15.86,-44.54,-761.6,bajando,1
330,174911,mgv1,derecha,lenta,acercar,13.5,-47.26,-54.4,bajando,1
331,174965,mgv1,derecha,lenta,acercar,12.84,-13.26,680,bajando,1
332,175018,mgv1,derecha,lenta,acercar,12.84,0,265.2,estable,1
333,175071,mgv1,derecha,lenta,acercar,48.16,706.52,14130.4,subiendo,1
334,175127,mgv1,derecha,lenta,acercar,10.11,-760.92,-29348.8,bajando,1
335,175180,mgv1,derecha,lenta,acercar,9.1,-20.4,14810.4,bajando,1
336,175233,mgv1,derecha,lenta,acercar,9.45,7.14,550.8,subiendo,1
337,175286,mgv1,derecha,lenta,acercar,16.51,141.1,2679.2,subiendo,1
338,175340,mgv1,derecha,lenta,acercar,16.81,6.12,-2699.6,subiendo,1
339,175394,mgv1,derecha,lenta,acercar,215.08,3965.42,79186,subiendo,1
340,175459,mgv1,derecha,lenta,acercar,215.53,8.84,-79131.59,subiendo,1
341,175524,mgv1,derecha,lenta,acercar,215.07,-9.18,-360.4,bajando,1
342,175589,mgv1,derecha,lenta,acercar,215,-1.36,156.4,estable,1
343,175654,mgv1,derecha,lenta,acercar,215.03,0.68,40.81,estable,1
344,175719,mgv1,derecha,lenta,acercar,215.02,-0.34,-20.4,estable,1
345,175784,mgv1,derecha,lenta,acercar,215.02,0,6.8,estable,1
346,175849,mgv1,derecha,lenta,acercar,215.08,1.36,27.2,estable,1
347,175914,mgv1,derecha,lenta,acercar,215.07,-0.34,-34,estable,1
348,175979,mgv1,derecha,lenta,acercar,215.08,0.34,13.6,estable,1
349,176044,mgv1,derecha,lenta,acercar,215.46,7.48,142.8,subiendo,1
350,205264,mgv1,derecha,normal,acercar,57.26,0,0,estable,1
351,205321,mgv1,derecha,normal,acercar,67.73,209.44,4188.8,subiendo,1
352,205378,mgv1,derecha,normal,acercar,70.89,63.24,-2924,subiendo,1
353,205435,mgv1,derecha,normal,acercar,81.29,208.08,2896.8,subiendo,1
354,205492,mgv1,derecha,normal,acercar,88.59,145.86,-1244.4,subiendo,1
355,205550,mgv1,derecha,normal,acercar,215.25,2533.34,47749.6,subiendo,1
356,205615,mgv1,derecha,normal,acercar,214.88,-7.48,-50816.4,bajando,1
357,205680,mgv1,derecha,normal,acercar,206.02,-177.14,-3393.21,bajando,1
358,205745,mgv1,derecha,normal,acercar,214.88,177.14,7085.61,subiendo,1
359,205810,mgv1,derecha,normal,acercar,214.86,-0.34,-3549.6,estable,1
360,205875,mgv1,derecha,normal,acercar,214.86,0,6.8,estable,1
361,205940,mgv1,derecha,normal,acercar,206.87,-159.8,-3196,bajando,1
362,206005,mgv1,derecha,normal,acercar,206.84,-0.68,3182.4,estable,1
363,206070,mgv1,derecha,normal,acercar,214.86,160.48,3223.2,subiendo,1
364,206135,mgv1,derecha,normal,acercar,206.02,-176.8,-6745.61,bajando,1
365,206200,mgv1,derecha,normal,acercar,214.83,176.12,7058.4,subiendo,1
366,206265,mgv1,derecha,normal,acercar,214.79,-0.68,-3536,estable,1
367,206330,mgv1,derecha,normal,acercar,214.83,0.68,27.2,estable,1
368,206395,mgv1,derecha,normal,acercar,68.29,-2930.8,-58629.59,bajando,1
369,206452,mgv1,derecha,normal,acercar,60.18,-162.18,55372.4,bajando,1
370,206508,mgv1,derecha,normal,acercar,59.06,-22.44,2794.8,bajando,1
371,206564,mgv1,derecha,normal,acercar,56.83,-44.54,-442,bajando,1
372,206620,mgv1,derecha,normal,acercar,54.71,-42.5,40.8,bajando,1
373,206676,mgv1,derecha,normal,acercar,54.21,-9.86,652.8,bajando,1
374,206732,mgv1,derecha,normal,acercar,50.32,-77.86,-1360,bajando,1
375,206788,mgv1,derecha,normal,acercar,48.57,-35.02,856.8,bajando,1
376,206844,mgv1,derecha,normal,acercar,45.58,-59.84,-496.4,bajando,1
377,206899,mgv1,derecha,normal,acercar,204.65,3181.38,64824.4,subiendo,1
378,206964,mgv1,derecha,normal,acercar,37.6,-3340.84,-130444.39,bajando,1
379,207019,mgv1,derecha,normal,acercar,35.29,-46.24,65892,bajando,1
380,207074,mgv1,derecha,normal,acercar,31.16,-82.62,-727.6,bajando,1
381,207129,mgv1,derecha,normal,acercar,27.97,-63.92,374,bajando,1
382,207183,mgv1,derecha,normal,acercar,27.97,0,1278.4,estable,1
383,207237,mgv1,derecha,normal,acercar,22.49,-109.48,-2189.6,bajando,1
384,207291,mgv1,derecha,normal,acercar,19.36,-62.56,938.4,bajando,1
385,207345,mgv1,derecha,normal,acercar,15.86,-70.04,-149.6,bajando,1
386,207399,mgv1,derecha,normal,acercar,16.51,12.92,1659.2,subiendo,1
387,207453,mgv1,derecha,normal,acercar,12.84,-73.44,-1727.2,bajando,1
388,207506,mgv1,derecha,normal,acercar,11.14,-34,788.8,bajando,1
389,207559,mgv1,derecha,normal,acercar,9.45,-33.66,6.8,bajando,1
390,207612,mgv1,derecha,normal,acercar,8.76,-13.94,394.4,bajando,1
391,207665,mgv1,derecha,normal,acercar,6.48,-45.56,-632.4,bajando,1
392,207718,mgv1,derecha,normal,acercar,6.8,6.46,1040.4,subiendo,1
393,207771,mgv1,derecha,normal,acercar,6.8,0,-129.2,estable,1
394,207824,mgv1,derecha,normal,acercar,6.48,-6.46,-129.2,bajando,1
395,207877,mgv1,derecha,normal,acercar,8.41,38.76,904.4,subiendo,1
396,207930,mgv1,derecha,normal,acercar,8.41,0,-775.2,estable,1
397,207983,mgv1,derecha,normal,acercar,16.18,155.38,3107.6,subiendo,1
398,208037,mgv1,derecha,normal,acercar,13.16,-60.52,-4318,bajando,1
399,208090,mgv1,derecha,normal,acercar,215.24,4041.58,82041.99,subiendo,1
400,214421,mgv1,derecha,normal,acercar,215.24,0,0,estable,1
401,214487,mgv1,derecha,normal,acercar,215.24,0,0,estable,1
402,214552,mgv1,derecha,normal,acercar,215.24,0,0,estable,1
403,214617,mgv1,derecha,normal,acercar,214.81,-8.5,-170,bajando,1
404,214682,mgv1,derecha,normal,acercar,214.81,0,170,estable,1
405,214747,mgv1,derecha,normal,acercar,206.01,-176.12,-3522.4,bajando,1
406,214812,mgv1,derecha,normal,acercar,205.55,-9.18,3338.8,bajando,1
407,214877,mgv1,derecha,normal,acercar,204.75,-15.98,-136,bajando,1
408,214942,mgv1,derecha,normal,acercar,204.29,-9.18,136,bajando,1
409,215007,mgv1,derecha,normal,acercar,203.85,-8.84,6.8,bajando,1
410,215072,mgv1,derecha,normal,acercar,204.73,17.68,530.4,subiendo,1
411,215137,mgv1,derecha,normal,acercar,214.79,201.28,3672,subiendo,1
412,215202,mgv1,derecha,normal,acercar,206.01,-175.78,-7541.2,bajando,1
413,215267,mgv1,derecha,normal,acercar,205.17,-16.66,3182.4,bajando,1
414,215332,mgv1,derecha,normal,acercar,204.78,-7.82,176.79,bajando,1
415,215397,mgv1,derecha,normal,acercar,69.34,-2708.78,-54019.2,bajando,1
416,215454,mgv1,derecha,normal,acercar,205.14,2715.92,108494,subiendo,1
417,215519,mgv1,derecha,normal,acercar,60.64,-2890,-112118.4,bajando,1
418,215575,mgv1,derecha,normal,acercar,56.87,-75.48,56290.4,bajando,1
419,215631,mgv1,derecha,normal,acercar,54.06,-56.1,387.6,bajando,1
420,215687,mgv1,derecha,normal,acercar,50.32,-74.8,-374,bajando,1
421,215743,mgv1,derecha,normal,acercar,51.36,20.74,1910.8,subiendo,1
422,215799,mgv1,derecha,normal,acercar,-1,0,-414.8,estable,0
423,215879,mgv1,derecha,normal,acercar,36.69,-293.42,-5868.4,bajando,1
424,215934,mgv1,derecha,normal,acercar,33.73,-59.16,4685.2,bajando,1
425,215989,mgv1,derecha,normal,acercar,31.16,-51.34,156.4,bajando,1
426,216044,mgv1,derecha,normal,acercar,29.09,-41.48,197.2,bajando,1
427,216098,mgv1,derecha,normal,acercar,26.83,-45.22,-74.8,bajando,1
428,216152,mgv1,derecha,normal,acercar,24.8,-40.46,95.2,bajando,1
429,216206,mgv1,derecha,normal,acercar,-1,0,809.2,estable,0
430,216286,mgv1,derecha,normal,acercar,21.9,-58.14,-1162.8,bajando,1
431,216340,mgv1,derecha,normal,acercar,19.35,-51,142.8,bajando,1
432,216394,mgv1,derecha,normal,acercar,18.41,-18.7,646,bajando,1
433,216448,mgv1,derecha,normal,acercar,16.51,-38.08,-387.6,bajando,1
434,216502,mgv1,derecha,normal,acercar,16.51,0,761.6,estable,1
435,216556,mgv1,derecha,normal,acercar,15.86,-12.92,-258.4,bajando,1
436,216610,mgv1,derecha,normal,acercar,14.19,-33.32,-408,bajando,1
437,216664,mgv1,derecha,normal,acercar,13.52,-13.6,394.4,bajando,1
438,216718,mgv1,derecha,normal,acercar,14.53,20.4,680,subiendo,1
439,216772,mgv1,derecha,normal,acercar,12.84,-34,-1088,bajando,1
440,216825,mgv1,derecha,normal,acercar,13.84,20.06,1081.2,subiendo,1
441,216879,mgv1,derecha,normal,acercar,11.14,-54.06,-1482.4,bajando,1
442,216932,mgv1,derecha,normal,acercar,9.79,-26.86,544,bajando,1
443,216985,mgv1,derecha,normal,acercar,8.77,-20.4,129.2,bajando,1
444,217038,mgv1,derecha,normal,acercar,11.48,54.06,1489.2,subiendo,1
445,217091,mgv1,derecha,normal,acercar,9.79,-33.66,-1754.4,bajando,1
446,217144,mgv1,derecha,normal,acercar,10.47,13.6,945.2,subiendo,1
447,217197,mgv1,derecha,normal,acercar,215.7,4104.48,81817.59,subiendo,1
448,217262,mgv1,derecha,normal,acercar,11.14,-4091.22,-163914,bajando,1
449,217315,mgv1,derecha,normal,acercar,10.8,-6.8,81688.41,bajando,1
450,218583,mgv1,derecha,normal,acercar,204.76,0,0,estable,1
451,218647,mgv1,derecha,normal,acercar,204.76,0,0,estable,1
452,218712,mgv1,derecha,normal,acercar,204.76,0,0,estable,1
453,218777,mgv1,derecha,normal,acercar,214.9,202.64,4052.8,subiendo,1
454,218842,mgv1,derecha,normal,acercar,214.9,0,-4052.8,estable,1
455,218907,mgv1,derecha,normal,acercar,204.76,-202.64,-4052.8,bajando,1
456,218972,mgv1,derecha,normal,acercar,205.19,8.5,4222.8,subiendo,1
457,219037,mgv1,derecha,normal,acercar,205.24,1.02,-149.6,estable,1
458,219102,mgv1,derecha,normal,acercar,206.09,17,319.6,subiendo,1
459,219167,mgv1,derecha,normal,acercar,205.65,-8.84,-516.8,bajando,1
460,219232,mgv1,derecha,normal,acercar,204.32,-26.52,-353.6,bajando,1
461,219297,mgv1,derecha,normal,acercar,215.78,229.16,5113.6,subiendo,1
462,219362,mgv1,derecha,normal,acercar,205.21,-211.48,-8812.8,bajando,1
463,219427,mgv1,derecha,normal,acercar,-1,0,4229.6,estable,0
464,219507,mgv1,derecha,normal,acercar,77.5,-2554.08,-51081.6,bajando,1
465,219564,mgv1,derecha,normal,acercar,72.1,-108.12,48919.2,bajando,1
466,219621,mgv1,derecha,normal,acercar,-1,0,2162.4,estable,0
467,219701,mgv1,derecha,normal,acercar,62.87,-184.62,-3692.4,bajando,1
468,219757,mgv1,derecha,normal,acercar,60.78,-41.82,2856,bajando,1
469,219813,mgv1,derecha,normal,acercar,57.68,-61.88,-401.2,bajando,1
470,219869,mgv1,derecha,normal,acercar,57.14,-10.88,1020,bajando,1
471,219925,mgv1,derecha,normal,acercar,57.27,2.72,272,subiendo,1
472,219981,mgv1,derecha,normal,acercar,55.98,-25.84,-571.2,bajando,1
473,220037,mgv1,derecha,normal,acercar,-1,0,516.8,estable,0
474,220117,mgv1,derecha,normal,acercar,55.85,-2.72,-54.4,bajando,1
475,220173,mgv1,derecha,normal,acercar,-1,0,54.4,estable,0
476,220253,mgv1,derecha,normal,acercar,41.24,-292.06,-5841.2,bajando,1
477,220308,mgv1,derecha,normal,acercar,42.58,26.86,6378.4,subiendo,1
478,220363,mgv1,derecha,normal,acercar,35.75,-136.68,-3270.8,bajando,1
479,220418,mgv1,derecha,normal,acercar,34,-35.02,2033.2,bajando,1
480,220473,mgv1,derecha,normal,acercar,32.71,-25.84,183.6,bajando,1
481,220528,mgv1,derecha,normal,acercar,30.12,-51.68,-516.8,bajando,1
482,220582,mgv1,derecha,normal,acercar,29.6,-10.54,822.8,bajando,1
483,220636,mgv1,derecha,normal,acercar,28.83,-15.3,-95.2,bajando,1
484,220690,mgv1,derecha,normal,acercar,25.96,-57.46,-843.2,bajando,1
485,220744,mgv1,derecha,normal,acercar,-1,0,1149.2,estable,0
486,220824,mgv1,derecha,normal,acercar,18.73,-144.5,-2890,bajando,1
487,220878,mgv1,derecha,normal,acercar,17.44,-25.84,2373.2,bajando,1
488,220932,mgv1,derecha,normal,acercar,16.18,-25.16,13.6,bajando,1
489,220986,mgv1,derecha,normal,acercar,15.56,-12.58,251.6,bajando,1
490,221040,mgv1,derecha,normal,acercar,13.5,-41.14,-571.2,bajando,1
491,221094,mgv1,derecha,normal,acercar,16.18,53.72,1897.2,subiendo,1
492,221148,mgv1,derecha,normal,acercar,13.85,-46.58,-2006,bajando,1
493,221202,mgv1,derecha,normal,acercar,11.48,-47.6,-20.4,bajando,1
494,221255,mgv1,derecha,normal,acercar,10.47,-20.06,550.8,bajando,1
495,221308,mgv1,derecha,normal,acercar,10.8,6.46,530.4,subiendo,1
496,221361,mgv1,derecha,normal,acercar,9.44,-27.2,-673.2,bajando,1
497,221414,mgv1,derecha,normal,acercar,-1,0,544,estable,0
498,221494,mgv1,derecha,normal,acercar,-1,0,0,estable,0
499,221574,mgv1,derecha,normal,acercar,-1,0,0,estable,0
500,223465,mgv1,derecha,normal,acercar,214.95,0,0,estable,1
501,223530,mgv1,derecha,normal,acercar,214.95,0,0,estable,1
502,223595,mgv1,derecha,normal,acercar,214.95,0,0,estable,1
503,223660,mgv1,derecha,normal,acercar,214.93,-0.34,-6.8,estable,1
504,223725,mgv1,derecha,normal,acercar,214.95,0.34,13.6,estable,1
505,223790,mgv1,derecha,normal,acercar,215.02,1.36,20.4,estable,1
506,223855,mgv1,derecha,normal,acercar,214.56,-9.18,-210.8,bajando,1
507,223920,mgv1,derecha,normal,acercar,205.29,-185.3,-3522.4,bajando,1
508,223985,mgv1,derecha,normal,acercar,204.44,-17,3366,bajando,1
509,224050,mgv1,derecha,normal,acercar,205.31,17.34,686.8,subiendo,1
510,224115,mgv1,derecha,normal,acercar,214.56,184.96,3352.4,subiendo,1
511,224180,mgv1,derecha,normal,acercar,214.59,0.68,-3685.6,estable,1
512,224245,mgv1,derecha,normal,acercar,205.72,-177.48,-3563.2,bajando,1
513,224310,mgv1,derecha,normal,acercar,75.02,-2613.92,-48728.79,bajando,1
514,224367,mgv1,derecha,normal,acercar,70.4,-92.48,50428.79,bajando,1
515,224424,mgv1,derecha,normal,acercar,68.46,-38.76,1074.4,bajando,1
516,224481,mgv1,derecha,normal,acercar,65.79,-53.38,-292.4,bajando,1
517,224538,mgv1,derecha,normal,acercar,63,-55.76,-47.6,bajando,1
518,224594,mgv1,derecha,normal,acercar,62.87,-2.72,1060.8,bajando,1
519,224650,mgv1,derecha,normal,acercar,61.32,-30.94,-564.4,bajando,1
520,224706,mgv1,derecha,normal,acercar,55.56,-115.26,-1686.4,bajando,1
521,224762,mgv1,derecha,normal,acercar,54.04,-30.26,1700,bajando,1
522,224818,mgv1,derecha,normal,acercar,49.98,-81.26,-1020,bajando,1
523,224874,mgv1,derecha,normal,acercar,49.3,-13.6,1353.2,bajando,1
524,224930,mgv1,derecha,normal,acercar,204.83,3110.66,62485.2,subiendo,1
525,224995,mgv1,derecha,normal,acercar,-1,0,-62213.2,estable,0
526,225075,mgv1,derecha,normal,acercar,37.15,-3353.76,-67075.2,bajando,1
527,225130,mgv1,derecha,normal,acercar,36.01,-22.78,66619.59,bajando,1
528,225185,mgv1,derecha,normal,acercar,31.42,-91.8,-1380.4,bajando,1
529,225240,mgv1,derecha,normal,acercar,29.09,-46.58,904.4,bajando,1
530,225294,mgv1,derecha,normal,acercar,28.83,-5.1,829.6,bajando,1
531,225348,mgv1,derecha,normal,acercar,27.4,-28.56,-469.2,bajando,1
532,225402,mgv1,derecha,normal,acercar,23.66,-74.8,-924.8,bajando,1
533,225456,mgv1,derecha,normal,acercar,21.91,-35.02,795.6,bajando,1
534,225510,mgv1,derecha,normal,acercar,20.64,-25.5,190.4,bajando,1
535,225564,mgv1,derecha,normal,acercar,19.99,-12.92,251.6,bajando,1
536,225618,mgv1,derecha,normal,acercar,17.14,-57.12,-884,bajando,1
537,225672,mgv1,derecha,normal,acercar,16.18,-19.04,761.6,bajando,1
538,225726,mgv1,derecha,normal,acercar,15.2,-19.72,-13.6,bajando,1
539,225780,mgv1,derecha,normal,acercar,14.86,-6.8,258.4,bajando,1
540,225834,mgv1,derecha,normal,acercar,12.49,-47.26,-809.2,bajando,1
541,225887,mgv1,derecha,normal,acercar,11.48,-20.4,537.2,bajando,1
542,225940,mgv1,derecha,normal,acercar,11.48,0,408,estable,1
543,225993,mgv1,derecha,normal,acercar,10.11,-27.2,-544,bajando,1
544,226046,mgv1,derecha,normal,acercar,9.1,-20.4,136,bajando,1
545,226099,mgv1,derecha,normal,acercar,9.1,0,408,estable,1
546,226152,mgv1,derecha,normal,acercar,7.77,-26.52,-530.4,bajando,1
547,226205,mgv1,derecha,normal,acercar,9.1,26.52,1060.8,subiendo,1
548,226258,mgv1,derecha,normal,acercar,7.45,-32.98,-1190,bajando,1
549,226311,mgv1,derecha,normal,acercar,8.77,26.52,1190,subiendo,1
550,227607,mgv1,derecha,normal,acercar,214.95,0,0,estable,1
551,227673,mgv1,derecha,normal,acercar,204.83,-202.3,-4046,bajando,1
552,227738,mgv1,derecha,normal,acercar,214.91,201.62,8078.41,subiendo,1
553,227803,mgv1,derecha,normal,acercar,214.98,1.36,-4005.21,estable,1
554,227868,mgv1,derecha,normal,acercar,205.29,-193.8,-3903.19,bajando,1
555,227933,mgv1,derecha,normal,acercar,204.39,-18.02,3515.59,bajando,1
556,227998,mgv1,derecha,normal,acercar,214.98,211.82,4596.8,subiendo,1
557,228063,mgv1,derecha,normal,acercar,204.83,-202.98,-8296,bajando,1
558,228128,mgv1,derecha,normal,acercar,215.34,210.12,8262.01,subiendo,1
559,228193,mgv1,derecha,normal,acercar,215.37,0.68,-4188.81,estable,1
560,228258,mgv1,derecha,normal,acercar,204.83,-210.8,-4229.6,bajando,1
561,228323,mgv1,derecha,normal,acercar,216.29,229.16,8799.21,subiendo,1
562,228388,mgv1,derecha,normal,acercar,-1,0,-4583.2,estable,0
563,228468,mgv1,derecha,normal,acercar,72.13,-2883.2,-57664,bajando,1
564,228525,mgv1,derecha,normal,acercar,65.21,-138.38,54896.41,bajando,1
565,228582,mgv1,derecha,normal,acercar,63.82,-27.88,2210,bajando,1
566,228638,mgv1,derecha,normal,acercar,61.57,-44.88,-340,bajando,1
567,228694,mgv1,derecha,normal,acercar,59.06,-50.32,-108.8,bajando,1
568,228750,mgv1,derecha,normal,acercar,57.24,-36.38,278.8,bajando,1
569,228806,mgv1,derecha,normal,acercar,55.98,-25.16,224.4,bajando,1
570,228862,mgv1,derecha,normal,acercar,52,-79.56,-1088,bajando,1
571,228918,mgv1,derecha,normal,acercar,49.62,-47.6,639.2,bajando,1
572,228974,mgv1,derecha,normal,acercar,55.88,125.12,3454.4,subiendo,1
573,229030,mgv1,derecha,normal,acercar,-1,0,-2502.4,estable,0
574,229110,mgv1,derecha,normal,acercar,-1,0,0,estable,0
575,229190,mgv1,derecha,normal,acercar,35.77,-402.22,-8044.4,bajando,1
576,229245,mgv1,derecha,normal,acercar,33.74,-40.46,7235.2,bajando,1
577,229300,mgv1,derecha,normal,acercar,32.2,-30.94,190.4,bajando,1
578,229355,mgv1,derecha,normal,acercar,32.47,5.44,727.6,subiendo,1
579,229410,mgv1,derecha,normal,acercar,29.09,-67.66,-1462,bajando,1
580,229464,mgv1,derecha,normal,acercar,26.84,-44.88,455.6,bajando,1
581,229518,mgv1,derecha,normal,acercar,29.36,50.32,1904,subiendo,1
582,229572,mgv1,derecha,normal,acercar,22.8,-131.24,-3631.2,bajando,1
583,229626,mgv1,derecha,normal,acercar,21.91,-17.68,2271.2,bajando,1
584,229680,mgv1,derecha,normal,acercar,19.04,-57.46,-795.6,bajando,1
585,229734,mgv1,derecha,normal,acercar,17.14,-38.08,387.6,bajando,1
586,229788,mgv1,derecha,normal,acercar,16.18,-19.04,380.8,bajando,1
587,229842,mgv1,derecha,normal,acercar,15.86,-6.46,251.6,bajando,1
588,229896,mgv1,derecha,normal,acercar,15.2,-13.26,-136,bajando,1
589,229950,mgv1,derecha,normal,acercar,14.53,-13.26,0,bajando,1
590,230004,mgv1,derecha,normal,acercar,13.84,-13.94,-13.6,bajando,1
591,230058,mgv1,derecha,normal,acercar,16.18,46.92,1217.2,subiendo,1
592,230112,mgv1,derecha,normal,acercar,11.14,-100.98,-2958,bajando,1
593,230165,mgv1,derecha,normal,acercar,10.47,-13.26,1754.4,bajando,1
594,230218,mgv1,derecha,normal,acercar,9.45,-20.4,-142.8,bajando,1
595,230271,mgv1,derecha,normal,acercar,9.1,-7.14,265.2,bajando,1
596,230324,mgv1,derecha,normal,acercar,10.47,27.54,693.6,subiendo,1
597,230377,mgv1,derecha,normal,acercar,9.11,-27.2,-1094.8,bajando,1
598,230430,mgv1,derecha,normal,acercar,8.77,-6.8,408,bajando,1
599,230483,mgv1,derecha,normal,acercar,9.79,20.4,544,subiendo,1
600,231905,mgv1,derecha,normal,acercar,204.87,0,0,estable,1
601,231970,mgv1,derecha,normal,acercar,205.31,8.84,176.8,subiendo,1
602,232035,mgv1,derecha,normal,acercar,204.87,-8.84,-353.6,bajando,1
603,232100,mgv1,derecha,normal,acercar,204.02,-17,-163.2,bajando,1
604,232165,mgv1,derecha,normal,acercar,204.44,8.5,510,subiendo,1
605,232230,mgv1,derecha,normal,acercar,204.05,-7.82,-326.4,bajando,1
606,232295,mgv1,derecha,normal,acercar,204.93,17.68,510,subiendo,1
607,232360,mgv1,derecha,normal,acercar,204.92,-0.34,-360.4,estable,1
608,232425,mgv1,derecha,normal,acercar,204.46,-9.18,-176.8,bajando,1
609,232490,mgv1,derecha,normal,acercar,204.49,0.68,197.2,estable,1
610,232555,mgv1,derecha,normal,acercar,205.31,16.32,312.81,subiendo,1
611,232620,mgv1,derecha,normal,acercar,215,193.8,3549.59,subiendo,1
612,232685,mgv1,derecha,normal,acercar,204.46,-210.8,-8091.99,bajando,1
613,232750,mgv1,derecha,normal,acercar,204.9,8.84,4392.8,subiendo,1
614,232815,mgv1,derecha,normal,acercar,69.21,-2713.88,-54454.4,bajando,1
615,232872,mgv1,derecha,normal,acercar,63.67,-110.84,52060.8,bajando,1
616,232928,mgv1,derecha,normal,acercar,61.86,-36.04,1496,bajando,1
617,232984,mgv1,derecha,normal,acercar,59.35,-50.32,-285.6,bajando,1
618,233040,mgv1,derecha,normal,acercar,56,-66.98,-333.2,bajando,1
619,233096,mgv1,derecha,normal,acercar,53.19,-56.1,217.6,bajando,1
620,233152,mgv1,derecha,normal,acercar,51.49,-34,442,bajando,1
621,233208,mgv1,derecha,normal,acercar,47.36,-82.62,-972.4,bajando,1
622,233264,mgv1,derecha,normal,acercar,43.57,-75.82,136,bajando,1
623,233319,mgv1,derecha,normal,acercar,40.82,-55.08,414.8,bajando,1
624,233374,mgv1,derecha,normal,acercar,37.83,-59.84,-95.2,bajando,1
625,233429,mgv1,derecha,normal,acercar,37.15,-13.6,924.8,bajando,1
626,233484,mgv1,derecha,normal,acercar,34.26,-57.8,-884,bajando,1
627,233539,mgv1,derecha,normal,acercar,-1,0,1156,estable,0
628,233619,mgv1,derecha,normal,acercar,-1,0,0,estable,0
629,233699,mgv1,derecha,normal,acercar,23.95,-206.04,-4120.8,bajando,1
630,233753,mgv1,derecha,normal,acercar,22.51,-28.9,3542.8,bajando,1
631,233807,mgv1,derecha,normal,acercar,19.69,-56.44,-550.8,bajando,1
632,233861,mgv1,derecha,normal,acercar,19.04,-12.92,870.4,bajando,1
633,233915,mgv1,derecha,normal,acercar,16.18,-57.12,-884,bajando,1
634,233969,mgv1,derecha,normal,acercar,15.56,-12.58,890.8,bajando,1
635,234023,mgv1,derecha,normal,acercar,16.83,25.5,761.6,subiendo,1
636,234077,mgv1,derecha,normal,acercar,15.56,-25.5,-1020,bajando,1
637,234131,mgv1,derecha,normal,acercar,15.86,6.12,632.4,subiendo,1
638,234185,mgv1,derecha,normal,acercar,11.81,-80.92,-1740.8,bajando,1
639,234238,mgv1,derecha,normal,acercar,13.18,27.2,2162.4,subiendo,1
640,234291,mgv1,derecha,normal,acercar,9.1,-81.6,-2176,bajando,1
641,234344,mgv1,derecha,normal,acercar,8.77,-6.46,1502.8,bajando,1
642,234397,mgv1,derecha,normal,acercar,8.41,-7.14,-13.6,bajando,1
643,234450,mgv1,derecha,normal,acercar,8.41,0,142.8,estable,1
644,234503,mgv1,derecha,normal,acercar,9.45,20.74,414.8,subiendo,1
645,234556,mgv1,derecha,normal,acercar,9.79,6.8,-278.8,subiendo,1
646,234609,mgv1,derecha,normal,acercar,10.11,6.46,-6.8,subiendo,1
647,234662,mgv1,derecha,normal,acercar,8.77,-26.86,-666.4,bajando,1
648,234715,mgv1,derecha,normal,acercar,8.77,0,537.2,estable,1
649,234768,mgv1,derecha,normal,acercar,7.77,-20.06,-401.2,bajando,1
650,236091,mgv1,derecha,normal,acercar,204.53,0,0,estable,1
651,236156,mgv1,derecha,normal,acercar,204.53,0,0,estable,1
652,236221,mgv1,derecha,normal,acercar,82.14,-2447.66,-48953.2,bajando,1
653,236279,mgv1,derecha,normal,acercar,205.77,2472.48,98402.8,subiendo,1
654,236344,mgv1,derecha,normal,acercar,205.36,-8.16,-49612.81,bajando,1
655,236409,mgv1,derecha,normal,acercar,214.64,185.64,3876,subiendo,1
656,236474,mgv1,derecha,normal,acercar,205.79,-177.14,-7255.6,bajando,1
657,236539,mgv1,derecha,normal,acercar,204.51,-25.5,3032.79,bajando,1
658,236604,mgv1,derecha,normal,acercar,204.92,8.16,673.21,subiendo,1
659,236669,mgv1,derecha,normal,acercar,205.38,9.18,20.4,subiendo,1
660,236734,mgv1,derecha,normal,acercar,204.95,-8.5,-353.6,bajando,1
661,236799,mgv1,derecha,normal,acercar,205.79,16.66,503.2,subiendo,1
662,236864,mgv1,derecha,normal,acercar,215.03,184.96,3366,subiendo,1
663,236929,mgv1,derecha,normal,acercar,204.49,-210.8,-7915.2,bajando,1
664,236994,mgv1,derecha,normal,acercar,84.46,-2400.74,-43798.8,bajando,1
665,237052,mgv1,derecha,normal,acercar,81.97,-49.64,47022,bajando,1
666,237110,mgv1,derecha,normal,acercar,79.64,-46.58,61.2,bajando,1
667,237167,mgv1,derecha,normal,acercar,77.52,-42.5,81.6,bajando,1
668,237224,mgv1,derecha,normal,acercar,75.65,-37.4,102,bajando,1
669,237281,mgv1,derecha,normal,acercar,72.45,-63.92,-530.4,bajando,1
670,237338,mgv1,derecha,normal,acercar,71.11,-26.86,741.2,bajando,1
671,237395,mgv1,derecha,normal,acercar,69.85,-25.16,34,bajando,1
672,237452,mgv1,derecha,normal,acercar,204.53,2693.48,54372.8,subiendo,1
673,237517,mgv1,derecha,normal,acercar,60.91,-2872.32,-111316,bajando,1
674,237573,mgv1,derecha,normal,acercar,58.38,-50.66,56433.2,bajando,1
675,237629,mgv1,derecha,normal,acercar,56.85,-30.6,401.2,bajando,1
676,237685,mgv1,derecha,normal,acercar,54.55,-45.9,-306,bajando,1
677,237741,mgv1,derecha,normal,acercar,52.68,-37.4,170,bajando,1
678,237797,mgv1,derecha,normal,acercar,50.49,-43.86,-129.2,bajando,1
679,237853,mgv1,derecha,normal,acercar,47.96,-50.66,-136,bajando,1
680,237909,mgv1,derecha,normal,acercar,47.17,-15.64,700.4,bajando,1
681,237964,mgv1,derecha,normal,acercar,44.78,-47.94,-646,bajando,1
682,238019,mgv1,derecha,normal,acercar,41.02,-75.14,-544,bajando,1
683,238074,mgv1,derecha,normal,acercar,39.2,-36.38,775.2,bajando,1
684,238129,mgv1,derecha,normal,acercar,35.78,-68.34,-639.2,bajando,1
685,238184,mgv1,derecha,normal,acercar,204.92,3382.66,69020,subiendo,1
686,238249,mgv1,derecha,normal,acercar,36.23,-3373.82,-135129.59,bajando,1
687,238304,mgv1,derecha,normal,acercar,31.93,-86.02,65756,bajando,1
688,238359,mgv1,derecha,normal,acercar,29.87,-41.14,897.6,bajando,1
689,238413,mgv1,derecha,normal,acercar,26.84,-60.52,-387.6,bajando,1
690,238467,mgv1,derecha,normal,acercar,27.11,5.44,1319.2,subiendo,1
691,238521,mgv1,derecha,normal,acercar,21.57,-110.84,-2325.6,bajando,1
692,238575,mgv1,derecha,normal,acercar,20.64,-18.7,1842.8,bajando,1
693,238629,mgv1,derecha,normal,acercar,17.46,-63.58,-897.6,bajando,1
694,238683,mgv1,derecha,normal,acercar,16.51,-19.04,890.8,bajando,1
695,238737,mgv1,derecha,normal,acercar,14.86,-32.98,-278.8,bajando,1
696,238791,mgv1,derecha,normal,acercar,13.85,-20.06,258.4,bajando,1
697,238845,mgv1,derecha,normal,acercar,12.49,-27.2,-142.8,bajando,1
698,238898,mgv1,derecha,normal,acercar,11.81,-13.6,272,bajando,1
699,238951,mgv1,derecha,normal,acercar,11.81,0,272,estable,1
700,239980,mgv1,derecha,rapida,acercar,204.51,0,0,estable,1
701,240045,mgv1,derecha,rapida,acercar,204.9,7.82,156.4,subiendo,1
702,240110,mgv1,derecha,rapida,acercar,204.53,-7.48,-306.01,bajando,1
703,240175,mgv1,derecha,rapida,acercar,204.53,0,149.6,estable,1
704,240240,mgv1,derecha,rapida,acercar,204.51,-0.34,-6.8,estable,1
705,240305,mgv1,derecha,rapida,acercar,204.07,-8.84,-170,bajando,1
706,240370,mgv1,derecha,rapida,acercar,204.49,8.5,346.8,subiendo,1
707,240435,mgv1,derecha,rapida,acercar,205.36,17.34,176.8,subiendo,1
708,240500,mgv1,derecha,rapida,acercar,215.39,200.6,3665.2,subiendo,1
709,240565,mgv1,derecha,rapida,acercar,204.44,-218.96,-8391.2,bajando,1
710,240630,mgv1,derecha,rapida,acercar,204.88,8.84,4556,subiendo,1
711,240695,mgv1,derecha,rapida,acercar,204.07,-16.32,-503.2,bajando,1
712,240760,mgv1,derecha,rapida,acercar,204.05,-0.34,319.6,estable,1
713,240825,mgv1,derecha,rapida,acercar,204.07,0.34,13.6,estable,1
714,240890,mgv1,derecha,rapida,acercar,59.92,-2882.86,-57663.99,bajando,1
715,240946,mgv1,derecha,rapida,acercar,57.29,-52.7,56603.2,bajando,1
716,241002,mgv1,derecha,rapida,acercar,54.72,-51.34,27.2,bajando,1
717,241058,mgv1,derecha,rapida,acercar,204.44,2994.38,60914.4,subiendo,1
718,241123,mgv1,derecha,rapida,acercar,205.31,17.34,-59540.8,subiendo,1
719,241188,mgv1,derecha,rapida,acercar,204.87,-8.84,-523.6,bajando,1
720,241253,mgv1,derecha,rapida,acercar,205.33,9.18,360.4,subiendo,1
721,241318,mgv1,derecha,rapida,acercar,41.96,-3267.4,-65531.6,bajando,1
722,241373,mgv1,derecha,rapida,acercar,39.44,-50.32,64341.6,bajando,1
723,241428,mgv1,derecha,rapida,acercar,37.38,-41.14,183.6,bajando,1
724,241483,mgv1,derecha,rapida,acercar,34,-67.66,-530.4,bajando,1
725,241538,mgv1,derecha,rapida,acercar,31.16,-56.78,217.6,bajando,1
726,241593,mgv1,derecha,rapida,acercar,29.6,-31.28,510,bajando,1
727,241647,mgv1,derecha,rapida,acercar,28.25,-26.86,88.4,bajando,1
728,241701,mgv1,derecha,rapida,acercar,22.2,-121.04,-1883.6,bajando,1
729,241755,mgv1,derecha,rapida,acercar,21.57,-12.58,2169.2,bajando,1
730,241809,mgv1,derecha,rapida,acercar,18.73,-56.78,-884,bajando,1
731,241863,mgv1,derecha,rapida,acercar,16.83,-38.08,374,bajando,1
732,241917,mgv1,derecha,rapida,acercar,16.81,-0.34,754.8,estable,1
733,241971,mgv1,derecha,rapida,acercar,16.83,0.34,13.6,estable,1
734,242025,mgv1,derecha,rapida,acercar,15.2,-32.64,-659.6,bajando,1
735,242079,mgv1,derecha,rapida,acercar,14.19,-20.06,251.6,bajando,1
736,242133,mgv1,derecha,rapida,acercar,12.49,-34,-278.8,bajando,1
737,242186,mgv1,derecha,rapida,acercar,10.47,-40.46,-129.2,bajando,1
738,242239,mgv1,derecha,rapida,acercar,8.41,-41.14,-13.6,bajando,1
739,242292,mgv1,derecha,rapida,acercar,8.41,0,822.8,estable,1
740,242345,mgv1,derecha,rapida,acercar,8.09,-6.46,-129.2,bajando,1
741,242398,mgv1,derecha,rapida,acercar,9.1,20.06,530.4,subiendo,1
742,242451,mgv1,derecha,rapida,acercar,7.77,-26.52,-931.6,bajando,1
743,242504,mgv1,derecha,rapida,acercar,8.09,6.46,659.6,subiendo,1
744,242557,mgv1,derecha,rapida,acercar,8.09,0,-129.2,estable,1
745,242610,mgv1,derecha,rapida,acercar,7.45,-12.92,-258.4,bajando,1
746,242663,mgv1,derecha,rapida,acercar,6.48,-19.38,-129.2,bajando,1
747,242716,mgv1,derecha,rapida,acercar,8.09,32.3,1033.6,subiendo,1
748,242769,mgv1,derecha,rapida,acercar,10.45,47.26,299.2,subiendo,1
749,242822,mgv1,derecha,rapida,acercar,204.9,3888.92,76833.2,subiendo,1
750,244147,mgv1,derecha,rapida,acercar,204.51,0,0,estable,1
751,244212,mgv1,derecha,rapida,acercar,204.48,-0.68,-13.6,estable,1
752,244277,mgv1,derecha,rapida,acercar,204.49,0.34,20.4,estable,1
753,244342,mgv1,derecha,rapida,acercar,204.49,0,-6.8,estable,1
754,244407,mgv1,derecha,rapida,acercar,204.46,-0.68,-13.6,estable,1
755,244472,mgv1,derecha,rapida,acercar,204.07,-7.82,-142.8,bajando,1
756,244537,mgv1,derecha,rapida,acercar,204.05,-0.34,149.6,estable,1
757,244602,mgv1,derecha,rapida,acercar,204.07,0.34,13.6,estable,1
758,244667,mgv1,derecha,rapida,acercar,204.46,7.82,149.6,subiendo,1
759,244732,mgv1,derecha,rapida,acercar,204.03,-8.5,-326.4,bajando,1
760,244797,mgv1,derecha,rapida,acercar,76.11,-2558.5,-51000,bajando,1
761,244854,mgv1,derecha,rapida,acercar,72.45,-73.1,49708,bajando,1
762,244911,mgv1,derecha,rapida,acercar,69.79,-53.38,394.4,bajando,1
763,244968,mgv1,derecha,rapida,acercar,63.7,-121.72,-1366.8,bajando,1
764,245024,mgv1,derecha,rapida,acercar,62.58,-22.44,1985.6,bajando,1
765,245080,mgv1,derecha,rapida,acercar,60.08,-49.98,-550.8,bajando,1
766,245136,mgv1,derecha,rapida,acercar,58.41,-33.32,333.2,bajando,1
767,245192,mgv1,derecha,rapida,acercar,56.73,-33.66,-6.8,bajando,1
768,245248,mgv1,derecha,rapida,acercar,55.88,-17,333.2,bajando,1
769,245304,mgv1,derecha,rapida,acercar,204.9,2980.44,59948.8,subiendo,1
770,245369,mgv1,derecha,rapida,acercar,53.23,-3033.48,-120278.4,bajando,1
771,245425,mgv1,derecha,rapida,acercar,50.83,-47.94,59710.8,bajando,1
772,245481,mgv1,derecha,rapida,acercar,52.87,40.8,1774.8,subiendo,1
773,245537,mgv1,derecha,rapida,acercar,48.98,-77.86,-2373.2,bajando,1
774,245593,mgv1,derecha,rapida,acercar,46.78,-43.86,680,bajando,1
775,245648,mgv1,derecha,rapida,acercar,43.59,-63.92,-401.2,bajando,1
776,245703,mgv1,derecha,rapida,acercar,41.97,-32.3,632.4,bajando,1
777,245758,mgv1,derecha,rapida,acercar,40.6,-27.54,95.2,bajando,1
778,245813,mgv1,derecha,rapida,acercar,37.16,-68.68,-822.8,bajando,1
779,245868,mgv1,derecha,rapida,acercar,35.78,-27.54,822.8,bajando,1
780,245923,mgv1,derecha,rapida,acercar,35.78,0,550.8,estable,1
781,245978,mgv1,derecha,rapida,acercar,33.24,-51,-1020,bajando,1
782,246033,mgv1,derecha,rapida,acercar,29.36,-77.52,-530.4,bajando,1
783,246087,mgv1,derecha,rapida,acercar,29.36,0,1550.4,estable,1
784,246141,mgv1,derecha,rapida,acercar,28.85,-10.2,-204,bajando,1
785,246195,mgv1,derecha,rapida,acercar,44.59,314.84,6500.8,subiendo,1
786,246250,mgv1,derecha,rapida,acercar,23.09,-430.1,-14898.8,bajando,1
787,246304,mgv1,derecha,rapida,acercar,22.22,-17.34,8255.2,bajando,1
788,246358,mgv1,derecha,rapida,acercar,20.96,-25.16,-156.4,bajando,1
789,246412,mgv1,derecha,rapida,acercar,19.69,-25.5,-6.8,bajando,1
790,246466,mgv1,derecha,rapida,acercar,20.64,19.04,890.8,subiendo,1
791,246520,mgv1,derecha,rapida,acercar,18.73,-38.08,-1142.4,bajando,1
792,246574,mgv1,derecha,rapida,acercar,16.51,-44.54,-129.2,bajando,1
793,246628,mgv1,derecha,rapida,acercar,15.56,-19.04,510,bajando,1
794,246682,mgv1,derecha,rapida,acercar,17.44,37.74,1135.6,subiendo,1
795,246736,mgv1,derecha,rapida,acercar,15.56,-37.74,-1509.6,bajando,1
796,246790,mgv1,derecha,rapida,acercar,13.52,-40.8,-61.2,bajando,1
797,246844,mgv1,derecha,rapida,acercar,12.15,-27.2,272,bajando,1
798,246897,mgv1,derecha,rapida,acercar,11.48,-13.6,272,bajando,1
799,246950,mgv1,derecha,rapida,acercar,10.45,-20.4,-136,bajando,1
800,248129,mgv1,derecha,rapida,acercar,58.8,0,0,estable,1
801,248185,mgv1,derecha,rapida,acercar,59.92,22.44,448.8,subiendo,1
802,248241,mgv1,derecha,rapida,acercar,215.03,3102.16,61594.41,subiendo,1
803,248306,mgv1,derecha,rapida,acercar,205.38,-193.12,-65905.61,bajando,1
804,248371,mgv1,derecha,rapida,acercar,204.54,-16.66,3529.21,bajando,1
805,248436,mgv1,derecha,rapida,acercar,205.02,9.52,523.6,subiendo,1
806,248501,mgv1,derecha,rapida,acercar,205.82,15.98,129.2,subiendo,1
807,248566,mgv1,derecha,rapida,acercar,205,-16.32,-646,bajando,1
808,248631,mgv1,derecha,rapida,acercar,204.97,-0.68,312.79,estable,1
809,248696,mgv1,derecha,rapida,acercar,215.13,203.32,4080,subiendo,1
810,248761,mgv1,derecha,rapida,acercar,215.49,7.14,-3923.6,subiendo,1
811,248826,mgv1,derecha,rapida,acercar,204.53,-219.3,-4528.81,bajando,1
812,248891,mgv1,derecha,rapida,acercar,215.49,219.3,8772.01,subiendo,1
813,248956,mgv1,derecha,rapida,acercar,205,-209.78,-8581.6,bajando,1
814,249021,mgv1,derecha,rapida,acercar,205.84,16.66,4528.8,subiendo,1
815,249086,mgv1,derecha,rapida,acercar,66.79,-2780.86,-55950.39,bajando,1
816,249143,mgv1,derecha,rapida,acercar,59.92,-137.36,52870,bajando,1
817,249199,mgv1,derecha,rapida,acercar,58.26,-33.32,2080.8,bajando,1
818,249255,mgv1,derecha,rapida,acercar,55.4,-57.12,-476,bajando,1
819,249311,mgv1,derecha,rapida,acercar,53.04,-47.26,197.2,bajando,1
820,249367,mgv1,derecha,rapida,acercar,52.55,-9.86,748,bajando,1
821,249423,mgv1,derecha,rapida,acercar,51.51,-20.74,-217.6,bajando,1
822,249479,mgv1,derecha,rapida,acercar,52,9.86,612,subiendo,1
823,249535,mgv1,derecha,rapida,acercar,49.13,-57.46,-1346.4,bajando,1
824,249591,mgv1,derecha,rapida,acercar,47.57,-31.28,523.6,bajando,1
825,249647,mgv1,derecha,rapida,acercar,46.39,-23.46,156.4,bajando,1
826,249702,mgv1,derecha,rapida,acercar,45.99,-8.16,306,bajando,1
827,249757,mgv1,derecha,rapida,acercar,204.93,3179,63743.2,subiendo,1
828,249822,mgv1,derecha,rapida,acercar,205.82,17.68,-63226.4,subiendo,1
829,249887,mgv1,derecha,rapida,acercar,38.98,-3336.76,-67088.8,bajando,1
830,249942,mgv1,derecha,rapida,acercar,37.6,-27.54,66184.4,bajando,1
831,249997,mgv1,derecha,rapida,acercar,216.84,3584.62,72243.2,subiendo,1
832,250062,mgv1,derecha,rapida,acercar,217.24,8.16,-71529.21,subiendo,1
833,250127,mgv1,derecha,rapida,acercar,29.61,-3752.58,-75214.8,bajando,1
834,250181,mgv1,derecha,rapida,acercar,29.09,-10.54,74840.8,bajando,1
835,250235,mgv1,derecha,rapida,acercar,28.83,-5.1,108.8,bajando,1
836,250289,mgv1,derecha,rapida,acercar,24.51,-86.36,-1625.2,bajando,1
837,250343,mgv1,derecha,rapida,acercar,24.51,0,1727.2,estable,1
838,250397,mgv1,derecha,rapida,acercar,21.57,-58.82,-1176.4,bajando,1
839,250451,mgv1,derecha,rapida,acercar,19.67,-38.08,414.8,bajando,1
840,250505,mgv1,derecha,rapida,acercar,18.41,-25.16,258.4,bajando,1
841,250559,mgv1,derecha,rapida,acercar,17.14,-25.5,-6.8,bajando,1
842,250613,mgv1,derecha,rapida,acercar,16.51,-12.58,258.4,bajando,1
843,250667,mgv1,derecha,rapida,acercar,17.14,12.58,503.2,subiendo,1
844,250721,mgv1,derecha,rapida,acercar,116.38,1984.92,39446.8,subiendo,1
845,250781,mgv1,derecha,rapida,acercar,16.83,-1991.04,-79519.2,bajando,1
846,250835,mgv1,derecha,rapida,acercar,12.49,-86.7,38086.8,bajando,1
847,250888,mgv1,derecha,rapida,acercar,11.81,-13.6,1462,bajando,1
848,250941,mgv1,derecha,rapida,acercar,11.14,-13.6,0,bajando,1
849,250994,mgv1,derecha,rapida,acercar,9.44,-34,-408,bajando,1
850,252268,mgv1,derecha,rapida,acercar,216.97,0,0,estable,1
851,252334,mgv1,derecha,rapida,acercar,217.33,7.14,142.8,subiendo,1
852,252399,mgv1,derecha,rapida,acercar,217.38,1.02,-122.41,estable,1
853,252464,mgv1,derecha,rapida,acercar,216.97,-8.16,-183.6,bajando,1
854,252529,mgv1,derecha,rapida,acercar,217.79,16.32,489.61,subiendo,1
855,252595,mgv1,derecha,rapida,acercar,-1,0,-326.4,estable,0
856,252675,mgv1,derecha,rapida,acercar,-1,0,0,estable,0
857,252755,mgv1,derecha,rapida,acercar,-1,0,0,estable,0
858,252835,mgv1,derecha,rapida,acercar,218.64,17,340,subiendo,1
859,252901,mgv1,derecha,rapida,acercar,217.74,-18.02,-700.4,bajando,1
860,252967,mgv1,derecha,rapida,acercar,79.64,-2761.82,-54876,bajando,1
861,253024,mgv1,derecha,rapida,acercar,75.9,-74.8,53740.4,bajando,1
862,253081,mgv1,derecha,rapida,acercar,-1,0,1496,estable,0
863,253161,mgv1,derecha,rapida,acercar,69.51,-127.84,-2556.8,bajando,1
864,253218,mgv1,derecha,rapida,acercar,64.26,-105.06,455.6,bajando,1
865,253274,mgv1,derecha,rapida,acercar,63.29,-19.38,1713.6,bajando,1
866,253330,mgv1,derecha,rapida,acercar,60.62,-53.38,-680,bajando,1
867,253386,mgv1,derecha,rapida,acercar,58.96,-33.32,401.2,bajando,1
868,253442,mgv1,derecha,rapida,acercar,56.61,-46.92,-272,bajando,1
869,253498,mgv1,derecha,rapida,acercar,56.15,-9.18,754.8,bajando,1
870,253554,mgv1,derecha,rapida,acercar,52.85,-65.96,-1135.6,bajando,1
871,253610,mgv1,derecha,rapida,acercar,51.51,-26.86,782,bajando,1
872,253666,mgv1,derecha,rapida,acercar,51.34,-3.4,469.2,bajando,1
873,253722,mgv1,derecha,rapida,acercar,44.59,-134.98,-2631.6,bajando,1
874,253777,mgv1,derecha,rapida,acercar,44.98,7.82,2856,subiendo,1
875,253832,mgv1,derecha,rapida,acercar,39.42,-111.18,-2380,bajando,1
876,253887,mgv1,derecha,rapida,acercar,37.83,-31.96,1584.4,bajando,1
877,253942,mgv1,derecha,rapida,acercar,35.77,-41.14,-183.6,bajando,1
878,253997,mgv1,derecha,rapida,acercar,32.45,-66.3,-503.2,bajando,1
879,254052,mgv1,derecha,rapida,acercar,29.61,-56.78,190.4,bajando,1
880,254106,mgv1,derecha,rapida,acercar,29.09,-10.54,924.8,bajando,1
881,254160,mgv1,derecha,rapida,acercar,217.77,3773.66,75684,subiendo,1
882,254226,mgv1,derecha,rapida,acercar,24.8,-3859.34,-152660,bajando,1
883,254280,mgv1,derecha,rapida,acercar,24.8,0,77186.8,estable,1
884,254334,mgv1,derecha,rapida,acercar,21.27,-70.72,-1414.4,bajando,1
885,254388,mgv1,derecha,rapida,acercar,18.41,-57.12,272,bajando,1
886,254442,mgv1,derecha,rapida,acercar,15.86,-51,122.4,bajando,1
887,254496,mgv1,derecha,rapida,acercar,16.83,19.38,1407.6,subiendo,1
888,254550,mgv1,derecha,rapida,acercar,16.51,-6.46,-516.8,bajando,1
889,254604,mgv1,derecha,rapida,acercar,10.8,-114.24,-2155.6,bajando,1
890,254657,mgv1,derecha,rapida,acercar,10.8,0,2284.8,estable,1
891,254710,mgv1,derecha,rapida,acercar,12.15,27.2,544,subiendo,1
892,254763,mgv1,derecha,rapida,acercar,9.11,-60.86,-1761.2,bajando,1
893,254816,mgv1,derecha,rapida,acercar,9.1,-0.34,1210.4,estable,1
894,254869,mgv1,derecha,rapida,acercar,7.77,-26.52,-523.6,bajando,1
895,254922,mgv1,derecha,rapida,acercar,6.48,-25.84,13.6,bajando,1
896,254975,mgv1,derecha,rapida,acercar,5.2,-25.5,6.8,bajando,1
897,255028,mgv1,derecha,rapida,acercar,6.15,19.04,890.8,subiendo,1
898,255081,mgv1,derecha,rapida,acercar,5.2,-19.04,-761.6,bajando,1
899,255134,mgv1,derecha,rapida,acercar,5.2,0,380.8,estable,1
900,281607,mgv1,derecha,rapida,acercar,89.69,0,0,estable,1
901,281665,mgv1,derecha,rapida,acercar,215.24,2510.9,50218,subiendo,1
902,281730,mgv1,derecha,rapida,acercar,215.25,0.34,-50211.2,estable,1
903,281795,mgv1,derecha,rapida,acercar,215.24,-0.34,-13.6,estable,1
904,281860,mgv1,derecha,rapida,acercar,215.25,0.34,13.6,estable,1
905,281925,mgv1,derecha,rapida,acercar,215.29,0.68,6.8,estable,1
906,281990,mgv1,derecha,rapida,acercar,215.66,7.48,136,subiendo,1
907,282055,mgv1,derecha,rapida,acercar,215.25,-8.16,-312.81,bajando,1
908,282120,mgv1,derecha,rapida,acercar,215.27,0.34,170,estable,1
909,282185,mgv1,derecha,rapida,acercar,80.78,-2689.74,-53801.6,bajando,1
910,282242,mgv1,derecha,rapida,acercar,215.71,2698.58,107766.41,subiendo,1
911,282307,mgv1,derecha,rapida,acercar,75.82,-2797.86,-109928.81,bajando,1
912,282364,mgv1,derecha,rapida,acercar,71.93,-77.86,54400,bajando,1
913,282421,mgv1,derecha,rapida,acercar,217.85,2918.56,59928.39,subiendo,1
914,282487,mgv1,derecha,rapida,acercar,63.27,-3091.62,-120203.59,bajando,1
915,282543,mgv1,derecha,rapida,acercar,61.47,-36.04,61111.6,bajando,1
916,282599,mgv1,derecha,rapida,acercar,59.64,-36.72,-13.6,bajando,1
917,282655,mgv1,derecha,rapida,acercar,57.12,-50.32,-272,bajando,1
918,282711,mgv1,derecha,rapida,acercar,55.05,-41.48,176.8,bajando,1
919,282767,mgv1,derecha,rapida,acercar,52.87,-43.52,-40.8,bajando,1
920,282823,mgv1,derecha,rapida,acercar,53.36,9.86,1067.6,subiendo,1
921,282879,mgv1,derecha,rapida,acercar,49.32,-80.92,-1815.6,bajando,1
922,282935,mgv1,derecha,rapida,acercar,46.78,-50.66,605.2,bajando,1
923,282990,mgv1,derecha,rapida,acercar,46.97,3.74,1088,subiendo,1
924,283045,mgv1,derecha,rapida,acercar,44.39,-51.68,-1108.4,bajando,1
925,283100,mgv1,derecha,rapida,acercar,56.01,232.56,5684.8,subiendo,1
926,283156,mgv1,derecha,rapida,acercar,38.28,-354.62,-11743.6,bajando,1
927,283211,mgv1,derecha,rapida,acercar,38.51,4.42,7180.8,subiendo,1
928,283266,mgv1,derecha,rapida,acercar,35.55,-59.16,-1271.6,bajando,1
929,283321,mgv1,derecha,rapida,acercar,33.49,-41.14,360.4,bajando,1
930,283376,mgv1,derecha,rapida,acercar,29.09,-88.06,-938.4,bajando,1
931,283430,mgv1,derecha,rapida,acercar,27.69,-27.88,1203.6,bajando,1
932,283484,mgv1,derecha,rapida,acercar,25.96,-34.68,-136,bajando,1
933,283538,mgv1,derecha,rapida,acercar,21.57,-87.72,-1060.8,bajando,1
934,283592,mgv1,derecha,rapida,acercar,19.99,-31.62,1122,bajando,1
935,283646,mgv1,derecha,rapida,acercar,18.73,-25.16,129.2,bajando,1
936,283700,mgv1,derecha,rapida,acercar,17.46,-25.5,-6.8,bajando,1
937,283754,mgv1,derecha,rapida,acercar,16.18,-25.5,0,bajando,1
938,283808,mgv1,derecha,rapida,acercar,15.2,-19.72,115.6,bajando,1
939,283862,mgv1,derecha,rapida,acercar,13.18,-40.46,-414.8,bajando,1
940,283915,mgv1,derecha,rapida,acercar,11.48,-34,129.2,bajando,1
941,283968,mgv1,derecha,rapida,acercar,9.44,-40.8,-136,bajando,1
942,284021,mgv1,derecha,rapida,acercar,9.44,0,816,estable,1
943,284074,mgv1,derecha,rapida,acercar,7.77,-33.32,-666.4,bajando,1
944,284127,mgv1,derecha,rapida,acercar,8.09,6.46,795.6,subiendo,1
945,284180,mgv1,derecha,rapida,acercar,7.45,-12.92,-387.6,bajando,1
946,284233,mgv1,derecha,rapida,acercar,6.8,-12.92,0,bajando,1
947,284286,mgv1,derecha,rapida,acercar,6.8,0,258.4,estable,1
948,284339,mgv1,derecha,rapida,acercar,4.88,-38.42,-768.4,bajando,1
949,284392,mgv1,derecha,rapida,acercar,9.45,91.46,2597.6,subiendo,1
950,287209,mgv1,derecha,rapida,acercar,86.75,0,0,estable,1
951,287267,mgv1,derecha,rapida,acercar,90.29,70.72,1414.4,subiendo,1
952,287325,mgv1,derecha,rapida,acercar,215.61,2506.48,48715.2,subiendo,1
953,287390,mgv1,derecha,rapida,acercar,215.24,-7.48,-50279.19,bajando,1
954,287455,mgv1,derecha,rapida,acercar,215.2,-0.68,136,estable,1
955,287520,mgv1,derecha,rapida,acercar,215.24,0.68,27.2,estable,1
956,287585,mgv1,derecha,rapida,acercar,215.17,-1.36,-40.8,estable,1
957,287650,mgv1,derecha,rapida,acercar,215.24,1.36,54.39,estable,1
958,287715,mgv1,derecha,rapida,acercar,215.24,0,-27.2,estable,1
959,287780,mgv1,derecha,rapida,acercar,69.38,-2917.2,-58344,bajando,1
960,287837,mgv1,derecha,rapida,acercar,215.2,2916.52,116674.39,subiendo,1
961,287902,mgv1,derecha,rapida,acercar,60.49,-3094.34,-120217.2,bajando,1
962,287958,mgv1,derecha,rapida,acercar,56.12,-87.38,60139.21,bajando,1
963,288014,mgv1,derecha,rapida,acercar,52.68,-68.68,374,bajando,1
964,288070,mgv1,derecha,rapida,acercar,55.71,60.52,2584,subiendo,1
965,288126,mgv1,derecha,rapida,acercar,44.78,-218.62,-5582.8,bajando,1
966,288181,mgv1,derecha,rapida,acercar,204.6,3196.34,68299.2,subiendo,1
967,288246,mgv1,derecha,rapida,acercar,36.91,-3353.76,-131002,bajando,1
968,288301,mgv1,derecha,rapida,acercar,34.76,-42.84,66218.4,bajando,1
969,288356,mgv1,derecha,rapida,acercar,30.89,-77.52,-693.6,bajando,1
970,288411,mgv1,derecha,rapida,acercar,29.09,-36.04,829.6,bajando,1
971,288465,mgv1,derecha,rapida,acercar,25.38,-74.12,-761.6,bajando,1
972,288519,mgv1,derecha,rapida,acercar,22.2,-63.58,210.8,bajando,1
973,288573,mgv1,derecha,rapida,acercar,19.35,-57.12,129.2,bajando,1
974,288627,mgv1,derecha,rapida,acercar,17.44,-38.08,380.8,bajando,1
975,288681,mgv1,derecha,rapida,acercar,15.86,-31.62,129.2,bajando,1
976,288735,mgv1,derecha,rapida,acercar,13.84,-40.46,-176.8,bajando,1
977,288789,mgv1,derecha,rapida,acercar,12.84,-20.06,408,bajando,1
978,288842,mgv1,derecha,rapida,acercar,12.15,-13.6,129.2,bajando,1
979,288895,mgv1,derecha,rapida,acercar,8.77,-67.66,-1081.2,bajando,1
980,288948,mgv1,derecha,rapida,acercar,9.45,13.6,1625.2,subiendo,1
981,289001,mgv1,derecha,rapida,acercar,9.44,-0.34,-278.8,estable,1
982,289054,mgv1,derecha,rapida,acercar,6.15,-65.62,-1305.6,bajando,1
983,289107,mgv1,derecha,rapida,acercar,5.51,-12.92,1054,bajando,1
984,289160,mgv1,derecha,rapida,acercar,5.83,6.46,387.6,subiendo,1
985,289213,mgv1,derecha,rapida,acercar,6.48,12.92,129.2,subiendo,1
986,289266,mgv1,derecha,rapida,acercar,5.83,-12.92,-516.8,bajando,1
987,289319,mgv1,derecha,rapida,acercar,4.88,-19.04,-122.4,bajando,1
988,289372,mgv1,derecha,rapida,acercar,7.77,57.8,1536.8,subiendo,1
989,289425,mgv1,derecha,rapida,acercar,4.22,-71.06,-2577.2,bajando,1
990,289478,mgv1,derecha,rapida,acercar,4.23,0.34,1428,estable,1
991,289531,mgv1,derecha,rapida,acercar,4.22,-0.34,-13.6,estable,1
992,289584,mgv1,derecha,rapida,acercar,4.22,0,6.8,estable,1
993,289637,mgv1,derecha,rapida,acercar,3.89,-6.46,-129.2,bajando,1
994,289690,mgv1,derecha,rapida,acercar,4.56,13.26,394.4,subiendo,1
995,289743,mgv1,derecha,rapida,acercar,4.54,-0.34,-272,estable,1
996,289796,mgv1,derecha,rapida,acercar,6.48,38.76,782,subiendo,1
997,289849,mgv1,derecha,rapida,acercar,6.15,-6.46,-904.4,bajando,1
998,289902,mgv1,derecha,rapida,acercar,15.86,194.14,4012,subiendo,1
999,289956,mgv1,derecha,rapida,acercar,215.59,3994.66,76010.4,subiendo,1
1000,386064,mgv1,derecha,lenta,alejar,216.68,0,0,estable,1
1001,386130,mgv1,derecha,lenta,alejar,216.7,0.34,6.8,estable,1
1002,386195,mgv1,derecha,lenta,alejar,19.69,-3940.26,-78812,bajando,1
1003,386249,mgv1,derecha,lenta,alejar,-1,0,78805.2,estable,0
1004,386329,mgv1,derecha,lenta,alejar,18.09,-31.96,-639.2,bajando,1
1005,386383,mgv1,derecha,lenta,alejar,19.04,19.04,1020,subiendo,1
1006,386437,mgv1,derecha,lenta,alejar,18.41,-12.58,-632.4,bajando,1
1007,386491,mgv1,derecha,lenta,alejar,-1,0,251.6,estable,0
1008,386571,mgv1,derecha,lenta,alejar,-1,0,0,estable,0
1009,386651,mgv1,derecha,lenta,alejar,-1,0,0,estable,0
1010,386731,mgv1,derecha,lenta,alejar,21.9,69.7,1394,subiendo,1
1011,386785,mgv1,derecha,lenta,alejar,22.8,18.02,-1033.6,subiendo,1
1012,386839,mgv1,derecha,lenta,alejar,25.09,45.9,557.6,subiendo,1
1013,386893,mgv1,derecha,lenta,alejar,26.25,23.12,-455.6,subiendo,1
1014,386947,mgv1,derecha,lenta,alejar,29.87,72.42,986,subiendo,1
1015,387001,mgv1,derecha,lenta,alejar,31.93,41.14,-625.6,subiendo,1
1016,387056,mgv1,derecha,lenta,alejar,216.63,3694.1,73059.2,subiendo,1
1017,387121,mgv1,derecha,lenta,alejar,36.23,-3608.08,-146043.59,bajando,1
1018,387176,mgv1,derecha,lenta,alejar,42.38,123.08,74623.2,subiendo,1
1019,387231,mgv1,derecha,lenta,alejar,42.16,-4.42,-2550,bajando,1
1020,387286,mgv1,derecha,lenta,alejar,44.56,47.94,1047.2,subiendo,1
1021,387341,mgv1,derecha,lenta,alejar,48.35,75.82,557.6,subiendo,1
1022,387397,mgv1,derecha,lenta,alejar,48.76,8.16,-1353.2,subiendo,1
1023,387453,mgv1,derecha,lenta,alejar,50.3,30.94,455.6,subiendo,1
1024,387509,mgv1,derecha,lenta,alejar,53.86,71.06,802.4,subiendo,1
1025,387565,mgv1,derecha,lenta,alejar,54.69,16.66,-1088,subiendo,1
1026,387621,mgv1,derecha,lenta,alejar,55.85,23.12,129.2,subiendo,1
1027,387677,mgv1,derecha,lenta,alejar,57.24,27.88,95.2,subiendo,1
1028,387733,mgv1,derecha,lenta,alejar,58.24,20.06,-156.4,subiendo,1
1029,387789,mgv1,derecha,lenta,alejar,60.21,39.44,387.6,subiendo,1
1030,387845,mgv1,derecha,lenta,alejar,65.64,108.46,1380.4,subiendo,1
1031,387902,mgv1,derecha,lenta,alejar,67.88,44.88,-1271.6,subiendo,1
1032,387959,mgv1,derecha,lenta,alejar,68.87,19.72,-503.2,subiendo,1
1033,388016,mgv1,derecha,lenta,alejar,71.2,46.58,537.2,subiendo,1
1034,388073,mgv1,derecha,lenta,alejar,204.78,2671.72,52502.8,subiendo,1
1035,388138,mgv1,derecha,lenta,alejar,214.85,201.28,-49408.8,subiendo,1
1036,388203,mgv1,derecha,lenta,alejar,214.9,1.02,-4005.19,estable,1
1037,388268,mgv1,derecha,lenta,alejar,204.75,-202.98,-4080,bajando,1
1038,388333,mgv1,derecha,lenta,alejar,205.19,8.84,4236.4,subiendo,1
1039,388398,mgv1,derecha,lenta,alejar,214.85,193.12,3685.6,subiendo,1
1040,388463,mgv1,derecha,lenta,alejar,214.9,1.02,-3841.99,estable,1
1041,388528,mgv1,derecha,lenta,alejar,214.91,0.34,-13.6,estable,1
1042,388593,mgv1,derecha,lenta,alejar,204.76,-202.98,-4066.4,bajando,1
1043,388658,mgv1,derecha,lenta,alejar,214.9,202.64,8112.4,subiendo,1
1044,388723,mgv1,derecha,lenta,alejar,214.9,0,-4052.8,estable,1
1045,388788,mgv1,derecha,lenta,alejar,214.9,0,0,estable,1
1046,388853,mgv1,derecha,lenta,alejar,214.88,-0.34,-6.8,estable,1
1047,388918,mgv1,derecha,lenta,alejar,205.67,-184.28,-3678.8,bajando,1
1048,388983,mgv1,derecha,lenta,alejar,205.21,-9.18,3502,bajando,1
1049,389048,mgv1,derecha,lenta,alejar,214.91,194.14,4066.4,subiendo,1
1050,390665,mgv1,derecha,lenta,alejar,9.79,0,0,estable,1
1051,390718,mgv1,derecha,lenta,alejar,10.8,20.06,401.2,subiendo,1
1052,390771,mgv1,derecha,lenta,alejar,10.11,-13.6,-673.2,bajando,1
1053,390824,mgv1,derecha,lenta,alejar,9.1,-20.4,-136,bajando,1
1054,390877,mgv1,derecha,lenta,alejar,10.45,27.2,952,subiendo,1
1055,390930,mgv1,derecha,lenta,alejar,15.86,108.12,1618.4,subiendo,1
1056,390984,mgv1,derecha,lenta,alejar,12.15,-74.12,-3644.8,bajando,1
1057,391037,mgv1,derecha,lenta,alejar,12.15,0,1482.4,estable,1
1058,391090,mgv1,derecha,lenta,alejar,14.86,54.06,1081.2,subiendo,1
1059,391144,mgv1,derecha,lenta,alejar,15.86,20.06,-680,subiendo,1
1060,391198,mgv1,derecha,lenta,alejar,19.36,70.04,999.6,subiendo,1
1061,391252,mgv1,derecha,lenta,alejar,18.72,-12.92,-1659.2,bajando,1
1062,391306,mgv1,derecha,lenta,alejar,20.94,44.54,1149.2,subiendo,1
1063,391360,mgv1,derecha,lenta,alejar,23.95,60.18,312.8,subiendo,1
1064,391414,mgv1,derecha,lenta,alejar,25.09,22.78,-748,subiendo,1
1065,391468,mgv1,derecha,lenta,alejar,28.25,63.24,809.2,subiendo,1
1066,391522,mgv1,derecha,lenta,alejar,30.11,37.06,-523.6,subiendo,1
1067,391576,mgv1,derecha,lenta,alejar,-1,0,-741.2,estable,0
1068,391656,mgv1,derecha,lenta,alejar,36.69,131.58,2631.6,subiendo,1
1069,391711,mgv1,derecha,lenta,alejar,43.59,138.04,129.2,subiendo,1
1070,391766,mgv1,derecha,lenta,alejar,40.36,-64.6,-4052.8,bajando,1
1071,391821,mgv1,derecha,lenta,alejar,42.4,40.8,2108,subiendo,1
1072,391876,mgv1,derecha,lenta,alejar,45,52.02,224.4,subiendo,1
1073,391931,mgv1,derecha,lenta,alejar,47.57,51.34,-13.6,subiendo,1
1074,391987,mgv1,derecha,lenta,alejar,50,48.62,-54.4,subiendo,1
1075,392043,mgv1,derecha,lenta,alejar,51.85,37.06,-231.2,subiendo,1
1076,392099,mgv1,derecha,lenta,alejar,53.02,23.46,-272,subiendo,1
1077,392155,mgv1,derecha,lenta,alejar,57.14,82.28,1176.4,subiendo,1
1078,392211,mgv1,derecha,lenta,alejar,56.85,-5.78,-1761.2,bajando,1
1079,392267,mgv1,derecha,lenta,alejar,59.23,47.6,1067.6,subiendo,1
1080,392323,mgv1,derecha,lenta,alejar,59.77,10.88,-734.4,subiendo,1
1081,392379,mgv1,derecha,lenta,alejar,61.03,25.16,285.6,subiendo,1
1082,392435,mgv1,derecha,lenta,alejar,62.58,30.94,115.6,subiendo,1
1083,392491,mgv1,derecha,lenta,alejar,204.31,2834.58,56072.8,subiendo,1
1084,392556,mgv1,derecha,lenta,alejar,203.91,-7.82,-56848,bajando,1
1085,392621,mgv1,derecha,lenta,alejar,82.74,-2423.52,-48314,bajando,1
1086,392679,mgv1,derecha,lenta,alejar,206.02,2465.68,97784,subiendo,1
1087,392744,mgv1,derecha,lenta,alejar,204.71,-26.18,-49837.2,bajando,1
1088,392809,mgv1,derecha,lenta,alejar,204.76,1.02,543.99,estable,1
1089,392874,mgv1,derecha,lenta,alejar,205.22,9.18,163.2,subiendo,1
1090,392939,mgv1,derecha,lenta,alejar,214.93,194.14,3699.2,subiendo,1
1091,393004,mgv1,derecha,lenta,alejar,204.78,-202.98,-7942.4,bajando,1
1092,393069,mgv1,derecha,lenta,alejar,205.22,8.84,4236.4,subiendo,1
1093,393134,mgv1,derecha,lenta,alejar,214.93,194.14,3706,subiendo,1
1094,393199,mgv1,derecha,lenta,alejar,204.76,-203.32,-7949.2,bajando,1
1095,393264,mgv1,derecha,lenta,alejar,205.17,8.16,4229.6,subiendo,1
1096,393329,mgv1,derecha,lenta,alejar,204.73,-8.84,-340,bajando,1
1097,393394,mgv1,derecha,lenta,alejar,205.19,9.18,360.4,subiendo,1
1098,393459,mgv1,derecha,lenta,alejar,204.32,-17.34,-530.4,bajando,1
1099,393524,mgv1,derecha,lenta,alejar,204.76,8.84,523.6,subiendo,1
1100,394789,mgv1,derecha,lenta,alejar,204.37,0,0,estable,1
1101,394854,mgv1,derecha,lenta,alejar,204.39,0.34,6.81,estable,1
1102,394919,mgv1,derecha,lenta,alejar,204.39,0,-6.81,estable,1
1103,394984,mgv1,derecha,lenta,alejar,204.39,0,0,estable,1
1104,395049,mgv1,derecha,lenta,alejar,204.37,-0.34,-6.81,estable,1
1105,395114,mgv1,derecha,lenta,alejar,203.91,-9.18,-176.79,bajando,1
1106,395179,mgv1,derecha,lenta,alejar,214.93,220.32,4590,subiendo,1
1107,395244,mgv1,derecha,lenta,alejar,-1,0,-4406.4,estable,0
1108,395324,mgv1,derecha,lenta,alejar,13.84,-4021.86,-80437.2,bajando,1
1109,395378,mgv1,derecha,lenta,alejar,12.49,-26.86,79900,bajando,1
1110,395431,mgv1,derecha,lenta,alejar,16.51,80.24,2142,subiendo,1
1111,395485,mgv1,derecha,lenta,alejar,14.53,-39.44,-2393.6,bajando,1
1112,395539,mgv1,derecha,lenta,alejar,15.88,26.86,1326,subiendo,1
1113,395593,mgv1,derecha,lenta,alejar,18.09,44.2,346.8,subiendo,1
1114,395647,mgv1,derecha,lenta,alejar,16.51,-31.62,-1516.4,bajando,1
1115,395701,mgv1,derecha,lenta,alejar,19.04,50.66,1645.6,subiendo,1
1116,395755,mgv1,derecha,lenta,alejar,19.04,0,-1013.2,estable,1
1117,395809,mgv1,derecha,lenta,alejar,22.22,63.58,1271.6,subiendo,1
1118,395863,mgv1,derecha,lenta,alejar,23.09,17.34,-924.8,subiendo,1
1119,395917,mgv1,derecha,lenta,alejar,25.11,40.46,462.4,subiendo,1
1120,395971,mgv1,derecha,lenta,alejar,27.4,45.9,108.8,subiendo,1
1121,396025,mgv1,derecha,lenta,alejar,204.29,3537.7,69836.01,subiendo,1
1122,396090,mgv1,derecha,lenta,alejar,30.4,-3477.86,-140311.22,bajando,1
1123,396145,mgv1,derecha,lenta,alejar,33.74,66.98,70896.8,subiendo,1
1124,396200,mgv1,derecha,lenta,alejar,36.01,45.22,-435.2,subiendo,1
1125,396255,mgv1,derecha,lenta,alejar,37.83,36.38,-176.8,subiendo,1
1126,396310,mgv1,derecha,lenta,alejar,41.5,73.44,741.2,subiendo,1
1127,396365,mgv1,derecha,lenta,alejar,40.8,-13.94,-1747.6,bajando,1
1128,396420,mgv1,derecha,lenta,alejar,43.21,48.28,1244.4,subiendo,1
1129,396475,mgv1,derecha,lenta,alejar,45,35.7,-251.6,subiendo,1
1130,396530,mgv1,derecha,lenta,alejar,46.6,31.96,-74.8,subiendo,1
1131,396585,mgv1,derecha,lenta,alejar,48.18,31.62,-6.8,subiendo,1
1132,396641,mgv1,derecha,lenta,alejar,49.64,29.24,-47.6,subiendo,1
1133,396697,mgv1,derecha,lenta,alejar,51,27.2,-40.8,subiendo,1
1134,396753,mgv1,derecha,lenta,alejar,52.21,24.14,-61.2,subiendo,1
1135,396809,mgv1,derecha,lenta,alejar,52.89,13.6,-210.8,subiendo,1
1136,396865,mgv1,derecha,lenta,alejar,56.01,62.56,979.2,subiendo,1
1137,396921,mgv1,derecha,lenta,alejar,61.06,100.98,768.4,subiendo,1
1138,396977,mgv1,derecha,lenta,alejar,58.53,-50.66,-3032.8,bajando,1
1139,397033,mgv1,derecha,lenta,alejar,59.94,28.22,1577.6,subiendo,1
1140,397089,mgv1,derecha,lenta,alejar,64.38,88.74,1210.4,subiendo,1
1141,397145,mgv1,derecha,lenta,alejar,67.15,55.42,-666.4,subiendo,1
1142,397202,mgv1,derecha,lenta,alejar,69.39,44.88,-210.8,subiendo,1
1143,397259,mgv1,derecha,lenta,alejar,204.78,2707.76,53257.6,subiendo,1
1144,397324,mgv1,derecha,lenta,alejar,205.16,7.48,-54005.59,subiendo,1
1145,397389,mgv1,derecha,lenta,alejar,64.53,-2812.48,-56399.21,bajando,1
1146,397446,mgv1,derecha,lenta,alejar,204.78,2805,112349.61,subiendo,1
1147,397511,mgv1,derecha,lenta,alejar,205.62,16.66,-55766.8,subiendo,1
1148,397576,mgv1,derecha,lenta,alejar,215.29,193.46,3535.99,subiendo,1
1149,397641,mgv1,derecha,lenta,alejar,204.78,-210.12,-8071.59,bajando,1
1150,398683,mgv1,derecha,lenta,alejar,204.37,0,0,estable,1
1151,398748,mgv1,derecha,lenta,alejar,204.76,7.82,156.4,subiendo,1
1152,398813,mgv1,derecha,lenta,alejar,204.8,0.68,-142.8,estable,1
1153,398878,mgv1,derecha,lenta,alejar,204.76,-0.68,-27.2,estable,1
1154,398943,mgv1,derecha,lenta,alejar,204.34,-8.5,-156.4,bajando,1
1155,399008,mgv1,derecha,lenta,alejar,204.39,1.02,190.41,estable,1
1156,399073,mgv1,derecha,lenta,alejar,205.21,16.32,305.99,subiendo,1
1157,399138,mgv1,derecha,lenta,alejar,9.44,-3915.44,-78635.2,bajando,1
1158,399191,mgv1,derecha,lenta,alejar,8.76,-13.6,78036.8,bajando,1
1159,399244,mgv1,derecha,lenta,alejar,8.77,0.34,278.8,estable,1
1160,399297,mgv1,derecha,lenta,alejar,216.68,4158.2,83157.2,subiendo,1
1161,399362,mgv1,derecha,lenta,alejar,11.48,-4104.14,-165246.8,bajando,1
1162,399415,mgv1,derecha,lenta,alejar,11.48,0,82082.8,estable,1
1163,399468,mgv1,derecha,lenta,alejar,204.75,3865.46,77309.2,subiendo,1
1164,399533,mgv1,derecha,lenta,alejar,12.49,-3845.06,-154210.41,bajando,1
1165,399586,mgv1,derecha,lenta,alejar,14.86,47.26,77846.4,subiendo,1
1166,399640,mgv1,derecha,lenta,alejar,14.52,-6.8,-1081.2,bajando,1
1167,399694,mgv1,derecha,lenta,alejar,16.18,33.32,802.4,subiendo,1
1168,399748,mgv1,derecha,lenta,alejar,15.86,-6.46,-795.6,bajando,1
1169,399802,mgv1,derecha,lenta,alejar,18.09,44.54,1020,subiendo,1
1170,399856,mgv1,derecha,lenta,alejar,217.57,3989.56,78900.4,subiendo,1
1171,399921,mgv1,derecha,lenta,alejar,22.22,-3906.94,-157930,bajando,1
1172,399975,mgv1,derecha,lenta,alejar,22.8,11.56,78370,subiendo,1
1173,400029,mgv1,derecha,lenta,alejar,-1,0,-231.2,estable,0
1174,400109,mgv1,derecha,lenta,alejar,26.54,74.8,1496,subiendo,1
1175,400163,mgv1,derecha,lenta,alejar,28.54,40.12,-693.6,subiendo,1
1176,400217,mgv1,derecha,lenta,alejar,33.74,104.04,1278.4,subiendo,1
1177,400272,mgv1,derecha,lenta,alejar,33.74,0,-2080.8,estable,1
1178,400327,mgv1,derecha,lenta,alejar,35.29,30.94,618.8,subiendo,1
1179,400382,mgv1,derecha,lenta,alejar,35.77,9.52,-428.4,subiendo,1
1180,400437,mgv1,derecha,lenta,alejar,38.52,55.08,911.2,subiendo,1
1181,400492,mgv1,derecha,lenta,alejar,41.96,68.68,272,subiendo,1
1182,400547,mgv1,derecha,lenta,alejar,42.81,17,-1033.6,subiendo,1
1183,400602,mgv1,derecha,lenta,alejar,46.19,67.66,1013.2,subiendo,1
1184,400657,mgv1,derecha,lenta,alejar,47.58,27.88,-795.6,subiendo,1
1185,400713,mgv1,derecha,lenta,alejar,57,188.36,3209.6,subiendo,1
1186,400769,mgv1,derecha,lenta,alejar,53.38,-72.42,-5215.6,bajando,1
1187,400825,mgv1,derecha,lenta,alejar,54.06,13.6,1720.4,subiendo,1
1188,400881,mgv1,derecha,lenta,alejar,55.74,33.66,401.2,subiendo,1
1189,400937,mgv1,derecha,lenta,alejar,57,25.16,-170,subiendo,1
1190,400993,mgv1,derecha,lenta,alejar,58.11,22.1,-61.2,subiendo,1
1191,401049,mgv1,derecha,lenta,alejar,64.53,128.52,2128.4,subiendo,1
1192,401105,mgv1,derecha,lenta,alejar,66.08,30.94,-1951.6,subiendo,1
1193,401162,mgv1,derecha,lenta,alejar,71.45,107.44,1530,subiendo,1
1194,401219,mgv1,derecha,lenta,alejar,72.17,14.28,-1863.2,subiendo,1
1195,401276,mgv1,derecha,lenta,alejar,76.6,88.74,1489.2,subiendo,1
1196,401333,mgv1,derecha,lenta,alejar,204.75,2562.92,49483.6,subiendo,1
1197,401398,mgv1,derecha,lenta,alejar,204.73,-0.34,-51265.2,estable,1
1198,401463,mgv1,derecha,lenta,alejar,204.76,0.68,20.4,estable,1
1199,401528,mgv1,derecha,lenta,alejar,83.39,-2427.6,-48565.59,bajando,1
1200,402616,mgv1,derecha,lenta,alejar,204.75,0,0,estable,1
1201,402681,mgv1,derecha,lenta,alejar,204.75,0,0,estable,1
1202,402746,mgv1,derecha,lenta,alejar,204.75,0,0,estable,1
1203,402811,mgv1,derecha,lenta,alejar,204.73,-0.34,-6.8,estable,1
1204,402876,mgv1,derecha,lenta,alejar,205.19,9.18,190.4,subiendo,1
1205,402941,mgv1,derecha,lenta,alejar,215.34,202.98,3876,subiendo,1
1206,403006,mgv1,derecha,lenta,alejar,13.52,-4036.48,-84789.2,bajando,1
1207,403060,mgv1,derecha,lenta,alejar,16.18,53.38,81797.2,subiendo,1
1208,403114,mgv1,derecha,lenta,alejar,12.84,-66.98,-2407.2,bajando,1
1209,403167,mgv1,derecha,lenta,alejar,12.15,-13.6,1067.6,bajando,1
1210,403220,mgv1,derecha,lenta,alejar,12.15,0,272,estable,1
1211,403273,mgv1,derecha,lenta,alejar,11.14,-20.4,-408,bajando,1
1212,403326,mgv1,derecha,lenta,alejar,12.84,34,1088,subiendo,1
1213,403379,mgv1,derecha,lenta,alejar,11.81,-20.4,-1088,bajando,1
1214,403432,mgv1,derecha,lenta,alejar,13.16,26.86,945.2,subiendo,1
1215,403485,mgv1,derecha,lenta,alejar,12.48,-13.6,-809.2,bajando,1
1216,403538,mgv1,derecha,lenta,alejar,13.16,13.6,544,subiendo,1
1217,403591,mgv1,derecha,lenta,alejar,15.2,40.8,544,subiendo,1
1218,403645,mgv1,derecha,lenta,alejar,15.56,7.14,-673.2,subiendo,1
1219,403699,mgv1,derecha,lenta,alejar,15.86,6.12,-20.4,subiendo,1
1220,403753,mgv1,derecha,lenta,alejar,16.51,12.92,136,subiendo,1
1221,403807,mgv1,derecha,lenta,alejar,17.78,25.5,251.6,subiendo,1
1222,403861,mgv1,derecha,lenta,alejar,18.41,12.58,-258.4,subiendo,1
1223,403915,mgv1,derecha,lenta,alejar,19.04,12.58,0,subiendo,1
1224,403969,mgv1,derecha,lenta,alejar,21.9,57.12,890.8,subiendo,1
1225,404023,mgv1,derecha,lenta,alejar,22.51,12.24,-897.6,subiendo,1
1226,404077,mgv1,derecha,lenta,alejar,23.65,22.78,210.8,subiendo,1
1227,404131,mgv1,derecha,lenta,alejar,25.98,46.58,476,subiendo,1
1228,404185,mgv1,derecha,lenta,alejar,28.85,57.46,217.6,subiendo,1
1229,404239,mgv1,derecha,lenta,alejar,28.85,0,-1149.2,estable,1
1230,404293,mgv1,derecha,lenta,alejar,32.2,66.98,1339.6,subiendo,1
1231,404348,mgv1,derecha,lenta,alejar,34.53,46.58,-408,subiendo,1
1232,404403,mgv1,derecha,lenta,alejar,35.78,25.16,-428.4,subiendo,1
1233,404458,mgv1,derecha,lenta,alejar,37.84,41.14,319.6,subiendo,1
1234,404513,mgv1,derecha,lenta,alejar,41.97,82.62,829.6,subiendo,1
1235,404568,mgv1,derecha,lenta,alejar,45,60.52,-442,subiendo,1
1236,404623,mgv1,derecha,lenta,alejar,47.97,59.5,-20.4,subiendo,1
1237,404679,mgv1,derecha,lenta,alejar,51.53,71.06,231.2,subiendo,1
1238,404735,mgv1,derecha,lenta,alejar,52.87,26.86,-884,subiendo,1
1239,404791,mgv1,derecha,lenta,alejar,55.06,43.86,340,subiendo,1
1240,404847,mgv1,derecha,lenta,alejar,56.58,30.26,-272,subiendo,1
1241,404903,mgv1,derecha,lenta,alejar,60.91,86.7,1128.8,subiendo,1
1242,404959,mgv1,derecha,lenta,alejar,64.4,69.7,-340,subiendo,1
1243,405015,mgv1,derecha,lenta,alejar,69.33,98.6,578,subiendo,1
1244,405072,mgv1,derecha,lenta,alejar,69.77,8.84,-1795.2,subiendo,1
1245,405129,mgv1,derecha,lenta,alejar,72.44,53.38,890.8,subiendo,1
1246,405186,mgv1,derecha,lenta,alejar,72.71,5.44,-958.8,subiendo,1
1247,405243,mgv1,derecha,lenta,alejar,75.74,60.52,1101.6,subiendo,1
1248,405300,mgv1,derecha,lenta,alejar,83.11,147.56,1740.8,subiendo,1
1249,405358,mgv1,derecha,lenta,alejar,204.27,2423.18,45512.4,subiendo,1
1250,406844,mgv1,derecha,lenta,alejar,204.29,0,0,estable,1
1251,406908,mgv1,derecha,lenta,alejar,204.31,0.34,6.8,estable,1
1252,406973,mgv1,derecha,lenta,alejar,204.31,0,-6.8,estable,1
1253,407038,mgv1,derecha,lenta,alejar,204.31,0,0,estable,1
1254,407103,mgv1,derecha,lenta,alejar,204.7,7.82,156.4,subiendo,1
1255,407168,mgv1,derecha,lenta,alejar,16.17,-3770.6,-75568.41,bajando,1
1256,407222,mgv1,derecha,lenta,alejar,15.86,-6.12,75289.6,bajando,1
1257,407276,mgv1,derecha,lenta,alejar,217.14,4025.6,80634.41,subiendo,1
1258,407341,mgv1,derecha,lenta,alejar,13.5,-4072.86,-161969.2,bajando,1
1259,407395,mgv1,derecha,lenta,alejar,216.19,4053.82,162533.59,subiendo,1
1260,407460,mgv1,derecha,lenta,alejar,12.15,-4080.68,-162690,bajando,1
1261,407513,mgv1,derecha,lenta,alejar,13.52,27.2,82157.59,subiendo,1
1262,407566,mgv1,derecha,lenta,alejar,12.48,-20.74,-958.8,bajando,1
1263,407619,mgv1,derecha,lenta,alejar,14.18,34,1094.8,subiendo,1
1264,407673,mgv1,derecha,lenta,alejar,15.54,27.2,-136,subiendo,1
1265,407727,mgv1,derecha,lenta,alejar,15.86,6.46,-414.8,subiendo,1
1266,407781,mgv1,derecha,lenta,alejar,16.81,19.04,251.6,subiendo,1
1267,407835,mgv1,derecha,lenta,alejar,19.35,50.66,632.4,subiendo,1
1268,407889,mgv1,derecha,lenta,alejar,20.62,25.5,-503.2,subiendo,1
1269,407943,mgv1,derecha,lenta,alejar,23.36,54.74,584.8,subiendo,1
1270,407997,mgv1,derecha,lenta,alejar,25.09,34.68,-401.2,subiendo,1
1271,408051,mgv1,derecha,lenta,alejar,27.11,40.46,115.6,subiendo,1
1272,408105,mgv1,derecha,lenta,alejar,28.83,34.34,-122.4,subiendo,1
1273,408159,mgv1,derecha,lenta,alejar,32.96,82.62,965.6,subiendo,1
1274,408214,mgv1,derecha,lenta,alejar,34.26,25.84,-1135.6,subiendo,1
1275,408269,mgv1,derecha,lenta,alejar,204.66,3408.16,67646.39,subiendo,1
1276,408334,mgv1,derecha,lenta,alejar,39.42,-3304.8,-134259.19,bajando,1
1277,408389,mgv1,derecha,lenta,alejar,42.58,63.24,67360.8,subiendo,1
1278,408444,mgv1,derecha,lenta,alejar,46.17,71.74,170,subiendo,1
1279,408499,mgv1,derecha,lenta,alejar,49.11,58.82,-258.4,subiendo,1
1280,408555,mgv1,derecha,lenta,alejar,50.64,30.6,-564.4,subiendo,1
1281,408611,mgv1,derecha,lenta,alejar,54.2,71.06,809.2,subiendo,1
1282,408667,mgv1,derecha,lenta,alejar,55.56,27.2,-877.2,subiendo,1
1283,408723,mgv1,derecha,lenta,alejar,56.29,14.62,-251.6,subiendo,1
1284,408779,mgv1,derecha,lenta,alejar,58.51,44.54,598.4,subiendo,1
1285,408835,mgv1,derecha,lenta,alejar,63.12,92.14,952,subiendo,1
1286,408891,mgv1,derecha,lenta,alejar,66.2,61.54,-612,subiendo,1
1287,408948,mgv1,derecha,lenta,alejar,66.78,11.56,-999.6,subiendo,1
1288,409005,mgv1,derecha,lenta,alejar,70.36,71.74,1203.6,subiendo,1
1289,409062,mgv1,derecha,lenta,alejar,71.6,24.82,-938.4,subiendo,1
1290,409119,mgv1,derecha,lenta,alejar,73.03,28.56,74.8,subiendo,1
1291,409176,mgv1,derecha,lenta,alejar,204.22,2623.78,51904.39,subiendo,1
1292,409241,mgv1,derecha,lenta,alejar,204.26,0.68,-52461.99,estable,1
1293,409306,mgv1,derecha,lenta,alejar,204.68,8.5,156.39,subiendo,1
1294,409371,mgv1,derecha,lenta,alejar,204.71,0.68,-156.39,estable,1
1295,409436,mgv1,derecha,lenta,alejar,86.04,-2373.54,-47484.41,bajando,1
1296,409494,mgv1,derecha,lenta,alejar,85.14,-18.02,47110.4,bajando,1
1297,409552,mgv1,derecha,lenta,alejar,214.83,2593.86,52237.6,subiendo,1
1298,409617,mgv1,derecha,lenta,alejar,214.83,0,-51877.2,estable,1
1299,409682,mgv1,derecha,lenta,alejar,214.83,0,0,estable,1
1300,410692,mgv1,derecha,lenta,alejar,204.7,0,0,estable,1
1301,410757,mgv1,derecha,lenta,alejar,205.53,16.66,333.2,subiendo,1
1302,410822,mgv1,derecha,lenta,alejar,205.1,-8.5,-503.2,bajando,1
1303,410887,mgv1,derecha,lenta,alejar,204.7,-8.16,6.81,bajando,1
1304,410952,mgv1,derecha,lenta,alejar,204.29,-8.16,-0.01,bajando,1
1305,411017,mgv1,derecha,lenta,alejar,205.53,24.82,659.6,subiendo,1
1306,411082,mgv1,derecha,lenta,alejar,215.27,194.82,3400,subiendo,1
1307,411147,mgv1,derecha,lenta,alejar,217.01,34.68,-3202.8,subiendo,1
1308,411212,mgv1,derecha,lenta,alejar,14.18,-4056.54,-81824.41,bajando,1
1309,411266,mgv1,derecha,lenta,alejar,12.15,-40.46,80321.61,bajando,1
1310,411319,mgv1,derecha,lenta,alejar,12.49,6.8,945.2,subiendo,1
1311,411372,mgv1,derecha,lenta,alejar,12.15,-6.8,-272,bajando,1
1312,411425,mgv1,derecha,lenta,alejar,13.52,27.2,680,subiendo,1
1313,411478,mgv1,derecha,lenta,alejar,15.2,33.66,129.2,subiendo,1
1314,411532,mgv1,derecha,lenta,alejar,18.09,57.8,482.8,subiendo,1
1315,411586,mgv1,derecha,lenta,alejar,16.18,-38.08,-1917.6,bajando,1
1316,411640,mgv1,derecha,lenta,alejar,17.14,19.04,1142.4,subiendo,1
1317,411694,mgv1,derecha,lenta,alejar,16.81,-6.46,-510,bajando,1
1318,411748,mgv1,derecha,lenta,alejar,19.35,50.66,1142.4,subiendo,1
1319,411802,mgv1,derecha,lenta,alejar,-1,0,-1013.2,estable,0
1320,411882,mgv1,derecha,lenta,alejar,23.07,74.46,1489.2,subiendo,1
1321,411936,mgv1,derecha,lenta,alejar,25.96,57.8,-333.2,subiendo,1
1322,411990,mgv1,derecha,lenta,alejar,25.67,-5.78,-1271.6,bajando,1
1323,412044,mgv1,derecha,lenta,alejar,29.34,73.44,1584.4,subiendo,1
1324,412098,mgv1,derecha,lenta,alejar,29.61,5.44,-1360,subiendo,1
1325,412152,mgv1,derecha,lenta,alejar,30.12,10.2,95.2,subiendo,1
1326,412206,mgv1,derecha,lenta,alejar,32.45,46.58,727.6,subiendo,1
1327,412261,mgv1,derecha,lenta,alejar,35.29,56.78,204,subiendo,1
1328,412316,mgv1,derecha,lenta,alejar,36.47,23.46,-666.4,subiendo,1
1329,412371,mgv1,derecha,lenta,alejar,42.4,118.66,1904,subiendo,1
1330,412426,mgv1,derecha,lenta,alejar,44.98,51.68,-1339.6,subiendo,1
1331,412481,mgv1,derecha,lenta,alejar,48.16,63.58,238,subiendo,1
1332,412537,mgv1,derecha,lenta,alejar,47.97,-3.74,-1346.4,bajando,1
1333,412593,mgv1,derecha,lenta,alejar,52.53,91.12,1897.2,subiendo,1
1334,412649,mgv1,derecha,lenta,alejar,51.83,-13.94,-2101.2,bajando,1
1335,412705,mgv1,derecha,lenta,alejar,55.88,80.92,1897.2,subiendo,1
1336,412761,mgv1,derecha,lenta,alejar,55.73,-3.06,-1679.6,bajando,1
1337,412817,mgv1,derecha,lenta,alejar,57.54,36.38,788.8,subiendo,1
1338,412873,mgv1,derecha,lenta,alejar,61.32,75.48,782,subiendo,1
1339,412929,mgv1,derecha,lenta,alejar,69.24,158.44,1659.2,subiendo,1
1340,412986,mgv1,derecha,lenta,alejar,69.16,-1.7,-3202.8,estable,1
1341,413043,mgv1,derecha,lenta,alejar,69.6,8.84,210.8,subiendo,1
1342,413100,mgv1,derecha,lenta,alejar,205.14,2710.82,54039.61,subiendo,1
1343,413165,mgv1,derecha,lenta,alejar,214.81,193.46,-50347.21,subiendo,1
1344,413230,mgv1,derecha,lenta,alejar,205.07,-194.82,-7765.59,bajando,1
1345,413295,mgv1,derecha,lenta,alejar,205.09,0.34,3903.2,estable,1
1346,413360,mgv1,derecha,lenta,alejar,205.53,8.84,170,subiendo,1
1347,413425,mgv1,derecha,lenta,alejar,204.63,-18.02,-537.2,bajando,1
1348,413490,mgv1,derecha,lenta,alejar,204.65,0.34,367.2,estable,1
1349,413555,mgv1,derecha,lenta,alejar,205.09,8.84,170,subiendo,1
1350,415552,mgv1,derecha,normal,alejar,205.97,0,0,estable,1
1351,415617,mgv1,derecha,normal,alejar,205.53,-8.84,-176.8,bajando,1
1352,415682,mgv1,derecha,normal,alejar,205.09,-8.84,0,bajando,1
1353,415747,mgv1,derecha,normal,alejar,214.83,194.82,4073.2,subiendo,1
1354,415812,mgv1,derecha,normal,alejar,15.86,-3979.36,-83483.59,bajando,1
1355,415866,mgv1,derecha,normal,alejar,12.49,-67.32,78240.8,bajando,1
1356,415919,mgv1,derecha,normal,alejar,15.2,54.06,2427.6,subiendo,1
1357,415973,mgv1,derecha,normal,alejar,16.18,19.72,-686.8,subiendo,1
1358,416027,mgv1,derecha,normal,alejar,13.18,-60.18,-1598,bajando,1
1359,416080,mgv1,derecha,normal,alejar,11.14,-40.8,387.6,bajando,1
1360,416133,mgv1,derecha,normal,alejar,11.48,6.8,952,subiendo,1
1361,416186,mgv1,derecha,normal,alejar,11.48,0,-136,estable,1
1362,416239,mgv1,derecha,normal,alejar,12.15,13.6,272,subiendo,1
1363,416292,mgv1,derecha,normal,alejar,12.15,0,-272,estable,1
1364,416345,mgv1,derecha,normal,alejar,15.22,61.2,1224,subiendo,1
1365,416399,mgv1,derecha,normal,alejar,15.56,6.8,-1088,subiendo,1
1366,416453,mgv1,derecha,normal,alejar,17.14,31.62,496.4,subiendo,1
1367,416507,mgv1,derecha,normal,alejar,20.32,63.58,639.2,subiendo,1
1368,416561,mgv1,derecha,normal,alejar,19.04,-25.5,-1781.6,bajando,1
1369,416615,mgv1,derecha,normal,alejar,21.91,57.46,1659.2,subiendo,1
1370,416669,mgv1,derecha,normal,alejar,-1,0,-1149.2,estable,0
1371,416749,mgv1,derecha,normal,alejar,-1,0,0,estable,0
1372,416829,mgv1,derecha,normal,alejar,29.6,153.68,3073.6,subiendo,1
1373,416883,mgv1,derecha,normal,alejar,31.42,36.38,-2346,subiendo,1
1374,416938,mgv1,derecha,normal,alejar,35.77,87.04,1013.2,subiendo,1
1375,416993,mgv1,derecha,normal,alejar,37.13,27.2,-1196.8,subiendo,1
1376,417048,mgv1,derecha,normal,alejar,41.26,82.62,1108.4,subiendo,1
1377,417103,mgv1,derecha,normal,alejar,43.98,54.4,-564.4,subiendo,1
1378,417158,mgv1,derecha,normal,alejar,48.96,99.62,904.4,subiendo,1
1379,417214,mgv1,derecha,normal,alejar,50.13,23.46,-1523.2,subiendo,1
1380,417270,mgv1,derecha,normal,alejar,52.36,44.54,421.6,subiendo,1
1381,417326,mgv1,derecha,normal,alejar,55.56,63.92,387.6,subiendo,1
1382,417382,mgv1,derecha,normal,alejar,205.04,2989.62,58514,subiendo,1
1383,417447,mgv1,derecha,normal,alejar,58.94,-2921.96,-118231.6,bajando,1
1384,417503,mgv1,derecha,normal,alejar,65.94,140.08,61240.8,subiendo,1
1385,417560,mgv1,derecha,normal,alejar,67.9,39.1,-2019.6,subiendo,1
1386,417617,mgv1,derecha,normal,alejar,71.01,62.22,462.4,subiendo,1
1387,417674,mgv1,derecha,normal,alejar,215.59,2891.7,56589.59,subiendo,1
1388,417739,mgv1,derecha,normal,alejar,215.15,-8.84,-58010.8,bajando,1
1389,417804,mgv1,derecha,normal,alejar,214.76,-7.82,20.4,bajando,1
1390,417869,mgv1,derecha,normal,alejar,214.73,-0.68,142.8,estable,1
1391,417934,mgv1,derecha,normal,alejar,214.78,1.02,34,estable,1
1392,417999,mgv1,derecha,normal,alejar,214.79,0.34,-13.6,estable,1
1393,418064,mgv1,derecha,normal,alejar,214.78,-0.34,-13.6,estable,1
1394,418129,mgv1,derecha,normal,alejar,214.81,0.68,20.4,estable,1
1395,418194,mgv1,derecha,normal,alejar,214.74,-1.36,-40.8,estable,1
1396,418259,mgv1,derecha,normal,alejar,205.12,-192.44,-3821.61,bajando,1
1397,418324,mgv1,derecha,normal,alejar,214.81,193.8,7724.8,subiendo,1
1398,418389,mgv1,derecha,normal,alejar,214.76,-1.02,-3896.4,estable,1
1399,418454,mgv1,derecha,normal,alejar,214.74,-0.34,13.6,estable,1
1400,419356,mgv1,derecha,normal,alejar,204.65,0,0,estable,1
1401,419421,mgv1,derecha,normal,alejar,204.7,1.02,20.4,estable,1
1402,419486,mgv1,derecha,normal,alejar,205.09,7.82,135.99,subiendo,1
1403,419551,mgv1,derecha,normal,alejar,204.68,-8.16,-319.6,bajando,1
1404,419616,mgv1,derecha,normal,alejar,205.05,7.48,312.81,subiendo,1
1405,419681,mgv1,derecha,normal,alejar,204.66,-7.82,-306.01,bajando,1
1406,419746,mgv1,derecha,normal,alejar,215.68,220.32,4562.81,subiendo,1
1407,419811,mgv1,derecha,normal,alejar,16.83,-3976.98,-83946.01,bajando,1
1408,419865,mgv1,derecha,normal,alejar,15.2,-32.64,78886.8,bajando,1
1409,419919,mgv1,derecha,normal,alejar,13.84,-27.2,108.8,bajando,1
1410,419973,mgv1,derecha,normal,alejar,16.81,59.5,1734,subiendo,1
1411,420027,mgv1,derecha,normal,alejar,13.52,-65.96,-2509.2,bajando,1
1412,420081,mgv1,derecha,normal,alejar,13.85,6.8,1455.2,subiendo,1
1413,420135,mgv1,derecha,normal,alejar,15.2,26.86,401.2,subiendo,1
1414,420189,mgv1,derecha,normal,alejar,15.86,13.26,-272,subiendo,1
1415,420243,mgv1,derecha,normal,alejar,17.14,25.5,244.8,subiendo,1
1416,420297,mgv1,derecha,normal,alejar,20.32,63.58,761.6,subiendo,1
1417,420351,mgv1,derecha,normal,alejar,21.27,19.04,-890.8,subiendo,1
1418,420405,mgv1,derecha,normal,alejar,23.09,36.38,346.8,subiendo,1
1419,420459,mgv1,derecha,normal,alejar,24.8,34.34,-40.8,subiendo,1
1420,420513,mgv1,derecha,normal,alejar,26.25,28.9,-108.8,subiendo,1
1421,420567,mgv1,derecha,normal,alejar,29.36,62.22,666.4,subiendo,1
1422,420621,mgv1,derecha,normal,alejar,32.2,56.78,-108.8,subiendo,1
1423,420676,mgv1,derecha,normal,alejar,35.75,71.06,285.6,subiendo,1
1424,420731,mgv1,derecha,normal,alejar,40.56,96.22,503.2,subiendo,1
1425,420786,mgv1,derecha,normal,alejar,42.58,40.46,-1115.2,subiendo,1
1426,420841,mgv1,derecha,normal,alejar,42.58,0,-809.2,estable,1
1427,420896,mgv1,derecha,normal,alejar,45.78,63.92,1278.4,subiendo,1
1428,420951,mgv1,derecha,normal,alejar,47.96,43.52,-408,subiendo,1
1429,421007,mgv1,derecha,normal,alejar,51.15,63.92,408,subiendo,1
1430,421063,mgv1,derecha,normal,alejar,55.86,94.18,605.2,subiendo,1
1431,421119,mgv1,derecha,normal,alejar,56.13,5.44,-1774.8,subiendo,1
1432,421175,mgv1,derecha,normal,alejar,56.83,13.94,170,subiendo,1
1433,421231,mgv1,derecha,normal,alejar,62.42,111.86,1958.4,subiendo,1
1434,421287,mgv1,derecha,normal,alejar,63.68,25.16,-1734,subiendo,1
1435,421343,mgv1,derecha,normal,alejar,72.95,185.3,3202.8,subiendo,1
1436,421400,mgv1,derecha,normal,alejar,70.58,-47.26,-4651.2,bajando,1
1437,421457,mgv1,derecha,normal,alejar,63.97,-132.26,-1700,bajando,1
1438,421513,mgv1,derecha,normal,alejar,79.47,310.08,8846.8,subiendo,1
1439,421570,mgv1,derecha,normal,alejar,205.45,2519.4,44186.41,subiendo,1
1440,421635,mgv1,derecha,normal,alejar,205.46,0.34,-50381.2,estable,1
1441,421700,mgv1,derecha,normal,alejar,205.02,-8.84,-183.6,bajando,1
1442,421765,mgv1,derecha,normal,alejar,205.04,0.34,183.6,estable,1
1443,421830,mgv1,derecha,normal,alejar,205.02,-0.34,-13.6,estable,1
1444,421895,mgv1,derecha,normal,alejar,204.63,-7.82,-149.6,bajando,1
1445,421960,mgv1,derecha,normal,alejar,204.6,-0.68,142.8,estable,1
1446,422025,mgv1,derecha,normal,alejar,82.76,-2436.78,-48722,bajando,1
1447,422083,mgv1,derecha,normal,alejar,75.74,-140.42,45927.2,bajando,1
1448,422140,mgv1,derecha,normal,alejar,66.78,-179.18,-775.2,bajando,1
1449,422197,mgv1,derecha,normal,alejar,62.44,-86.7,1849.6,bajando,1
1450,422934,mgv1,derecha,normal,alejar,204.22,0,0,estable,1
1451,422998,mgv1,derecha,normal,alejar,204.61,7.82,156.4,subiendo,1
1452,423063,mgv1,derecha,normal,alejar,204.63,0.34,-149.6,estable,1
1453,423128,mgv1,derecha,normal,alejar,205.04,8.16,156.4,subiendo,1
1454,423193,mgv1,derecha,normal,alejar,214.73,193.8,3712.8,subiendo,1
1455,423258,mgv1,derecha,normal,alejar,19.04,-3913.74,-82150.8,bajando,1
1456,423312,mgv1,derecha,normal,alejar,16.18,-57.12,77132.41,bajando,1
1457,423366,mgv1,derecha,normal,alejar,14.52,-33.32,476,bajando,1
1458,423420,mgv1,derecha,normal,alejar,11.81,-54.06,-414.8,bajando,1
1459,423473,mgv1,derecha,normal,alejar,11.14,-13.6,809.2,bajando,1
1460,423526,mgv1,derecha,normal,alejar,11.14,0,272,estable,1
1461,423579,mgv1,derecha,normal,alejar,11.14,0,0,estable,1
1462,423632,mgv1,derecha,normal,alejar,11.8,13.26,265.2,subiendo,1
1463,423685,mgv1,derecha,normal,alejar,11.48,-6.46,-394.4,bajando,1
1464,423738,mgv1,derecha,normal,alejar,14.18,54.06,1210.4,subiendo,1
1465,423792,mgv1,derecha,normal,alejar,16.17,39.78,-285.6,subiendo,1
1466,423846,mgv1,derecha,normal,alejar,18.39,44.54,95.2,subiendo,1
1467,423900,mgv1,derecha,normal,alejar,22.49,81.94,748,subiendo,1
1468,423954,mgv1,derecha,normal,alejar,20.62,-37.4,-2386.8,bajando,1
1469,424008,mgv1,derecha,normal,alejar,23.65,60.52,1958.4,subiendo,1
1470,424062,mgv1,derecha,normal,alejar,27.11,69.36,176.8,subiendo,1
1471,424116,mgv1,derecha,normal,alejar,27.4,5.78,-1271.6,subiendo,1
1472,424170,mgv1,derecha,normal,alejar,29.87,49.3,870.4,subiendo,1
1473,424224,mgv1,derecha,normal,alejar,31.93,41.14,-163.2,subiendo,1
1474,424279,mgv1,derecha,normal,alejar,34.26,46.58,108.8,subiendo,1
1475,424334,mgv1,derecha,normal,alejar,37.59,66.64,401.2,subiendo,1
1476,424389,mgv1,derecha,normal,alejar,203.74,3323.16,65130.39,subiendo,1
1477,424454,mgv1,derecha,normal,alejar,41.7,-3240.88,-131280.8,bajando,1
1478,424509,mgv1,derecha,normal,alejar,43.98,45.56,65728.8,subiendo,1
1479,424564,mgv1,derecha,normal,alejar,47.96,79.56,680,subiendo,1
1480,424620,mgv1,derecha,normal,alejar,51.82,77.18,-47.6,subiendo,1
1481,424676,mgv1,derecha,normal,alejar,53.69,37.4,-795.6,subiendo,1
1482,424732,mgv1,derecha,normal,alejar,55.73,40.8,68,subiendo,1
1483,424788,mgv1,derecha,normal,alejar,58.22,49.98,183.6,subiendo,1
1484,424844,mgv1,derecha,normal,alejar,62.29,81.26,625.6,subiendo,1
1485,424900,mgv1,derecha,normal,alejar,66.61,86.36,102,subiendo,1
1486,424957,mgv1,derecha,normal,alejar,69.21,52.02,-686.8,subiendo,1
1487,425014,mgv1,derecha,normal,alejar,69.75,10.88,-822.8,subiendo,1
1488,425071,mgv1,derecha,normal,alejar,72.71,59.16,965.6,subiendo,1
1489,425128,mgv1,derecha,normal,alejar,204.58,2637.38,51564.41,subiendo,1
1490,425193,mgv1,derecha,normal,alejar,204.19,-7.82,-52904,bajando,1
1491,425258,mgv1,derecha,normal,alejar,204.54,7.14,299.21,subiendo,1
1492,425323,mgv1,derecha,normal,alejar,204.56,0.34,-136,estable,1
1493,425388,mgv1,derecha,normal,alejar,205.43,17.34,340,subiendo,1
1494,425453,mgv1,derecha,normal,alejar,205,-8.5,-516.79,bajando,1
1495,425518,mgv1,derecha,normal,alejar,204.6,-8.16,6.79,bajando,1
1496,425583,mgv1,derecha,normal,alejar,205.04,8.84,340,subiendo,1
1497,425648,mgv1,derecha,normal,alejar,204.6,-8.84,-353.6,bajando,1
1498,425713,mgv1,derecha,normal,alejar,205.04,8.84,353.6,subiendo,1
1499,425778,mgv1,derecha,normal,alejar,214.74,194.14,3706,subiendo,1
1500,427342,mgv1,derecha,normal,alejar,205.45,0,0,estable,1
1501,427407,mgv1,derecha,normal,alejar,204.61,-16.66,-333.2,bajando,1
1502,427472,mgv1,derecha,normal,alejar,204.54,-1.36,306.01,estable,1
1503,427537,mgv1,derecha,normal,alejar,215.12,211.48,4256.79,subiendo,1
1504,427602,mgv1,derecha,normal,alejar,18.72,-3928.02,-82790,bajando,1
1505,427656,mgv1,derecha,normal,alejar,16.81,-38.08,77798.8,bajando,1
1506,427710,mgv1,derecha,normal,alejar,16.51,-6.12,639.2,bajando,1
1507,427764,mgv1,derecha,normal,alejar,13.5,-60.18,-1081.2,bajando,1
1508,427818,mgv1,derecha,normal,alejar,14.18,13.6,1475.6,subiendo,1
1509,427872,mgv1,derecha,normal,alejar,14.86,13.6,0,subiendo,1
1510,427926,mgv1,derecha,normal,alejar,13.18,-33.66,-945.2,bajando,1
1511,427979,mgv1,derecha,normal,alejar,14.53,27.2,1217.2,subiendo,1
1512,428033,mgv1,derecha,normal,alejar,18.09,71.06,877.2,subiendo,1
1513,428087,mgv1,derecha,normal,alejar,19.36,25.5,-911.2,subiendo,1
1514,428141,mgv1,derecha,normal,alejar,27.4,160.82,2706.4,subiendo,1
1515,428195,mgv1,derecha,normal,alejar,25.09,-46.24,-4141.2,bajando,1
1516,428249,mgv1,derecha,normal,alejar,29.09,79.9,2522.8,subiendo,1
1517,428303,mgv1,derecha,normal,alejar,31.16,41.48,-768.4,subiendo,1
1518,428358,mgv1,derecha,normal,alejar,35.53,87.38,918,subiendo,1
1519,428413,mgv1,derecha,normal,alejar,35.53,0,-1747.6,estable,1
1520,428468,mgv1,derecha,normal,alejar,38.05,50.32,1006.4,subiendo,1
1521,428523,mgv1,derecha,normal,alejar,41.02,59.5,183.6,subiendo,1
1522,428578,mgv1,derecha,normal,alejar,44.59,71.4,238,subiendo,1
1523,428633,mgv1,derecha,normal,alejar,44.59,0,-1428,estable,1
1524,428688,mgv1,derecha,normal,alejar,47.38,55.76,1115.2,subiendo,1
1525,428743,mgv1,derecha,normal,alejar,47.97,11.9,-877.2,subiendo,1
1526,428799,mgv1,derecha,normal,alejar,50.64,53.38,829.6,subiendo,1
1527,428855,mgv1,derecha,normal,alejar,53.53,57.8,88.4,subiendo,1
1528,428911,mgv1,derecha,normal,alejar,55.73,43.86,-278.8,subiendo,1
1529,428967,mgv1,derecha,normal,alejar,59.77,80.92,741.2,subiendo,1
1530,429023,mgv1,derecha,normal,alejar,59.52,-5.1,-1720.4,bajando,1
1531,429079,mgv1,derecha,normal,alejar,61.34,36.38,829.6,subiendo,1
1532,429135,mgv1,derecha,normal,alejar,68.46,142.46,2121.6,subiendo,1
1533,429192,mgv1,derecha,normal,alejar,68.73,5.44,-2740.4,subiendo,1
1534,429249,mgv1,derecha,normal,alejar,204.99,2725.1,54393.2,subiendo,1
1535,429314,mgv1,derecha,normal,alejar,205.38,7.82,-54345.59,subiendo,1
1536,429379,mgv1,derecha,normal,alejar,205,-7.48,-306,bajando,1
1537,429444,mgv1,derecha,normal,alejar,204.95,-1.02,129.19,estable,1
1538,429509,mgv1,derecha,normal,alejar,204.95,0,20.4,estable,1
1539,429574,mgv1,derecha,normal,alejar,214.69,194.82,3896.4,subiendo,1
1540,429639,mgv1,derecha,normal,alejar,205.43,-185.3,-7602.4,bajando,1
1541,429704,mgv1,derecha,normal,alejar,204.56,-17.34,3359.2,bajando,1
1542,429769,mgv1,derecha,normal,alejar,214.71,202.98,4406.4,subiendo,1
1543,429834,mgv1,derecha,normal,alejar,80.36,-2687.02,-57800,bajando,1
1544,429891,mgv1,derecha,normal,alejar,69.51,-216.92,49402.01,bajando,1
1545,429948,mgv1,derecha,normal,alejar,63.02,-129.88,1740.8,bajando,1
1546,430004,mgv1,derecha,normal,alejar,205.45,2848.52,59568,subiendo,1
1547,430069,mgv1,derecha,normal,alejar,204.99,-9.18,-57154.02,bajando,1
1548,430134,mgv1,derecha,normal,alejar,205.02,0.68,197.21,estable,1
1549,430199,mgv1,derecha,normal,alejar,205,-0.34,-20.4,estable,1
1550,430788,mgv1,derecha,normal,alejar,205,0,0,estable,1
1551,430853,mgv1,derecha,normal,alejar,205.45,8.84,176.8,subiendo,1
1552,430918,mgv1,derecha,normal,alejar,205,-8.84,-353.6,bajando,1
1553,430983,mgv1,derecha,normal,alejar,214.69,193.8,4052.8,subiendo,1
1554,431048,mgv1,derecha,normal,alejar,205,-193.8,-7751.99,bajando,1
1555,431113,mgv1,derecha,normal,alejar,214.66,193.12,7738.39,subiendo,1
1556,431178,mgv1,derecha,normal,alejar,214.68,0.34,-3855.6,estable,1
1557,431243,mgv1,derecha,normal,alejar,15.86,-3976.3,-79532.8,bajando,1
1558,431297,mgv1,derecha,normal,alejar,16.51,12.92,79784.4,subiendo,1
1559,431351,mgv1,derecha,normal,alejar,12.49,-80.24,-1863.2,bajando,1
1560,431404,mgv1,derecha,normal,alejar,11.48,-20.4,1196.8,bajando,1
1561,431457,mgv1,derecha,normal,alejar,216.46,4099.72,82402.39,subiendo,1
1562,431522,mgv1,derecha,normal,alejar,9.1,-4147.32,-164940.78,bajando,1
1563,431575,mgv1,derecha,normal,alejar,8.09,-20.06,82545.2,bajando,1
1564,431628,mgv1,derecha,normal,alejar,8.09,0,401.2,estable,1
1565,431681,mgv1,derecha,normal,alejar,9.77,33.66,673.2,subiendo,1
1566,431734,mgv1,derecha,normal,alejar,10.11,6.8,-537.2,subiendo,1
1567,431787,mgv1,derecha,normal,alejar,11.48,27.2,408,subiendo,1
1568,431840,mgv1,derecha,normal,alejar,13.52,40.8,272,subiendo,1
1569,431893,mgv1,derecha,normal,alejar,16.51,59.84,380.8,subiendo,1
1570,431947,mgv1,derecha,normal,alejar,17.14,12.58,-945.2,subiendo,1
1571,432001,mgv1,derecha,normal,alejar,19.67,50.66,761.6,subiendo,1
1572,432055,mgv1,derecha,normal,alejar,20.64,19.38,-625.6,subiendo,1
1573,432109,mgv1,derecha,normal,alejar,22.49,37.06,353.6,subiendo,1
1574,432163,mgv1,derecha,normal,alejar,25.96,69.36,646,subiendo,1
1575,432217,mgv1,derecha,normal,alejar,27.98,40.46,-578,subiendo,1
1576,432271,mgv1,derecha,normal,alejar,27.98,0,-809.2,estable,1
1577,432325,mgv1,derecha,normal,alejar,30.12,42.84,856.8,subiendo,1
1578,432379,mgv1,derecha,normal,alejar,32.96,56.78,278.8,subiendo,1
1579,432434,mgv1,derecha,normal,alejar,36.67,74.12,346.8,subiendo,1
1580,432489,mgv1,derecha,normal,alejar,38.71,40.8,-666.4,subiendo,1
1581,432544,mgv1,derecha,normal,alejar,43.37,93.16,1047.2,subiendo,1
1582,432599,mgv1,derecha,normal,alejar,46.8,68.68,-489.6,subiendo,1
1583,432654,mgv1,derecha,normal,alejar,48.74,38.76,-598.4,subiendo,1
1584,432710,mgv1,derecha,normal,alejar,49.27,10.54,-564.4,subiendo,1
1585,432766,mgv1,derecha,normal,alejar,52.84,71.4,1217.2,subiendo,1
1586,432822,mgv1,derecha,normal,alejar,53.18,6.8,-1292,subiendo,1
1587,432878,mgv1,derecha,normal,alejar,55.56,47.6,816,subiendo,1
1588,432934,mgv1,derecha,normal,alejar,57.53,39.44,-163.2,subiendo,1
1589,432990,mgv1,derecha,normal,alejar,59.62,41.82,47.6,subiendo,1
1590,433046,mgv1,derecha,normal,alejar,64.79,103.36,1230.8,subiendo,1
1591,433103,mgv1,derecha,normal,alejar,65.87,21.76,-1632,subiendo,1
1592,433160,mgv1,derecha,normal,alejar,204.51,2772.7,55018.8,subiendo,1
1593,433225,mgv1,derecha,normal,alejar,204.93,8.5,-55284,subiendo,1
1594,433290,mgv1,derecha,normal,alejar,204.56,-7.48,-319.6,bajando,1
1595,433355,mgv1,derecha,normal,alejar,204.56,0,149.6,estable,1
1596,433420,mgv1,derecha,normal,alejar,204.54,-0.34,-6.8,estable,1
1597,433485,mgv1,derecha,normal,alejar,204.53,-0.34,-0.01,estable,1
1598,433550,mgv1,derecha,normal,alejar,204.58,1.02,27.21,estable,1
1599,433615,mgv1,derecha,normal,alejar,205.02,8.84,156.4,subiendo,1
1600,434612,mgv1,derecha,normal,alejar,204.58,0,0,estable,1
1601,434677,mgv1,derecha,normal,alejar,205.39,16.32,326.4,subiendo,1
1602,434742,mgv1,derecha,normal,alejar,205.41,0.34,-319.6,estable,1
1603,434807,mgv1,derecha,normal,alejar,204.56,-17,-346.8,bajando,1
1604,434872,mgv1,derecha,normal,alejar,204.58,0.34,346.8,estable,1
1605,434937,mgv1,derecha,normal,alejar,215.1,210.46,4202.4,subiendo,1
1606,435002,mgv1,derecha,normal,alejar,22.51,-3851.86,-81246.4,bajando,1
1607,435056,mgv1,derecha,normal,alejar,15.86,-132.94,74378.41,bajando,1
1608,435110,mgv1,derecha,normal,alejar,14.86,-20.06,2257.6,bajando,1
1609,435164,mgv1,derecha,normal,alejar,13.18,-33.66,-272,bajando,1
1610,435217,mgv1,derecha,normal,alejar,14.52,26.86,1210.4,subiendo,1
1611,435271,mgv1,derecha,normal,alejar,15.2,13.6,-265.2,subiendo,1
1612,435325,mgv1,derecha,normal,alejar,14.52,-13.6,-544,bajando,1
1613,435379,mgv1,derecha,normal,alejar,14.52,0,272,estable,1
1614,435433,mgv1,derecha,normal,alejar,16.18,33.32,666.4,subiendo,1
1615,435487,mgv1,derecha,normal,alejar,18.09,38.08,95.2,subiendo,1
1616,435541,mgv1,derecha,normal,alejar,19.36,25.5,-251.6,subiendo,1
1617,435595,mgv1,derecha,normal,alejar,22.22,57.12,632.4,subiendo,1
1618,435649,mgv1,derecha,normal,alejar,22.51,5.78,-1026.8,subiendo,1
1619,435703,mgv1,derecha,normal,alejar,25.96,69.02,1264.8,subiendo,1
1620,435757,mgv1,derecha,normal,alejar,27.11,23.12,-918,subiendo,1
1621,435811,mgv1,derecha,normal,alejar,27.39,5.44,-353.6,subiendo,1
1622,435865,mgv1,derecha,normal,alejar,29.87,49.64,884,subiendo,1
1623,435919,mgv1,derecha,normal,alejar,31.69,36.38,-265.2,subiendo,1
1624,435974,mgv1,derecha,normal,alejar,33.24,30.94,-108.8,subiendo,1
1625,436029,mgv1,derecha,normal,alejar,36.47,64.6,673.2,subiendo,1
1626,436084,mgv1,derecha,normal,alejar,37.62,23.12,-829.6,subiendo,1
1627,436139,mgv1,derecha,normal,alejar,42.42,95.88,1455.2,subiendo,1
1628,436194,mgv1,derecha,normal,alejar,42.81,7.82,-1761.2,subiendo,1
1629,436249,mgv1,derecha,normal,alejar,48.77,119.34,2230.4,subiendo,1
1630,436305,mgv1,derecha,normal,alejar,49.32,10.88,-2169.2,subiendo,1
1631,436361,mgv1,derecha,normal,alejar,50.15,16.66,115.6,subiendo,1
1632,436417,mgv1,derecha,normal,alejar,53.36,64.26,952,subiendo,1
1633,436473,mgv1,derecha,normal,alejar,55.57,44.2,-401.2,subiendo,1
1634,436529,mgv1,derecha,normal,alejar,57.94,47.26,61.2,subiendo,1
1635,436585,mgv1,derecha,normal,alejar,59.76,36.38,-217.6,subiendo,1
1636,436641,mgv1,derecha,normal,alejar,62.83,61.54,503.2,subiendo,1
1637,436697,mgv1,derecha,normal,alejar,69.12,125.8,1285.2,subiendo,1
1638,436754,mgv1,derecha,normal,alejar,204.15,2700.62,51496.4,subiendo,1
1639,436819,mgv1,derecha,normal,alejar,204.6,8.84,-53835.6,subiendo,1
1640,436884,mgv1,derecha,normal,alejar,204.56,-0.68,-190.4,estable,1
1641,436949,mgv1,derecha,normal,alejar,204.58,0.34,20.4,estable,1
1642,437014,mgv1,derecha,normal,alejar,204.15,-8.5,-176.8,bajando,1
1643,437079,mgv1,derecha,normal,alejar,204.15,0,170,estable,1
1644,437144,mgv1,derecha,normal,alejar,204.54,7.82,156.4,subiendo,1
1645,437209,mgv1,derecha,normal,alejar,204.58,0.68,-142.8,estable,1
1646,437274,mgv1,derecha,normal,alejar,204.14,-8.84,-190.4,bajando,1
1647,437339,mgv1,derecha,normal,alejar,204.97,16.66,510,subiendo,1
1648,437404,mgv1,derecha,normal,alejar,204.56,-8.16,-496.39,bajando,1
1649,437469,mgv1,derecha,normal,alejar,204.54,-0.34,156.4,estable,1
1650,438594,mgv1,derecha,normal,alejar,204.97,0,0,estable,1
1651,438659,mgv1,derecha,normal,alejar,204.56,-8.16,-163.2,bajando,1
1652,438724,mgv1,derecha,normal,alejar,204.56,0,163.2,estable,1
1653,438789,mgv1,derecha,normal,alejar,22.8,-3635.28,-72705.61,bajando,1
1654,438843,mgv1,derecha,normal,alejar,20.94,-37.06,71964.41,bajando,1
1655,438897,mgv1,derecha,normal,alejar,19.36,-31.62,108.8,bajando,1
1656,438951,mgv1,derecha,normal,alejar,17.14,-44.54,-258.4,bajando,1
1657,439005,mgv1,derecha,normal,alejar,16.18,-19.04,510,bajando,1
1658,439059,mgv1,derecha,normal,alejar,-1,0,380.8,estable,0
1659,439139,mgv1,derecha,normal,alejar,14.53,-32.98,-659.6,bajando,1
1660,439193,mgv1,derecha,normal,alejar,14.53,0,659.6,estable,1
1661,439247,mgv1,derecha,normal,alejar,15.88,26.86,537.2,subiendo,1
1662,439301,mgv1,derecha,normal,alejar,15.86,-0.34,-544,estable,1
1663,439355,mgv1,derecha,normal,alejar,17.46,31.96,646,subiendo,1
1664,439409,mgv1,derecha,normal,alejar,20.32,57.12,503.2,subiendo,1
1665,439463,mgv1,derecha,normal,alejar,22.51,43.86,-265.2,subiendo,1
1666,439517,mgv1,derecha,normal,alejar,25.96,69.02,503.2,subiendo,1
1667,439571,mgv1,derecha,normal,alejar,26.25,5.78,-1264.8,subiendo,1
1668,439625,mgv1,derecha,normal,alejar,27.69,28.9,462.4,subiendo,1
1669,439679,mgv1,derecha,normal,alejar,32.96,105.4,1530,subiendo,1
1670,439734,mgv1,derecha,normal,alejar,34,20.74,-1693.2,subiendo,1
1671,439789,mgv1,derecha,normal,alejar,36.91,58.14,748,subiendo,1
1672,439844,mgv1,derecha,normal,alejar,37.37,9.18,-979.2,subiendo,1
1673,439899,mgv1,derecha,normal,alejar,43.59,124.44,2305.2,subiendo,1
1674,439954,mgv1,derecha,normal,alejar,42.77,-16.32,-2815.2,bajando,1
1675,440009,mgv1,derecha,normal,alejar,44.97,43.86,1203.6,subiendo,1
1676,440064,mgv1,derecha,normal,alejar,48.14,63.58,394.4,subiendo,1
1677,440120,mgv1,derecha,normal,alejar,52.16,80.24,333.2,subiendo,1
1678,440176,mgv1,derecha,normal,alejar,51.31,-17,-1944.8,bajando,1
1679,440232,mgv1,derecha,normal,alejar,53.86,51,1360,subiendo,1
1680,440288,mgv1,derecha,normal,alejar,55.86,40.12,-217.6,subiendo,1
1681,440344,mgv1,derecha,normal,alejar,58.22,47.26,142.8,subiendo,1
1682,440400,mgv1,derecha,normal,alejar,59.33,22.1,-503.2,subiendo,1
1683,440456,mgv1,derecha,normal,alejar,64.92,111.86,1795.2,subiendo,1
1684,440513,mgv1,derecha,normal,alejar,63.97,-19.04,-2618,bajando,1
1685,440569,mgv1,derecha,normal,alejar,214.68,3014.1,60662.79,subiendo,1
1686,440634,mgv1,derecha,normal,alejar,64.82,-2997.1,-120223.98,bajando,1
1687,440691,mgv1,derecha,normal,alejar,205.84,2820.3,116348,subiendo,1
1688,440756,mgv1,derecha,normal,alejar,78.85,-2539.8,-107202,bajando,1
1689,440813,mgv1,derecha,normal,alejar,80.34,29.92,51394.41,subiendo,1
1690,440870,mgv1,derecha,normal,alejar,204.99,2492.88,49259.2,subiendo,1
1691,440935,mgv1,derecha,normal,alejar,204.56,-8.5,-50027.59,bajando,1
1692,441000,mgv1,derecha,normal,alejar,204.95,7.82,326.39,subiendo,1
1693,441065,mgv1,derecha,normal,alejar,204.54,-8.16,-319.59,bajando,1
1694,441130,mgv1,derecha,normal,alejar,205.39,17,503.19,subiendo,1
1695,441195,mgv1,derecha,normal,alejar,204.12,-25.5,-849.99,bajando,1
1696,441260,mgv1,derecha,normal,alejar,205.41,25.84,1026.79,subiendo,1
1697,441325,mgv1,derecha,normal,alejar,204.56,-17,-856.79,bajando,1
1698,441390,mgv1,derecha,normal,alejar,204.99,8.5,509.99,subiendo,1
1699,441455,mgv1,derecha,normal,alejar,204.99,0,-170,estable,1
1700,442241,mgv1,derecha,rapida,alejar,204.58,0,0,estable,1
1701,442306,mgv1,derecha,rapida,alejar,204.99,8.16,163.2,subiendo,1
1702,442371,mgv1,derecha,rapida,alejar,204.61,-7.48,-312.79,bajando,1
1703,442436,mgv1,derecha,rapida,alejar,204.6,-0.34,142.8,estable,1
1704,442501,mgv1,derecha,rapida,alejar,204.58,-0.34,0,estable,1
1705,442566,mgv1,derecha,rapida,alejar,205,8.5,176.8,subiendo,1
1706,442631,mgv1,derecha,rapida,alejar,215.12,202.3,3875.99,subiendo,1
1707,442696,mgv1,derecha,rapida,alejar,20.64,-3889.6,-81837.99,bajando,1
1708,442750,mgv1,derecha,rapida,alejar,19.36,-25.5,77282,bajando,1
1709,442804,mgv1,derecha,rapida,alejar,19.36,0,510,estable,1
1710,442858,mgv1,derecha,rapida,alejar,217.31,3958.96,79179.2,subiendo,1
1711,442923,mgv1,derecha,rapida,alejar,24.23,-3861.72,-156413.59,bajando,1
1712,442977,mgv1,derecha,rapida,alejar,29.09,97.24,79179.2,subiendo,1
1713,443031,mgv1,derecha,rapida,alejar,203.73,3492.82,67911.59,subiendo,1
1714,443096,mgv1,derecha,rapida,alejar,29.36,-3487.38,-139604,bajando,1
1715,443150,mgv1,derecha,rapida,alejar,204.99,3512.54,139998.41,subiendo,1
1716,443215,mgv1,derecha,rapida,alejar,32.69,-3445.9,-139168.78,bajando,1
1717,443270,mgv1,derecha,rapida,alejar,35.99,65.96,70237.2,subiendo,1
1718,443325,mgv1,derecha,rapida,alejar,37.59,31.96,-680,subiendo,1
1719,443380,mgv1,derecha,rapida,alejar,38.05,9.18,-455.6,subiendo,1
1720,443435,mgv1,derecha,rapida,alejar,43.38,106.76,1951.6,subiendo,1
1721,443490,mgv1,derecha,rapida,alejar,43.2,-3.74,-2210,bajando,1
1722,443545,mgv1,derecha,rapida,alejar,47.17,79.56,1666,subiendo,1
1723,443600,mgv1,derecha,rapida,alejar,204.58,3148.06,61370,subiendo,1
1724,443665,mgv1,derecha,rapida,alejar,50.32,-3085.16,-124664.39,bajando,1
1725,443721,mgv1,derecha,rapida,alejar,52.36,40.8,62519.2,subiendo,1
1726,443777,mgv1,derecha,rapida,alejar,59.36,140.08,1985.6,subiendo,1
1727,443833,mgv1,derecha,rapida,alejar,56.15,-64.26,-4086.8,bajando,1
1728,443889,mgv1,derecha,rapida,alejar,57.83,33.66,1958.4,subiendo,1
1729,443945,mgv1,derecha,rapida,alejar,59.23,27.88,-115.6,subiendo,1
1730,444001,mgv1,derecha,rapida,alejar,60.33,22.1,-115.6,subiendo,1
1731,444057,mgv1,derecha,rapida,alejar,62.85,50.32,564.4,subiendo,1
1732,444113,mgv1,derecha,rapida,alejar,68.03,103.7,1067.6,subiendo,1
1733,444170,mgv1,derecha,rapida,alejar,71.18,62.9,-816,subiendo,1
1734,444227,mgv1,derecha,rapida,alejar,72.44,25.16,-754.8,subiendo,1
1735,444284,mgv1,derecha,rapida,alejar,74.12,33.66,170,subiendo,1
1736,444341,mgv1,derecha,rapida,alejar,204.1,2599.64,51319.59,subiendo,1
1737,444406,mgv1,derecha,rapida,alejar,204.99,17.68,-51639.2,subiendo,1
1738,444471,mgv1,derecha,rapida,alejar,204.56,-8.5,-523.59,bajando,1
1739,444536,mgv1,derecha,rapida,alejar,204.54,-0.34,163.2,estable,1
1740,444601,mgv1,derecha,rapida,alejar,204.54,0,6.8,estable,1
1741,444666,mgv1,derecha,rapida,alejar,204.15,-7.82,-156.4,bajando,1
1742,444731,mgv1,derecha,rapida,alejar,204.15,0,156.4,estable,1
1743,444796,mgv1,derecha,rapida,alejar,204.53,7.48,149.6,subiendo,1
1744,444861,mgv1,derecha,rapida,alejar,204.15,-7.48,-299.19,bajando,1
1745,444926,mgv1,derecha,rapida,alejar,204.56,8.16,312.8,subiendo,1
1746,444991,mgv1,derecha,rapida,alejar,204.53,-0.68,-176.81,estable,1
1747,445056,mgv1,derecha,rapida,alejar,204.15,-7.48,-135.99,bajando,1
1748,445121,mgv1,derecha,rapida,alejar,204.12,-0.68,136,estable,1
1749,445186,mgv1,derecha,rapida,alejar,204.53,8.16,176.79,subiendo,1
1750,446219,mgv1,derecha,rapida,alejar,215.54,0,0,estable,1
1751,446284,mgv1,derecha,rapida,alejar,18.41,-3942.64,-78852.8,bajando,1
1752,446338,mgv1,derecha,rapida,alejar,16.83,-31.62,78220.41,bajando,1
1753,446392,mgv1,derecha,rapida,alejar,16.18,-12.92,374,bajando,1
1754,446446,mgv1,derecha,rapida,alejar,15.86,-6.46,129.2,bajando,1
1755,446500,mgv1,derecha,rapida,alejar,15.2,-13.26,-136,bajando,1
1756,446554,mgv1,derecha,rapida,alejar,14.18,-20.4,-142.8,bajando,1
1757,446608,mgv1,derecha,rapida,alejar,15.54,27.2,952,subiendo,1
1758,446662,mgv1,derecha,rapida,alejar,17.44,38.08,217.6,subiendo,1
1759,446716,mgv1,derecha,rapida,alejar,17.14,-6.12,-884,bajando,1
1760,446770,mgv1,derecha,rapida,alejar,19.35,44.2,1006.4,subiendo,1
1761,446824,mgv1,derecha,rapida,alejar,23.09,74.8,612,subiendo,1
1762,446878,mgv1,derecha,rapida,alejar,25.38,45.9,-578,subiendo,1
1763,446932,mgv1,derecha,rapida,alejar,27.39,40.12,-115.6,subiendo,1
1764,446986,mgv1,derecha,rapida,alejar,32.2,96.22,1122,subiendo,1
1765,447041,mgv1,derecha,rapida,alejar,31.67,-10.54,-2135.2,bajando,1
1766,447096,mgv1,derecha,rapida,alejar,33.74,41.48,1040.4,subiendo,1
1767,447151,mgv1,derecha,rapida,alejar,35.77,40.46,-20.4,subiendo,1
1768,447206,mgv1,derecha,rapida,alejar,38.3,50.66,204,subiendo,1
1769,447261,mgv1,derecha,rapida,alejar,40.58,45.56,-102,subiendo,1
1770,447316,mgv1,derecha,rapida,alejar,42.81,44.54,-20.4,subiendo,1
1771,447371,mgv1,derecha,rapida,alejar,46.38,71.4,537.2,subiendo,1
1772,447426,mgv1,derecha,rapida,alejar,48.96,51.68,-394.4,subiendo,1
1773,447482,mgv1,derecha,rapida,alejar,48.37,-11.9,-1271.6,bajando,1
1774,447538,mgv1,derecha,rapida,alejar,50.47,42.16,1081.2,subiendo,1
1775,447594,mgv1,derecha,rapida,alejar,53.21,54.74,251.6,subiendo,1
1776,447650,mgv1,derecha,rapida,alejar,54.89,33.66,-421.6,subiendo,1
1777,447706,mgv1,derecha,rapida,alejar,57.26,47.26,272,subiendo,1
1778,447762,mgv1,derecha,rapida,alejar,58.8,30.94,-326.4,subiendo,1
1779,447818,mgv1,derecha,rapida,alejar,66.35,150.96,2400.4,subiendo,1
1780,447875,mgv1,derecha,rapida,alejar,67.18,16.66,-2686,subiendo,1
1781,447932,mgv1,derecha,rapida,alejar,70.29,62.22,911.2,subiendo,1
1782,447989,mgv1,derecha,rapida,alejar,64.67,-112.54,-3495.2,bajando,1
1783,448046,mgv1,derecha,rapida,alejar,204.12,2789.02,58031.2,subiendo,1
1784,448111,mgv1,derecha,rapida,alejar,204.53,8.16,-55617.21,subiendo,1
1785,448176,mgv1,derecha,rapida,alejar,204.14,-7.82,-319.59,bajando,1
1786,448241,mgv1,derecha,rapida,alejar,204.1,-0.68,142.8,estable,1
1787,448306,mgv1,derecha,rapida,alejar,204.56,9.18,197.2,subiendo,1
1788,448371,mgv1,derecha,rapida,alejar,204.51,-1.02,-204,estable,1
1789,448436,mgv1,derecha,rapida,alejar,204.12,-7.82,-135.99,bajando,1
1790,448501,mgv1,derecha,rapida,alejar,204.14,0.34,163.2,estable,1
1791,448566,mgv1,derecha,rapida,alejar,204.49,7.14,136,subiendo,1
1792,448631,mgv1,derecha,rapida,alejar,204.1,-7.82,-299.19,bajando,1
1793,448696,mgv1,derecha,rapida,alejar,204.12,0.34,163.2,estable,1
1794,448761,mgv1,derecha,rapida,alejar,204.12,0,-6.8,estable,1
1795,448826,mgv1,derecha,rapida,alejar,204.49,7.48,149.6,subiendo,1
1796,448891,mgv1,derecha,rapida,alejar,204.53,0.68,-136,estable,1
1797,448956,mgv1,derecha,rapida,alejar,204.12,-8.16,-176.79,bajando,1
1798,449021,mgv1,derecha,rapida,alejar,204.53,8.16,326.39,subiendo,1
1799,449086,mgv1,derecha,rapida,alejar,204.93,8.16,0.01,subiendo,1
1800,450004,mgv1,derecha,rapida,alejar,204.54,0,0,estable,1
1801,450068,mgv1,derecha,rapida,alejar,204.53,-0.34,-6.81,estable,1
1802,450133,mgv1,derecha,rapida,alejar,214.64,202.3,4052.81,subiendo,1
1803,450198,mgv1,derecha,rapida,alejar,215.56,18.36,-3678.8,subiendo,1
1804,450263,mgv1,derecha,rapida,alejar,15.86,-3993.98,-80246.8,bajando,1
1805,450317,mgv1,derecha,rapida,alejar,12.49,-67.32,78533.2,bajando,1
1806,450370,mgv1,derecha,rapida,alejar,10.45,-40.8,530.4,bajando,1
1807,450423,mgv1,derecha,rapida,alejar,16.81,127.16,3359.2,subiendo,1
1808,450477,mgv1,derecha,rapida,alejar,11.48,-106.76,-4678.4,bajando,1
1809,450530,mgv1,derecha,rapida,alejar,10.8,-13.6,1863.2,bajando,1
1810,450583,mgv1,derecha,rapida,alejar,10.8,0,272,estable,1
1811,450636,mgv1,derecha,rapida,alejar,10.11,-13.6,-272,bajando,1
1812,450689,mgv1,derecha,rapida,alejar,12.15,40.8,1088,subiendo,1
1813,450742,mgv1,derecha,rapida,alejar,11.14,-20.4,-1224,bajando,1
1814,450795,mgv1,derecha,rapida,alejar,12.15,20.4,816,subiendo,1
1815,450848,mgv1,derecha,rapida,alejar,15.56,68,952,subiendo,1
1816,450902,mgv1,derecha,rapida,alejar,15.86,6.12,-1237.6,subiendo,1
1817,450956,mgv1,derecha,rapida,alejar,17.14,25.5,387.6,subiendo,1
1818,451010,mgv1,derecha,rapida,alejar,19.99,57.12,632.4,subiendo,1
1819,451064,mgv1,derecha,rapida,alejar,21.9,38.08,-380.8,subiendo,1
1820,451118,mgv1,derecha,rapida,alejar,204.09,3643.78,72114,subiendo,1
1821,451183,mgv1,derecha,rapida,alejar,28.54,-3510.84,-143092.41,bajando,1
1822,451237,mgv1,derecha,rapida,alejar,30.38,36.72,70951.2,subiendo,1
1823,451291,mgv1,derecha,rapida,alejar,33.49,62.22,510,subiendo,1
1824,451346,mgv1,derecha,rapida,alejar,37.13,72.76,210.8,subiendo,1
1825,451401,mgv1,derecha,rapida,alejar,204.99,3357.16,65688,subiendo,1
1826,451466,mgv1,derecha,rapida,alejar,44.78,-3204.16,-131226.41,bajando,1
1827,451521,mgv1,derecha,rapida,alejar,48.37,71.74,65518,subiendo,1
1828,451577,mgv1,derecha,rapida,alejar,52.34,79.56,156.4,subiendo,1
1829,451633,mgv1,derecha,rapida,alejar,55.86,70.38,-183.6,subiendo,1
1830,451689,mgv1,derecha,rapida,alejar,57.54,33.66,-734.4,subiendo,1
1831,451745,mgv1,derecha,rapida,alejar,64.51,139.4,2114.8,subiendo,1
1832,451801,mgv1,derecha,rapida,alejar,69.12,92.14,-945.2,subiendo,1
1833,451858,mgv1,derecha,rapida,alejar,71.09,39.44,-1054,subiendo,1
1834,451915,mgv1,derecha,rapida,alejar,64.94,-123.08,-3250.4,bajando,1
1835,451972,mgv1,derecha,rapida,alejar,204.92,2799.56,58452.8,subiendo,1
1836,452037,mgv1,derecha,rapida,alejar,205.34,8.5,-55821.2,subiendo,1
1837,452102,mgv1,derecha,rapida,alejar,204.92,-8.5,-340,bajando,1
1838,452167,mgv1,derecha,rapida,alejar,204.92,0,170,estable,1
1839,452232,mgv1,derecha,rapida,alejar,204.92,0,0,estable,1
1840,452297,mgv1,derecha,rapida,alejar,204.92,0,0,estable,1
1841,452362,mgv1,derecha,rapida,alejar,204.92,0,0,estable,1
1842,452427,mgv1,derecha,rapida,alejar,204.49,-8.5,-170,bajando,1
1843,452492,mgv1,derecha,rapida,alejar,204.48,-0.34,163.2,estable,1
1844,452557,mgv1,derecha,rapida,alejar,204.92,8.84,183.6,subiendo,1
1845,452622,mgv1,derecha,rapida,alejar,204.51,-8.16,-340,bajando,1
1846,452687,mgv1,derecha,rapida,alejar,204.48,-0.68,149.6,estable,1
1847,452752,mgv1,derecha,rapida,alejar,204.49,0.34,20.4,estable,1
1848,452817,mgv1,derecha,rapida,alejar,204.51,0.34,0,estable,1
1849,452882,mgv1,derecha,rapida,alejar,204.53,0.34,0,estable,1
1850,453736,mgv1,derecha,rapida,alejar,205.34,0,0,estable,1
1851,453801,mgv1,derecha,rapida,alejar,204.09,-25.16,-503.2,bajando,1
1852,453866,mgv1,derecha,rapida,alejar,25.96,-3562.52,-70747.2,bajando,1
1853,453920,mgv1,derecha,rapida,alejar,25.67,-5.78,71134.8,bajando,1
1854,453974,mgv1,derecha,rapida,alejar,19.99,-113.56,-2155.6,bajando,1
1855,454028,mgv1,derecha,rapida,alejar,20.62,12.58,2522.8,subiendo,1
1856,454082,mgv1,derecha,rapida,alejar,18.41,-44.2,-1135.6,bajando,1
1857,454136,mgv1,derecha,rapida,alejar,19.67,25.16,1387.2,subiendo,1
1858,454190,mgv1,derecha,rapida,alejar,17.44,-44.54,-1394,bajando,1
1859,454244,mgv1,derecha,rapida,alejar,17.46,0.34,897.6,estable,1
1860,454298,mgv1,derecha,rapida,alejar,19.35,37.74,748,subiendo,1
1861,454352,mgv1,derecha,rapida,alejar,19.67,6.46,-625.6,subiendo,1
1862,454406,mgv1,derecha,rapida,alejar,24.8,102.68,1924.4,subiendo,1
1863,454460,mgv1,derecha,rapida,alejar,22.78,-40.46,-2862.8,bajando,1
1864,454514,mgv1,derecha,rapida,alejar,23.94,23.12,1271.6,subiendo,1
1865,454568,mgv1,derecha,rapida,alejar,25.94,40.12,340,subiendo,1
1866,454622,mgv1,derecha,rapida,alejar,29.34,68,557.6,subiendo,1
1867,454676,mgv1,derecha,rapida,alejar,31.16,36.38,-632.4,subiendo,1
1868,454731,mgv1,derecha,rapida,alejar,204.09,3458.48,68442,subiendo,1
1869,454796,mgv1,derecha,rapida,alejar,35.53,-3371.1,-136591.59,bajando,1
1870,454851,mgv1,derecha,rapida,alejar,37.37,36.72,68156.4,subiendo,1
1871,454906,mgv1,derecha,rapida,alejar,41.02,73.1,727.6,subiendo,1
1872,454961,mgv1,derecha,rapida,alejar,204.53,3270.12,63940.4,subiendo,1
1873,455026,mgv1,derecha,rapida,alejar,45.97,-3171.18,-128826,bajando,1
1874,455081,mgv1,derecha,rapida,alejar,49.3,66.64,64756.4,subiendo,1
1875,455137,mgv1,derecha,rapida,alejar,50.66,27.2,-788.8,subiendo,1
1876,455193,mgv1,derecha,rapida,alejar,52.19,30.6,68,subiendo,1
1877,455249,mgv1,derecha,rapida,alejar,54.37,43.52,258.4,subiendo,1
1878,455305,mgv1,derecha,rapida,alejar,56.01,32.98,-210.8,subiendo,1
1879,455361,mgv1,derecha,rapida,alejar,56.58,11.22,-435.2,subiendo,1
1880,455417,mgv1,derecha,rapida,alejar,62.85,125.46,2284.8,subiendo,1
1881,455473,mgv1,derecha,rapida,alejar,204.9,2841.04,54311.6,subiendo,1
1882,455538,mgv1,derecha,rapida,alejar,77.59,-2546.26,-107746,bajando,1
1883,455595,mgv1,derecha,rapida,alejar,204.92,2546.6,101857.2,subiendo,1
1884,455660,mgv1,derecha,rapida,alejar,204.53,-7.82,-51088.4,bajando,1
1885,455725,mgv1,derecha,rapida,alejar,204.9,7.48,306.01,subiendo,1
1886,455790,mgv1,derecha,rapida,alejar,204.88,-0.34,-156.4,estable,1
1887,455855,mgv1,derecha,rapida,alejar,204.88,0,6.8,estable,1
1888,455920,mgv1,derecha,rapida,alejar,204.48,-8.16,-163.2,bajando,1
1889,455985,mgv1,derecha,rapida,alejar,204.88,8.16,326.4,subiendo,1
1890,456050,mgv1,derecha,rapida,alejar,204.92,0.68,-149.6,estable,1
1891,456115,mgv1,derecha,rapida,alejar,204.9,-0.34,-20.4,estable,1
1892,456180,mgv1,derecha,rapida,alejar,205.33,8.5,176.8,subiendo,1
1893,456245,mgv1,derecha,rapida,alejar,205.77,8.84,6.8,subiendo,1
1894,456310,mgv1,derecha,rapida,alejar,205.34,-8.5,-346.8,bajando,1
1895,456375,mgv1,derecha,rapida,alejar,204.53,-16.32,-156.4,bajando,1
1896,456440,mgv1,derecha,rapida,alejar,204.9,7.48,476.01,subiendo,1
1897,456505,mgv1,derecha,rapida,alejar,204.93,0.68,-136,estable,1
1898,456570,mgv1,derecha,rapida,alejar,204.48,-9.18,-197.2,bajando,1
1899,456635,mgv1,derecha,rapida,alejar,204.93,9.18,367.2,subiendo,1
1900,457835,mgv1,derecha,rapida,alejar,14.18,0,0,estable,1
1901,457889,mgv1,derecha,rapida,alejar,15.86,33.66,673.2,subiendo,1
1902,457943,mgv1,derecha,rapida,alejar,15.86,0,-673.2,estable,1
1903,457997,mgv1,derecha,rapida,alejar,16.51,12.92,258.4,subiendo,1
1904,458051,mgv1,derecha,rapida,alejar,16.18,-6.46,-387.6,bajando,1
1905,458105,mgv1,derecha,rapida,alejar,31.42,304.64,6222,subiendo,1
1906,458160,mgv1,derecha,rapida,alejar,16.18,-304.64,-12185.6,bajando,1
1907,458214,mgv1,derecha,rapida,alejar,16.81,12.58,6344.4,subiendo,1
1908,458268,mgv1,derecha,rapida,alejar,16.81,0,-251.6,estable,1
1909,458322,mgv1,derecha,rapida,alejar,15.86,-19.04,-380.8,bajando,1
1910,458376,mgv1,derecha,rapida,alejar,19.99,82.62,2033.2,subiendo,1
1911,458430,mgv1,derecha,rapida,alejar,18.09,-38.08,-2414,bajando,1
1912,458484,mgv1,derecha,rapida,alejar,19.35,25.16,1264.8,subiendo,1
1913,458538,mgv1,derecha,rapida,alejar,22.49,62.9,754.8,subiendo,1
1914,458592,mgv1,derecha,rapida,alejar,23.65,23.12,-795.6,subiendo,1
1915,458646,mgv1,derecha,rapida,alejar,26.54,57.8,693.6,subiendo,1
1916,458700,mgv1,derecha,rapida,alejar,30.38,76.84,380.8,subiendo,1
1917,458754,mgv1,derecha,rapida,alejar,204.46,3481.6,68095.2,subiendo,1
1918,458819,mgv1,derecha,rapida,alejar,37.59,-3337.44,-136380.8,bajando,1
1919,458874,mgv1,derecha,rapida,alejar,43.59,120.02,69149.2,subiendo,1
1920,458929,mgv1,derecha,rapida,alejar,47.55,79.22,-816,subiendo,1
1921,458985,mgv1,derecha,rapida,alejar,49.13,31.62,-952,subiendo,1
1922,459041,mgv1,derecha,rapida,alejar,51.15,40.46,176.8,subiendo,1
1923,459097,mgv1,derecha,rapida,alejar,56.01,97.24,1135.6,subiendo,1
1924,459153,mgv1,derecha,rapida,alejar,56.71,13.94,-1666,subiendo,1
1925,459209,mgv1,derecha,rapida,alejar,63,125.8,2237.2,subiendo,1
1926,459265,mgv1,derecha,rapida,alejar,204.92,2838.32,54250.4,subiendo,1
1927,459330,mgv1,derecha,rapida,alejar,215.03,202.3,-52720.4,subiendo,1
1928,459395,mgv1,derecha,rapida,alejar,64.82,-3004.24,-64130.8,bajando,1
1929,459452,mgv1,derecha,rapida,alejar,204.46,2792.76,115940,subiendo,1
1930,459517,mgv1,derecha,rapida,alejar,204.92,9.18,-55671.6,subiendo,1
1931,459582,mgv1,derecha,rapida,alejar,204.92,0,-183.6,estable,1
1932,459647,mgv1,derecha,rapida,alejar,214.62,194.14,3882.8,subiendo,1
1933,459712,mgv1,derecha,rapida,alejar,204.49,-202.64,-7935.6,bajando,1
1934,459777,mgv1,derecha,rapida,alejar,204.88,7.82,4209.2,subiendo,1
1935,459842,mgv1,derecha,rapida,alejar,205.75,17.34,190.4,subiendo,1
1936,459907,mgv1,derecha,rapida,alejar,204.48,-25.5,-856.81,bajando,1
1937,459972,mgv1,derecha,rapida,alejar,214.61,202.64,4562.81,subiendo,1
1938,460037,mgv1,derecha,rapida,alejar,204.9,-194.14,-7935.6,bajando,1
1939,460102,mgv1,derecha,rapida,alejar,204.92,0.34,3889.6,estable,1
1940,460167,mgv1,derecha,rapida,alejar,204.46,-9.18,-190.4,bajando,1
1941,460232,mgv1,derecha,rapida,alejar,204.49,0.68,197.2,estable,1
1942,460297,mgv1,derecha,rapida,alejar,205.31,16.32,312.81,subiendo,1
1943,460362,mgv1,derecha,rapida,alejar,204.93,-7.48,-476.01,bajando,1
1944,460427,mgv1,derecha,rapida,alejar,204.92,-0.34,142.8,estable,1
1945,460492,mgv1,derecha,rapida,alejar,205.38,9.18,190.4,subiendo,1
1946,460557,mgv1,derecha,rapida,alejar,204.48,-18.02,-544,bajando,1
1947,460622,mgv1,derecha,rapida,alejar,204.9,8.5,530.4,subiendo,1
1948,460687,mgv1,derecha,rapida,alejar,204.92,0.34,-163.2,estable,1
1949,460752,mgv1,derecha,rapida,alejar,204.51,-8.16,-170,bajando,1
1950,461385,mgv1,derecha,rapida,alejar,204.49,0,0,estable,1
1951,461449,mgv1,derecha,rapida,alejar,204.51,0.34,6.8,estable,1
1952,461514,mgv1,derecha,rapida,alejar,215.03,210.46,4202.4,subiendo,1
1953,461579,mgv1,derecha,rapida,alejar,-1,0,-4209.2,estable,0
1954,461659,mgv1,derecha,rapida,alejar,15.56,-3989.56,-79791.2,bajando,1
1955,461713,mgv1,derecha,rapida,alejar,16.18,12.58,80042.8,subiendo,1
1956,461767,mgv1,derecha,rapida,alejar,15.56,-12.58,-503.2,bajando,1
1957,461821,mgv1,derecha,rapida,alejar,15.56,0,251.6,estable,1
1958,461875,mgv1,derecha,rapida,alejar,14.53,-20.4,-408,bajando,1
1959,461929,mgv1,derecha,rapida,alejar,15.2,13.26,673.2,subiendo,1
1960,461983,mgv1,derecha,rapida,alejar,16.83,32.64,387.6,subiendo,1
1961,462037,mgv1,derecha,rapida,alejar,17.46,12.58,-401.2,subiendo,1
1962,462091,mgv1,derecha,rapida,alejar,17.14,-6.46,-380.8,bajando,1
1963,462145,mgv1,derecha,rapida,alejar,19.99,57.12,1271.6,subiendo,1
1964,462199,mgv1,derecha,rapida,alejar,29.6,192.1,2699.6,subiendo,1
1965,462253,mgv1,derecha,rapida,alejar,25.67,-78.54,-5412.8,bajando,1
1966,462307,mgv1,derecha,rapida,alejar,27.97,45.9,2488.8,subiendo,1
1967,462361,mgv1,derecha,rapida,alejar,148.1,2402.78,47137.61,subiendo,1
1968,462422,mgv1,derecha,rapida,alejar,37.15,-2219.18,-92439.2,bajando,1
1969,462477,mgv1,derecha,rapida,alejar,40.12,59.5,45573.6,subiendo,1
1970,462532,mgv1,derecha,rapida,alejar,45.59,109.48,999.6,subiendo,1
1971,462587,mgv1,derecha,rapida,alejar,46.97,27.54,-1638.8,subiendo,1
1972,462642,mgv1,derecha,rapida,alejar,52.7,114.58,1740.8,subiendo,1
1973,462698,mgv1,derecha,rapida,alejar,55.06,47.26,-1346.4,subiendo,1
1974,462754,mgv1,derecha,rapida,alejar,57.7,52.7,108.8,subiendo,1
1975,462810,mgv1,derecha,rapida,alejar,59.65,39.1,-272,subiendo,1
1976,462866,mgv1,derecha,rapida,alejar,63.78,82.62,870.4,subiendo,1
1977,462922,mgv1,derecha,rapida,alejar,74.73,218.96,2726.8,subiendo,1
1978,462979,mgv1,derecha,rapida,alejar,72.32,-48.28,-5344.8,bajando,1
1979,463036,mgv1,derecha,rapida,alejar,78.83,130.22,3570,subiendo,1
1980,463093,mgv1,derecha,rapida,alejar,77.32,-30.26,-3209.6,bajando,1
1981,463150,mgv1,derecha,rapida,alejar,78.74,28.56,1176.4,subiendo,1
1982,463207,mgv1,derecha,rapida,alejar,204.46,2514.3,49714.8,subiendo,1
1983,463272,mgv1,derecha,rapida,alejar,204.46,0,-50286,estable,1
1984,463337,mgv1,derecha,rapida,alejar,204.48,0.34,6.8,estable,1
1985,463402,mgv1,derecha,rapida,alejar,204.48,0,-6.8,estable,1
1986,463467,mgv1,derecha,rapida,alejar,204.49,0.34,6.8,estable,1
1987,463532,mgv1,derecha,rapida,alejar,204.48,-0.34,-13.6,estable,1
1988,463597,mgv1,derecha,rapida,alejar,204.88,8.16,170,subiendo,1
1989,463662,mgv1,derecha,rapida,alejar,204.48,-8.16,-326.4,bajando,1
1990,463727,mgv1,derecha,rapida,alejar,204.44,-0.68,149.6,estable,1
1991,463792,mgv1,derecha,rapida,alejar,204.49,1.02,34,estable,1
1992,463857,mgv1,derecha,rapida,alejar,204.46,-0.68,-34,estable,1
1993,463922,mgv1,derecha,rapida,alejar,204.46,0,13.6,estable,1
1994,463987,mgv1,derecha,rapida,alejar,204.48,0.34,6.8,estable,1
1995,464052,mgv1,derecha,rapida,alejar,204.9,8.5,163.2,subiendo,1
1996,464117,mgv1,derecha,rapida,alejar,204.92,0.34,-163.2,estable,1
1997,464182,mgv1,derecha,rapida,alejar,204.46,-9.18,-190.4,bajando,1
1998,464247,mgv1,derecha,rapida,alejar,204.48,0.34,190.4,estable,1
1999,464312,mgv1,derecha,rapida,alejar,204.46,-0.34,-13.6,estable,1
2000,470430,mgv1,derecha,lenta,estatico_cerca,31.67,0,0,estable,1
2001,470485,mgv1,derecha,lenta,estatico_cerca,30.38,-25.84,-516.8,bajando,1
2002,470540,mgv1,derecha,lenta,estatico_cerca,30.91,10.54,727.6,subiendo,1
2003,470595,mgv1,derecha,lenta,estatico_cerca,31.4,9.86,-13.6,subiendo,1
2004,470650,mgv1,derecha,lenta,estatico_cerca,31.67,5.44,-88.4,subiendo,1
2005,470705,mgv1,derecha,lenta,estatico_cerca,31.69,0.34,-102,estable,1
2006,470760,mgv1,derecha,lenta,estatico_cerca,30.91,-15.64,-319.6,bajando,1
2007,470815,mgv1,derecha,lenta,estatico_cerca,31.42,10.2,516.8,subiendo,1
2008,470870,mgv1,derecha,lenta,estatico_cerca,31.93,10.2,0,subiendo,1
2009,470925,mgv1,derecha,lenta,estatico_cerca,32.47,10.88,13.6,subiendo,1
2010,470980,mgv1,derecha,lenta,estatico_cerca,32.2,-5.44,-326.4,bajando,1
2011,471035,mgv1,derecha,lenta,estatico_cerca,31.94,-5.1,6.8,bajando,1
2012,471090,mgv1,derecha,lenta,estatico_cerca,31.67,-5.44,-6.8,bajando,1
2013,471145,mgv1,derecha,lenta,estatico_cerca,32.2,10.54,319.6,subiendo,1
2014,471200,mgv1,derecha,lenta,estatico_cerca,32.2,0,-210.8,estable,1
2015,471255,mgv1,derecha,lenta,estatico_cerca,32.2,0,0,estable,1
2016,471310,mgv1,derecha,lenta,estatico_cerca,32.2,0,0,estable,1
2017,471365,mgv1,derecha,lenta,estatico_cerca,32.2,0,0,estable,1
2018,471420,mgv1,derecha,lenta,estatico_cerca,32.2,0,0,estable,1
2019,471475,mgv1,derecha,lenta,estatico_cerca,32.2,0,0,estable,1
2020,471530,mgv1,derecha,lenta,estatico_cerca,32.2,0,0,estable,1
2021,471585,mgv1,derecha,lenta,estatico_cerca,32.72,10.54,210.8,subiendo,1
2022,471640,mgv1,derecha,lenta,estatico_cerca,32.98,5.1,-108.8,subiendo,1
2023,471695,mgv1,derecha,lenta,estatico_cerca,32.71,-5.44,-210.8,bajando,1
2024,471750,mgv1,derecha,lenta,estatico_cerca,31.69,-20.4,-299.2,bajando,1
2025,471805,mgv1,derecha,lenta,estatico_cerca,31.69,0,408,estable,1
2026,471860,mgv1,derecha,lenta,estatico_cerca,31.67,-0.34,-6.8,estable,1
2027,471915,mgv1,derecha,lenta,estatico_cerca,31.94,5.44,115.6,subiendo,1
2028,471970,mgv1,derecha,lenta,estatico_cerca,32.2,5.1,-6.8,subiendo,1
2029,472025,mgv1,derecha,lenta,estatico_cerca,31.94,-5.1,-204,bajando,1
2030,472080,mgv1,derecha,lenta,estatico_cerca,31.93,-0.34,95.2,estable,1
2031,472135,mgv1,derecha,lenta,estatico_cerca,31.69,-4.76,-88.4,bajando,1
2032,472190,mgv1,derecha,lenta,estatico_cerca,30.89,-15.98,-224.4,bajando,1
2033,472245,mgv1,derecha,lenta,estatico_cerca,30.91,0.34,326.4,estable,1
2034,472300,mgv1,derecha,lenta,estatico_cerca,31.69,15.64,306,subiendo,1
2035,472355,mgv1,derecha,lenta,estatico_cerca,32.2,10.2,-108.8,subiendo,1
2036,472410,mgv1,derecha,lenta,estatico_cerca,31.42,-15.64,-516.8,bajando,1
2037,472465,mgv1,derecha,lenta,estatico_cerca,31.94,10.54,523.6,subiendo,1
2038,472520,mgv1,derecha,lenta,estatico_cerca,31.42,-10.54,-421.6,bajando,1
2039,472575,mgv1,derecha,lenta,estatico_cerca,30.91,-10.2,6.8,bajando,1
2040,472630,mgv1,derecha,lenta,estatico_cerca,31.42,10.2,408,subiendo,1
2041,472685,mgv1,derecha,lenta,estatico_cerca,31.16,-5.1,-306,bajando,1
2042,472740,mgv1,derecha,lenta,estatico_cerca,31.69,10.54,312.8,subiendo,1
2043,472795,mgv1,derecha,lenta,estatico_cerca,31.69,0,-210.8,estable,1
2044,472850,mgv1,derecha,lenta,estatico_cerca,31.67,-0.34,-6.8,estable,1
2045,472905,mgv1,derecha,lenta,estatico_cerca,31.67,0,6.8,estable,1
2046,472960,mgv1,derecha,lenta,estatico_cerca,31.42,-5.1,-102,bajando,1
2047,473015,mgv1,derecha,lenta,estatico_cerca,32.45,20.74,516.8,subiendo,1
2048,473070,mgv1,derecha,lenta,estatico_cerca,31.42,-20.74,-829.6,bajando,1
2049,473125,mgv1,derecha,lenta,estatico_cerca,31.42,0,414.8,estable,1
2050,474104,mgv1,derecha,lenta,estatico_cerca,36.23,0,0,estable,1
2051,474159,mgv1,derecha,lenta,estatico_cerca,204.43,3363.96,67279.2,subiendo,1
2052,474224,mgv1,derecha,lenta,estatico_cerca,204.05,-7.48,-67428.8,bajando,1
2053,474289,mgv1,derecha,lenta,estatico_cerca,204.03,-0.34,142.8,estable,1
2054,474354,mgv1,derecha,lenta,estatico_cerca,204.07,0.68,20.4,estable,1
2055,474419,mgv1,derecha,lenta,estatico_cerca,204.02,-1.02,-34,estable,1
2056,474484,mgv1,derecha,lenta,estatico_cerca,204.03,0.34,27.2,estable,1
2057,474549,mgv1,derecha,lenta,estatico_cerca,204.05,0.34,0,estable,1
2058,474614,mgv1,derecha,lenta,estatico_cerca,204.44,7.82,149.6,subiendo,1
2059,474679,mgv1,derecha,lenta,estatico_cerca,204,-8.84,-333.2,bajando,1
2060,474744,mgv1,derecha,lenta,estatico_cerca,204.02,0.34,183.6,estable,1
2061,474809,mgv1,derecha,lenta,estatico_cerca,204.05,0.68,6.8,estable,1
2062,474874,mgv1,derecha,lenta,estatico_cerca,36.45,-3352.06,-67054.8,bajando,1
2063,474929,mgv1,derecha,lenta,estatico_cerca,32.16,-85.68,65327.6,bajando,1
2064,474984,mgv1,derecha,lenta,estatico_cerca,31.65,-10.2,1509.6,bajando,1
2065,475039,mgv1,derecha,lenta,estatico_cerca,31.14,-10.2,0,bajando,1
2066,475094,mgv1,derecha,lenta,estatico_cerca,31.16,0.34,210.8,estable,1
2067,475149,mgv1,derecha,lenta,estatico_cerca,31.67,10.2,197.2,subiendo,1
2068,475204,mgv1,derecha,lenta,estatico_cerca,30.89,-15.64,-516.8,bajando,1
2069,475259,mgv1,derecha,lenta,estatico_cerca,31.42,10.54,523.6,subiendo,1
2070,475314,mgv1,derecha,lenta,estatico_cerca,31.93,10.2,-6.8,subiendo,1
2071,475369,mgv1,derecha,lenta,estatico_cerca,31.93,0,-204,estable,1
2072,475424,mgv1,derecha,lenta,estatico_cerca,31.93,0,0,estable,1
2073,475479,mgv1,derecha,lenta,estatico_cerca,31.93,0,0,estable,1
2074,475534,mgv1,derecha,lenta,estatico_cerca,32.71,15.64,312.8,subiendo,1
2075,475589,mgv1,derecha,lenta,estatico_cerca,203.59,3417.68,68040.8,subiendo,1
2076,475654,mgv1,derecha,lenta,estatico_cerca,35.77,-3356.48,-135483.2,bajando,1
2077,475709,mgv1,derecha,lenta,estatico_cerca,203.61,3356.82,134266,subiendo,1
2078,475774,mgv1,derecha,lenta,estatico_cerca,204.03,8.5,-66966.4,subiendo,1
2079,475839,mgv1,derecha,lenta,estatico_cerca,204.03,0,-170,estable,1
2080,475904,mgv1,derecha,lenta,estatico_cerca,204.05,0.34,6.8,estable,1
2081,475969,mgv1,derecha,lenta,estatico_cerca,203.59,-9.18,-190.4,bajando,1
2082,476034,mgv1,derecha,lenta,estatico_cerca,31.93,-3433.32,-68482.8,bajando,1
2083,476089,mgv1,derecha,lenta,estatico_cerca,32.45,10.54,68877.2,subiendo,1
2084,476144,mgv1,derecha,lenta,estatico_cerca,32.45,0,-210.8,estable,1
2085,476199,mgv1,derecha,lenta,estatico_cerca,32.45,0,0,estable,1
2086,476254,mgv1,derecha,lenta,estatico_cerca,32.45,0,0,estable,1
2087,476309,mgv1,derecha,lenta,estatico_cerca,32.45,0,0,estable,1
2088,476364,mgv1,derecha,lenta,estatico_cerca,32.45,0,0,estable,1
2089,476419,mgv1,derecha,lenta,estatico_cerca,32.45,0,0,estable,1
2090,476474,mgv1,derecha,lenta,estatico_cerca,32.45,0,0,estable,1
2091,476529,mgv1,derecha,lenta,estatico_cerca,33.24,15.64,312.8,subiendo,1
2092,476584,mgv1,derecha,lenta,estatico_cerca,33.24,0,-312.8,estable,1
2093,476639,mgv1,derecha,lenta,estatico_cerca,34.51,25.5,510,subiendo,1
2094,476694,mgv1,derecha,lenta,estatico_cerca,35.78,25.5,0,subiendo,1
2095,476749,mgv1,derecha,lenta,estatico_cerca,35.78,0,-510,estable,1
2096,476804,mgv1,derecha,lenta,estatico_cerca,35.77,-0.34,-6.8,estable,1
2097,476859,mgv1,derecha,lenta,estatico_cerca,32.71,-61.2,-1217.2,bajando,1
2098,476914,mgv1,derecha,lenta,estatico_cerca,32.71,0,1224,estable,1
2099,476969,mgv1,derecha,lenta,estatico_cerca,31.69,-20.4,-408,bajando,1
2100,478017,mgv1,derecha,lenta,estatico_cerca,29.89,0,0,estable,1
2101,478072,mgv1,derecha,lenta,estatico_cerca,29.1,-15.64,-312.8,bajando,1
2102,478126,mgv1,derecha,lenta,estatico_cerca,29.61,10.2,516.8,subiendo,1
2103,478180,mgv1,derecha,lenta,estatico_cerca,29.61,0,-204,estable,1
2104,478234,mgv1,derecha,lenta,estatico_cerca,28.83,-15.64,-312.8,bajando,1
2105,478288,mgv1,derecha,lenta,estatico_cerca,28.85,0.34,319.6,estable,1
2106,478342,mgv1,derecha,lenta,estatico_cerca,28.85,0,-6.8,estable,1
2107,478396,mgv1,derecha,lenta,estatico_cerca,29.36,10.2,204,subiendo,1
2108,478450,mgv1,derecha,lenta,estatico_cerca,29.36,0,-204,estable,1
2109,478504,mgv1,derecha,lenta,estatico_cerca,29.36,0,0,estable,1
2110,478558,mgv1,derecha,lenta,estatico_cerca,29.34,-0.34,-6.8,estable,1
2111,478612,mgv1,derecha,lenta,estatico_cerca,29.87,10.54,217.6,subiendo,1
2112,478666,mgv1,derecha,lenta,estatico_cerca,30.4,10.54,0,subiendo,1
2113,478720,mgv1,derecha,lenta,estatico_cerca,30.38,-0.34,-217.6,estable,1
2114,478775,mgv1,derecha,lenta,estatico_cerca,30.4,0.34,13.6,estable,1
2115,478829,mgv1,derecha,lenta,estatico_cerca,29.87,-10.54,-217.6,bajando,1
2116,478883,mgv1,derecha,lenta,estatico_cerca,30.11,4.76,306,subiendo,1
2117,478937,mgv1,derecha,lenta,estatico_cerca,29.09,-20.4,-503.2,bajando,1
2118,478991,mgv1,derecha,lenta,estatico_cerca,29.85,15.3,714,subiendo,1
2119,479045,mgv1,derecha,lenta,estatico_cerca,29.85,0,-306,estable,1
2120,479099,mgv1,derecha,lenta,estatico_cerca,29.87,0.34,6.8,estable,1
2121,479153,mgv1,derecha,lenta,estatico_cerca,29.85,-0.34,-13.6,estable,1
2122,479207,mgv1,derecha,lenta,estatico_cerca,29.07,-15.64,-306,bajando,1
2123,479261,mgv1,derecha,lenta,estatico_cerca,30.36,25.84,829.6,subiendo,1
2124,479315,mgv1,derecha,lenta,estatico_cerca,204.48,3482.28,69128.8,subiendo,1
2125,479380,mgv1,derecha,lenta,estatico_cerca,204.48,0,-69645.6,estable,1
2126,479445,mgv1,derecha,lenta,estatico_cerca,204.85,7.48,149.6,subiendo,1
2127,479510,mgv1,derecha,lenta,estatico_cerca,30.11,-3494.86,-70046.81,bajando,1
2128,479564,mgv1,derecha,lenta,estatico_cerca,28.83,-25.5,69387.2,bajando,1
2129,479618,mgv1,derecha,lenta,estatico_cerca,29.34,10.2,714,subiendo,1
2130,479672,mgv1,derecha,lenta,estatico_cerca,29.34,0,-204,estable,1
2131,479726,mgv1,derecha,lenta,estatico_cerca,29.34,0,0,estable,1
2132,479780,mgv1,derecha,lenta,estatico_cerca,29.87,10.54,210.8,subiendo,1
2133,479834,mgv1,derecha,lenta,estatico_cerca,29.87,0,-210.8,estable,1
2134,479888,mgv1,derecha,lenta,estatico_cerca,29.87,0,0,estable,1
2135,479942,mgv1,derecha,lenta,estatico_cerca,29.87,0,0,estable,1
2136,479996,mgv1,derecha,lenta,estatico_cerca,29.87,0,0,estable,1
2137,480050,mgv1,derecha,lenta,estatico_cerca,30.38,10.2,204,subiendo,1
2138,480104,mgv1,derecha,lenta,estatico_cerca,30.4,0.34,-197.2,estable,1
2139,480158,mgv1,derecha,lenta,estatico_cerca,29.09,-26.18,-530.4,bajando,1
2140,480212,mgv1,derecha,lenta,estatico_cerca,30.4,26.18,1047.2,subiendo,1
2141,480266,mgv1,derecha,lenta,estatico_cerca,29.09,-26.18,-1047.2,bajando,1
2142,480320,mgv1,derecha,lenta,estatico_cerca,29.09,0,523.6,estable,1
2143,480374,mgv1,derecha,lenta,estatico_cerca,29.09,0,0,estable,1
2144,480428,mgv1,derecha,lenta,estatico_cerca,29.09,0,0,estable,1
2145,480482,mgv1,derecha,lenta,estatico_cerca,29.09,0,0,estable,1
2146,480536,mgv1,derecha,lenta,estatico_cerca,29.09,0,0,estable,1
2147,480590,mgv1,derecha,lenta,estatico_cerca,29.09,0,0,estable,1
2148,480644,mgv1,derecha,lenta,estatico_cerca,29.09,0,0,estable,1
2149,480698,mgv1,derecha,lenta,estatico_cerca,29.6,10.2,204,subiendo,1
2150,483458,mgv1,derecha,lenta,estatico_cerca,29.61,0,0,estable,1
2151,483513,mgv1,derecha,lenta,estatico_cerca,29.61,0,0,estable,1
2152,483567,mgv1,derecha,lenta,estatico_cerca,29.09,-10.54,-210.8,bajando,1
2153,483621,mgv1,derecha,lenta,estatico_cerca,29.09,0,210.8,estable,1
2154,483675,mgv1,derecha,lenta,estatico_cerca,29.09,0,0,estable,1
2155,483729,mgv1,derecha,lenta,estatico_cerca,29.09,0,0,estable,1
2156,483783,mgv1,derecha,lenta,estatico_cerca,29.09,0,0,estable,1
2157,483837,mgv1,derecha,lenta,estatico_cerca,29.09,0,0,estable,1
2158,483891,mgv1,derecha,lenta,estatico_cerca,29.87,15.64,312.8,subiendo,1
2159,483945,mgv1,derecha,lenta,estatico_cerca,29.87,0,-312.8,estable,1
2160,483999,mgv1,derecha,lenta,estatico_cerca,29.09,-15.64,-312.8,bajando,1
2161,484053,mgv1,derecha,lenta,estatico_cerca,29.09,0,312.8,estable,1
2162,484107,mgv1,derecha,lenta,estatico_cerca,29.07,-0.34,-6.8,estable,1
2163,484161,mgv1,derecha,lenta,estatico_cerca,29.09,0.34,13.6,estable,1
2164,484215,mgv1,derecha,lenta,estatico_cerca,29.61,10.54,204,subiendo,1
2165,484269,mgv1,derecha,lenta,estatico_cerca,29.61,0,-210.8,estable,1
2166,484323,mgv1,derecha,lenta,estatico_cerca,29.6,-0.34,-6.8,estable,1
2167,484377,mgv1,derecha,lenta,estatico_cerca,29.61,0.34,13.6,estable,1
2168,484431,mgv1,derecha,lenta,estatico_cerca,29.61,0,-6.8,estable,1
2169,484485,mgv1,derecha,lenta,estatico_cerca,29.6,-0.34,-6.8,estable,1
2170,484539,mgv1,derecha,lenta,estatico_cerca,30.12,10.54,217.6,subiendo,1
2171,484593,mgv1,derecha,lenta,estatico_cerca,30.12,0,-210.8,estable,1
2172,484647,mgv1,derecha,lenta,estatico_cerca,28.83,-25.84,-516.8,bajando,1
2173,484701,mgv1,derecha,lenta,estatico_cerca,28.82,-0.34,510,estable,1
2174,484755,mgv1,derecha,lenta,estatico_cerca,28.83,0.34,13.6,estable,1
2175,484809,mgv1,derecha,lenta,estatico_cerca,28.85,0.34,0,estable,1
2176,484863,mgv1,derecha,lenta,estatico_cerca,29.34,9.86,190.4,subiendo,1
2177,484917,mgv1,derecha,lenta,estatico_cerca,29.34,0,-197.2,estable,1
2178,484971,mgv1,derecha,lenta,estatico_cerca,29.34,0,0,estable,1
2179,485025,mgv1,derecha,lenta,estatico_cerca,29.36,0.34,6.8,estable,1
2180,485079,mgv1,derecha,lenta,estatico_cerca,29.34,-0.34,-13.6,estable,1
2181,485133,mgv1,derecha,lenta,estatico_cerca,29.36,0.34,13.6,estable,1
2182,485187,mgv1,derecha,lenta,estatico_cerca,29.36,0,-6.8,estable,1
2183,485241,mgv1,derecha,lenta,estatico_cerca,29.34,-0.34,-6.8,estable,1
2184,485295,mgv1,derecha,lenta,estatico_cerca,29.34,0,6.8,estable,1
2185,485349,mgv1,derecha,lenta,estatico_cerca,29.34,0,0,estable,1
2186,485403,mgv1,derecha,lenta,estatico_cerca,29.34,0,0,estable,1
2187,485457,mgv1,derecha,lenta,estatico_cerca,29.34,0,0,estable,1
2188,485511,mgv1,derecha,lenta,estatico_cerca,29.36,0.34,6.8,estable,1
2189,485565,mgv1,derecha,lenta,estatico_cerca,29.34,-0.34,-13.6,estable,1
2190,485619,mgv1,derecha,lenta,estatico_cerca,29.34,0,6.8,estable,1
2191,485673,mgv1,derecha,lenta,estatico_cerca,29.34,0,0,estable,1
2192,485727,mgv1,derecha,lenta,estatico_cerca,29.34,0,0,estable,1
2193,485781,mgv1,derecha,lenta,estatico_cerca,29.34,0,0,estable,1
2194,485835,mgv1,derecha,lenta,estatico_cerca,29.34,0,0,estable,1
2195,485889,mgv1,derecha,lenta,estatico_cerca,29.34,0,0,estable,1
2196,485943,mgv1,derecha,lenta,estatico_cerca,29.34,0,0,estable,1
2197,485997,mgv1,derecha,lenta,estatico_cerca,29.34,0,0,estable,1
2198,486051,mgv1,derecha,lenta,estatico_cerca,29.34,0,0,estable,1
2199,486105,mgv1,derecha,lenta,estatico_cerca,29.34,0,0,estable,1
2200,487625,mgv1,derecha,lenta,estatico_cerca,29.85,0,0,estable,1
2201,487680,mgv1,derecha,lenta,estatico_cerca,29.85,0,0,estable,1
2202,487734,mgv1,derecha,lenta,estatico_cerca,29.85,0,0,estable,1
2203,487788,mgv1,derecha,lenta,estatico_cerca,29.85,0,0,estable,1
2204,487842,mgv1,derecha,lenta,estatico_cerca,29.85,0,0,estable,1
2205,487896,mgv1,derecha,lenta,estatico_cerca,29.85,0,0,estable,1
2206,487950,mgv1,derecha,lenta,estatico_cerca,29.33,-10.54,-210.8,bajando,1
2207,488004,mgv1,derecha,lenta,estatico_cerca,29.36,0.68,224.4,estable,1
2208,488058,mgv1,derecha,lenta,estatico_cerca,29.34,-0.34,-20.4,estable,1
2209,488112,mgv1,derecha,lenta,estatico_cerca,29.36,0.34,13.6,estable,1
2210,488166,mgv1,derecha,lenta,estatico_cerca,29.85,9.86,190.4,subiendo,1
2211,488220,mgv1,derecha,lenta,estatico_cerca,29.34,-10.2,-401.2,bajando,1
2212,488274,mgv1,derecha,lenta,estatico_cerca,29.87,10.54,414.8,subiendo,1
2213,488328,mgv1,derecha,lenta,estatico_cerca,29.34,-10.54,-421.6,bajando,1
2214,488382,mgv1,derecha,lenta,estatico_cerca,29.34,0,210.8,estable,1
2215,488436,mgv1,derecha,lenta,estatico_cerca,29.34,0,0,estable,1
2216,488490,mgv1,derecha,lenta,estatico_cerca,29.34,0,0,estable,1
2217,488544,mgv1,derecha,lenta,estatico_cerca,29.34,0,0,estable,1
2218,488598,mgv1,derecha,lenta,estatico_cerca,29.87,10.54,210.8,subiendo,1
2219,488652,mgv1,derecha,lenta,estatico_cerca,29.87,0,-210.8,estable,1
2220,488706,mgv1,derecha,lenta,estatico_cerca,29.87,0,0,estable,1
2221,488760,mgv1,derecha,lenta,estatico_cerca,30.38,10.2,204,subiendo,1
2222,488814,mgv1,derecha,lenta,estatico_cerca,29.09,-25.84,-720.8,bajando,1
2223,488868,mgv1,derecha,lenta,estatico_cerca,29.09,0,516.8,estable,1
2224,488922,mgv1,derecha,lenta,estatico_cerca,29.09,0,0,estable,1
2225,488976,mgv1,derecha,lenta,estatico_cerca,30.38,25.84,516.8,subiendo,1
2226,489030,mgv1,derecha,lenta,estatico_cerca,30.38,0,-516.8,estable,1
2227,489084,mgv1,derecha,lenta,estatico_cerca,29.09,-25.84,-516.8,bajando,1
2228,489138,mgv1,derecha,lenta,estatico_cerca,29.09,0,516.8,estable,1
2229,489192,mgv1,derecha,lenta,estatico_cerca,29.09,0,0,estable,1
2230,489246,mgv1,derecha,lenta,estatico_cerca,29.09,0,0,estable,1
2231,489300,mgv1,derecha,lenta,estatico_cerca,29.6,10.2,204,subiendo,1
2232,489354,mgv1,derecha,lenta,estatico_cerca,29.61,0.34,-197.2,estable,1
2233,489408,mgv1,derecha,lenta,estatico_cerca,29.6,-0.34,-13.6,estable,1
2234,489462,mgv1,derecha,lenta,estatico_cerca,29.6,0,6.8,estable,1
2235,489516,mgv1,derecha,lenta,estatico_cerca,29.61,0.34,6.8,estable,1
2236,489570,mgv1,derecha,lenta,estatico_cerca,29.61,0,-6.8,estable,1
2237,489624,mgv1,derecha,lenta,estatico_cerca,29.6,-0.34,-6.8,estable,1
2238,489678,mgv1,derecha,lenta,estatico_cerca,29.09,-10.2,-197.2,bajando,1
2239,489732,mgv1,derecha,lenta,estatico_cerca,29.09,0,204,estable,1
2240,489786,mgv1,derecha,lenta,estatico_cerca,29.09,0,0,estable,1
2241,489840,mgv1,derecha,lenta,estatico_cerca,29.09,0,0,estable,1
2242,489894,mgv1,derecha,lenta,estatico_cerca,29.09,0,0,estable,1
2243,489948,mgv1,derecha,lenta,estatico_cerca,29.6,10.2,204,subiendo,1
2244,490002,mgv1,derecha,lenta,estatico_cerca,29.6,0,-204,estable,1
2245,490056,mgv1,derecha,lenta,estatico_cerca,29.6,0,0,estable,1
2246,490110,mgv1,derecha,lenta,estatico_cerca,29.6,0,0,estable,1
2247,490164,mgv1,derecha,lenta,estatico_cerca,29.61,0.34,6.8,estable,1
2248,490218,mgv1,derecha,lenta,estatico_cerca,29.61,0,-6.8,estable,1
2249,490272,mgv1,derecha,lenta,estatico_cerca,29.61,0,0,estable,1
2250,491785,mgv1,derecha,lenta,estatico_cerca,29.6,0,0,estable,1
2251,491839,mgv1,derecha,lenta,estatico_cerca,29.6,0,0,estable,1
2252,491893,mgv1,derecha,lenta,estatico_cerca,29.61,0.34,6.8,estable,1
2253,491947,mgv1,derecha,lenta,estatico_cerca,29.6,-0.34,-13.6,estable,1
2254,492001,mgv1,derecha,lenta,estatico_cerca,29.61,0.34,13.6,estable,1
2255,492055,mgv1,derecha,lenta,estatico_cerca,29.6,-0.34,-13.6,estable,1
2256,492109,mgv1,derecha,lenta,estatico_cerca,29.61,0.34,13.6,estable,1
2257,492163,mgv1,derecha,lenta,estatico_cerca,29.61,0,-6.8,estable,1
2258,492217,mgv1,derecha,lenta,estatico_cerca,29.61,0,0,estable,1
2259,492271,mgv1,derecha,lenta,estatico_cerca,29.61,0,0,estable,1
2260,492325,mgv1,derecha,lenta,estatico_cerca,29.6,-0.34,-6.8,estable,1
2261,492379,mgv1,derecha,lenta,estatico_cerca,29.61,0.34,13.6,estable,1
2262,492433,mgv1,derecha,lenta,estatico_cerca,29.61,0,-6.8,estable,1
2263,492487,mgv1,derecha,lenta,estatico_cerca,29.61,0,0,estable,1
2264,492541,mgv1,derecha,lenta,estatico_cerca,29.6,-0.34,-6.8,estable,1
2265,492595,mgv1,derecha,lenta,estatico_cerca,29.61,0.34,13.6,estable,1
2266,492649,mgv1,derecha,lenta,estatico_cerca,29.61,0,-6.8,estable,1
2267,492703,mgv1,derecha,lenta,estatico_cerca,29.61,0,0,estable,1
2268,492757,mgv1,derecha,lenta,estatico_cerca,29.6,-0.34,-6.8,estable,1
2269,492811,mgv1,derecha,lenta,estatico_cerca,29.61,0.34,13.6,estable,1
2270,492865,mgv1,derecha,lenta,estatico_cerca,29.6,-0.34,-13.6,estable,1
2271,492919,mgv1,derecha,lenta,estatico_cerca,29.61,0.34,13.6,estable,1
2272,492973,mgv1,derecha,lenta,estatico_cerca,29.61,0,-6.8,estable,1
2273,493027,mgv1,derecha,lenta,estatico_cerca,29.61,0,0,estable,1
2274,493081,mgv1,derecha,lenta,estatico_cerca,29.61,0,0,estable,1
2275,493135,mgv1,derecha,lenta,estatico_cerca,29.09,-10.54,-210.8,bajando,1
2276,493189,mgv1,derecha,lenta,estatico_cerca,29.61,10.54,421.6,subiendo,1
2277,493243,mgv1,derecha,lenta,estatico_cerca,29.6,-0.34,-217.6,estable,1
2278,493297,mgv1,derecha,lenta,estatico_cerca,29.6,0,6.8,estable,1
2279,493351,mgv1,derecha,lenta,estatico_cerca,29.6,0,0,estable,1
2280,493405,mgv1,derecha,lenta,estatico_cerca,29.6,0,0,estable,1
2281,493459,mgv1,derecha,lenta,estatico_cerca,29.61,0.34,6.8,estable,1
2282,493513,mgv1,derecha,lenta,estatico_cerca,29.61,0,-6.8,estable,1
2283,493567,mgv1,derecha,lenta,estatico_cerca,29.61,0,0,estable,1
2284,493621,mgv1,derecha,lenta,estatico_cerca,29.61,0,0,estable,1
2285,493675,mgv1,derecha,lenta,estatico_cerca,29.61,0,0,estable,1
2286,493729,mgv1,derecha,lenta,estatico_cerca,29.61,0,0,estable,1
2287,493783,mgv1,derecha,lenta,estatico_cerca,29.61,0,0,estable,1
2288,493837,mgv1,derecha,lenta,estatico_cerca,29.6,-0.34,-6.8,estable,1
2289,493891,mgv1,derecha,lenta,estatico_cerca,29.6,0,6.8,estable,1
2290,493945,mgv1,derecha,lenta,estatico_cerca,29.61,0.34,6.8,estable,1
2291,493999,mgv1,derecha,lenta,estatico_cerca,29.61,0,-6.8,estable,1
2292,494053,mgv1,derecha,lenta,estatico_cerca,29.6,-0.34,-6.8,estable,1
2293,494107,mgv1,derecha,lenta,estatico_cerca,29.6,0,6.8,estable,1
2294,494161,mgv1,derecha,lenta,estatico_cerca,29.61,0.34,6.8,estable,1
2295,494215,mgv1,derecha,lenta,estatico_cerca,29.61,0,-6.8,estable,1
2296,494269,mgv1,derecha,lenta,estatico_cerca,30.12,10.2,204,subiendo,1
2297,494323,mgv1,derecha,lenta,estatico_cerca,30.12,0,-204,estable,1
2298,494377,mgv1,derecha,lenta,estatico_cerca,30.11,-0.34,-6.8,estable,1
2299,494431,mgv1,derecha,lenta,estatico_cerca,30.11,0,6.8,estable,1
2300,495410,mgv1,derecha,lenta,estatico_cerca,29.85,0,0,estable,1
2301,495464,mgv1,derecha,lenta,estatico_cerca,29.85,0,0,estable,1
2302,495518,mgv1,derecha,lenta,estatico_cerca,29.85,0,0,estable,1
2303,495572,mgv1,derecha,lenta,estatico_cerca,29.85,0,0,estable,1
2304,495626,mgv1,derecha,lenta,estatico_cerca,29.85,0,0,estable,1
2305,495680,mgv1,derecha,lenta,estatico_cerca,29.34,-10.2,-204,bajando,1
2306,495734,mgv1,derecha,lenta,estatico_cerca,29.34,0,204,estable,1
2307,495788,mgv1,derecha,lenta,estatico_cerca,29.87,10.54,210.8,subiendo,1
2308,495842,mgv1,derecha,lenta,estatico_cerca,29.87,0,-210.8,estable,1
2309,495896,mgv1,derecha,lenta,estatico_cerca,29.87,0,0,estable,1
2310,495950,mgv1,derecha,lenta,estatico_cerca,29.87,0,0,estable,1
2311,496004,mgv1,derecha,lenta,estatico_cerca,29.85,-0.34,-6.8,estable,1
2312,496058,mgv1,derecha,lenta,estatico_cerca,29.85,0,6.8,estable,1
2313,496112,mgv1,derecha,lenta,estatico_cerca,29.85,0,0,estable,1
2314,496166,mgv1,derecha,lenta,estatico_cerca,29.87,0.34,6.8,estable,1
2315,496220,mgv1,derecha,lenta,estatico_cerca,29.87,0,-6.8,estable,1
2316,496274,mgv1,derecha,lenta,estatico_cerca,29.87,0,0,estable,1
2317,496328,mgv1,derecha,lenta,estatico_cerca,29.87,0,0,estable,1
2318,496382,mgv1,derecha,lenta,estatico_cerca,29.87,0,0,estable,1
2319,496436,mgv1,derecha,lenta,estatico_cerca,29.87,0,0,estable,1
2320,496490,mgv1,derecha,lenta,estatico_cerca,29.87,0,0,estable,1
2321,496544,mgv1,derecha,lenta,estatico_cerca,29.87,0,0,estable,1
2322,496598,mgv1,derecha,lenta,estatico_cerca,29.85,-0.34,-6.8,estable,1
2323,496652,mgv1,derecha,lenta,estatico_cerca,29.87,0.34,13.6,estable,1
2324,496706,mgv1,derecha,lenta,estatico_cerca,29.87,0,-6.8,estable,1
2325,496760,mgv1,derecha,lenta,estatico_cerca,29.87,0,0,estable,1
2326,496814,mgv1,derecha,lenta,estatico_cerca,29.87,0,0,estable,1
2327,496868,mgv1,derecha,lenta,estatico_cerca,29.87,0,0,estable,1
2328,496922,mgv1,derecha,lenta,estatico_cerca,29.85,-0.34,-6.8,estable,1
2329,496976,mgv1,derecha,lenta,estatico_cerca,29.87,0.34,13.6,estable,1
2330,497030,mgv1,derecha,lenta,estatico_cerca,29.87,0,-6.8,estable,1
2331,497084,mgv1,derecha,lenta,estatico_cerca,29.87,0,0,estable,1
2332,497138,mgv1,derecha,lenta,estatico_cerca,29.87,0,0,estable,1
2333,497192,mgv1,derecha,lenta,estatico_cerca,29.87,0,0,estable,1
2334,497246,mgv1,derecha,lenta,estatico_cerca,29.87,0,0,estable,1
2335,497300,mgv1,derecha,lenta,estatico_cerca,29.87,0,0,estable,1
2336,497354,mgv1,derecha,lenta,estatico_cerca,29.87,0,0,estable,1
2337,497408,mgv1,derecha,lenta,estatico_cerca,29.87,0,0,estable,1
2338,497462,mgv1,derecha,lenta,estatico_cerca,29.85,-0.34,-6.8,estable,1
2339,497516,mgv1,derecha,lenta,estatico_cerca,29.87,0.34,13.6,estable,1
2340,497570,mgv1,derecha,lenta,estatico_cerca,29.87,0,-6.8,estable,1
2341,497624,mgv1,derecha,lenta,estatico_cerca,29.87,0,0,estable,1
2342,497678,mgv1,derecha,lenta,estatico_cerca,29.87,0,0,estable,1
2343,497732,mgv1,derecha,lenta,estatico_cerca,29.87,0,0,estable,1
2344,497786,mgv1,derecha,lenta,estatico_cerca,29.87,0,0,estable,1
2345,497840,mgv1,derecha,lenta,estatico_cerca,29.87,0,0,estable,1
2346,497894,mgv1,derecha,lenta,estatico_cerca,29.87,0,0,estable,1
2347,497948,mgv1,derecha,lenta,estatico_cerca,29.87,0,0,estable,1
2348,498002,mgv1,derecha,lenta,estatico_cerca,29.87,0,0,estable,1
2349,498056,mgv1,derecha,lenta,estatico_cerca,29.87,0,0,estable,1
2350,498782,mgv1,derecha,normal,estatico_cerca,30.12,0,0,estable,1
2351,498837,mgv1,derecha,normal,estatico_cerca,30.12,0,0,estable,1
2352,498891,mgv1,derecha,normal,estatico_cerca,30.63,10.2,204,subiendo,1
2353,498945,mgv1,derecha,normal,estatico_cerca,29.87,-15.3,-510,bajando,1
2354,498999,mgv1,derecha,normal,estatico_cerca,29.87,0,306,estable,1
2355,499053,mgv1,derecha,normal,estatico_cerca,29.87,0,0,estable,1
2356,499107,mgv1,derecha,normal,estatico_cerca,30.63,15.3,306,subiendo,1
2357,499161,mgv1,derecha,normal,estatico_cerca,30.63,0,-306,estable,1
2358,499216,mgv1,derecha,normal,estatico_cerca,29.87,-15.3,-306,bajando,1
2359,499270,mgv1,derecha,normal,estatico_cerca,30.38,10.2,510,subiendo,1
2360,499324,mgv1,derecha,normal,estatico_cerca,30.38,0,-204,estable,1
2361,499378,mgv1,derecha,normal,estatico_cerca,30.38,0,0,estable,1
2362,499432,mgv1,derecha,normal,estatico_cerca,30.38,0,0,estable,1
2363,499486,mgv1,derecha,normal,estatico_cerca,30.38,0,0,estable,1
2364,499540,mgv1,derecha,normal,estatico_cerca,30.38,0,0,estable,1
2365,499594,mgv1,derecha,normal,estatico_cerca,30.38,0,0,estable,1
2366,499648,mgv1,derecha,normal,estatico_cerca,30.38,0,0,estable,1
2367,499702,mgv1,derecha,normal,estatico_cerca,30.38,0,0,estable,1
2368,499756,mgv1,derecha,normal,estatico_cerca,30.36,-0.34,-6.8,estable,1
2369,499811,mgv1,derecha,normal,estatico_cerca,30.36,0,6.8,estable,1
2370,499865,mgv1,derecha,normal,estatico_cerca,30.36,0,0,estable,1
2371,499919,mgv1,derecha,normal,estatico_cerca,29.85,-10.2,-204,bajando,1
2372,499973,mgv1,derecha,normal,estatico_cerca,29.87,0.34,210.8,estable,1
2373,500027,mgv1,derecha,normal,estatico_cerca,29.85,-0.34,-13.6,estable,1
2374,500081,mgv1,derecha,normal,estatico_cerca,29.85,0,6.8,estable,1
2375,500135,mgv1,derecha,normal,estatico_cerca,30.63,15.64,312.8,subiendo,1
2376,500189,mgv1,derecha,normal,estatico_cerca,29.85,-15.64,-625.6,bajando,1
2377,500243,mgv1,derecha,normal,estatico_cerca,30.63,15.64,625.6,subiendo,1
2378,500298,mgv1,derecha,normal,estatico_cerca,30.63,0,-312.8,estable,1
2379,500353,mgv1,derecha,normal,estatico_cerca,30.63,0,0,estable,1
2380,500407,mgv1,derecha,normal,estatico_cerca,30.65,0.34,6.8,estable,1
2381,500462,mgv1,derecha,normal,estatico_cerca,30.11,-10.88,-224.4,bajando,1
2382,500516,mgv1,derecha,normal,estatico_cerca,30.11,0,217.6,estable,1
2383,500570,mgv1,derecha,normal,estatico_cerca,30.12,0.34,6.8,estable,1
2384,500624,mgv1,derecha,normal,estatico_cerca,30.12,0,-6.8,estable,1
2385,500678,mgv1,derecha,normal,estatico_cerca,30.12,0,0,estable,1
2386,500732,mgv1,derecha,normal,estatico_cerca,30.63,10.2,204,subiendo,1
2387,500786,mgv1,derecha,normal,estatico_cerca,30.63,0,-204,estable,1
2388,500841,mgv1,derecha,normal,estatico_cerca,30.12,-10.2,-204,bajando,1
2389,500895,mgv1,derecha,normal,estatico_cerca,30.12,0,204,estable,1
2390,500949,mgv1,derecha,normal,estatico_cerca,30.12,0,0,estable,1
2391,501003,mgv1,derecha,normal,estatico_cerca,30.12,0,0,estable,1
2392,501057,mgv1,derecha,normal,estatico_cerca,30.12,0,0,estable,1
2393,501111,mgv1,derecha,normal,estatico_cerca,30.12,0,0,estable,1
2394,501165,mgv1,derecha,normal,estatico_cerca,30.12,0,0,estable,1
2395,501219,mgv1,derecha,normal,estatico_cerca,30.12,0,0,estable,1
2396,501273,mgv1,derecha,normal,estatico_cerca,30.12,0,0,estable,1
2397,501327,mgv1,derecha,normal,estatico_cerca,30.12,0,0,estable,1
2398,501381,mgv1,derecha,normal,estatico_cerca,30.12,0,0,estable,1
2399,501435,mgv1,derecha,normal,estatico_cerca,30.12,0,0,estable,1
2400,505712,mgv1,derecha,normal,estatico_cerca,30.65,0,0,estable,1
2401,505767,mgv1,derecha,normal,estatico_cerca,30.65,0,0,estable,1
2402,505821,mgv1,derecha,normal,estatico_cerca,31.16,10.2,204,subiendo,1
2403,505876,mgv1,derecha,normal,estatico_cerca,31.16,0,-204,estable,1
2404,505931,mgv1,derecha,normal,estatico_cerca,30.4,-15.3,-306,bajando,1
2405,505986,mgv1,derecha,normal,estatico_cerca,31.16,15.3,612,subiendo,1
2406,506041,mgv1,derecha,normal,estatico_cerca,30.38,-15.64,-618.8,bajando,1
2407,506096,mgv1,derecha,normal,estatico_cerca,30.38,0,312.8,estable,1
2408,506150,mgv1,derecha,normal,estatico_cerca,30.38,0,0,estable,1
2409,506204,mgv1,derecha,normal,estatico_cerca,30.38,0,0,estable,1
2410,506258,mgv1,derecha,normal,estatico_cerca,30.38,0,0,estable,1
2411,506312,mgv1,derecha,normal,estatico_cerca,30.38,0,0,estable,1
2412,506366,mgv1,derecha,normal,estatico_cerca,30.4,0.34,6.8,estable,1
2413,506420,mgv1,derecha,normal,estatico_cerca,30.89,9.86,190.4,subiendo,1
2414,506475,mgv1,derecha,normal,estatico_cerca,30.91,0.34,-190.4,estable,1
2415,506530,mgv1,derecha,normal,estatico_cerca,30.89,-0.34,-13.6,estable,1
2416,506585,mgv1,derecha,normal,estatico_cerca,30.87,-0.34,0,estable,1
2417,506640,mgv1,derecha,normal,estatico_cerca,30.89,0.34,13.6,estable,1
2418,506695,mgv1,derecha,normal,estatico_cerca,30.91,0.34,0,estable,1
2419,506750,mgv1,derecha,normal,estatico_cerca,30.89,-0.34,-13.6,estable,1
2420,506805,mgv1,derecha,normal,estatico_cerca,30.89,0,6.8,estable,1
2421,506860,mgv1,derecha,normal,estatico_cerca,30.12,-15.3,-306,bajando,1
2422,506914,mgv1,derecha,normal,estatico_cerca,30.12,0,306,estable,1
2423,506968,mgv1,derecha,normal,estatico_cerca,30.12,0,0,estable,1
2424,507022,mgv1,derecha,normal,estatico_cerca,30.12,0,0,estable,1
2425,507076,mgv1,derecha,normal,estatico_cerca,30.12,0,0,estable,1
2426,507130,mgv1,derecha,normal,estatico_cerca,30.12,0,0,estable,1
2427,507184,mgv1,derecha,normal,estatico_cerca,30.12,0,0,estable,1
2428,507238,mgv1,derecha,normal,estatico_cerca,30.12,0,0,estable,1
2429,507292,mgv1,derecha,normal,estatico_cerca,30.12,0,0,estable,1
2430,507346,mgv1,derecha,normal,estatico_cerca,30.12,0,0,estable,1
2431,507400,mgv1,derecha,normal,estatico_cerca,30.12,0,0,estable,1
2432,507454,mgv1,derecha,normal,estatico_cerca,30.12,0,0,estable,1
2433,507508,mgv1,derecha,normal,estatico_cerca,30.12,0,0,estable,1
2434,507562,mgv1,derecha,normal,estatico_cerca,30.12,0,0,estable,1
2435,507616,mgv1,derecha,normal,estatico_cerca,30.12,0,0,estable,1
2436,507670,mgv1,derecha,normal,estatico_cerca,30.63,10.2,204,subiendo,1
2437,507724,mgv1,derecha,normal,estatico_cerca,31.16,10.54,6.8,subiendo,1
2438,507779,mgv1,derecha,normal,estatico_cerca,30.63,-10.54,-421.6,bajando,1
2439,507834,mgv1,derecha,normal,estatico_cerca,30.63,0,210.8,estable,1
2440,507888,mgv1,derecha,normal,estatico_cerca,30.12,-10.2,-204,bajando,1
2441,507942,mgv1,derecha,normal,estatico_cerca,30.12,0,204,estable,1
2442,507996,mgv1,derecha,normal,estatico_cerca,30.91,15.64,312.8,subiendo,1
2443,508051,mgv1,derecha,normal,estatico_cerca,30.12,-15.64,-625.6,bajando,1
2444,508105,mgv1,derecha,normal,estatico_cerca,30.12,0,312.8,estable,1
2445,508159,mgv1,derecha,normal,estatico_cerca,30.63,10.2,204,subiendo,1
2446,508213,mgv1,derecha,normal,estatico_cerca,30.63,0,-204,estable,1
2447,508268,mgv1,derecha,normal,estatico_cerca,30.63,0,0,estable,1
2448,508322,mgv1,derecha,normal,estatico_cerca,30.63,0,0,estable,1
2449,508376,mgv1,derecha,normal,estatico_cerca,30.63,0,0,estable,1
2450,509604,mgv1,derecha,normal,estatico_cerca,31.14,0,0,estable,1
2451,509659,mgv1,derecha,normal,estatico_cerca,31.16,0.34,6.8,estable,1
2452,509714,mgv1,derecha,normal,estatico_cerca,31.16,0,-6.8,estable,1
2453,509769,mgv1,derecha,normal,estatico_cerca,31.16,0,0,estable,1
2454,509824,mgv1,derecha,normal,estatico_cerca,31.16,0,0,estable,1
2455,509879,mgv1,derecha,normal,estatico_cerca,31.16,0,0,estable,1
2456,509934,mgv1,derecha,normal,estatico_cerca,31.16,0,0,estable,1
2457,509989,mgv1,derecha,normal,estatico_cerca,31.16,0,0,estable,1
2458,510044,mgv1,derecha,normal,estatico_cerca,30.38,-15.64,-312.8,bajando,1
2459,510099,mgv1,derecha,normal,estatico_cerca,30.38,0,312.8,estable,1
2460,510153,mgv1,derecha,normal,estatico_cerca,30.4,0.34,6.8,estable,1
2461,510207,mgv1,derecha,normal,estatico_cerca,30.38,-0.34,-13.6,estable,1
2462,510262,mgv1,derecha,normal,estatico_cerca,30.91,10.54,217.6,subiendo,1
2463,510317,mgv1,derecha,normal,estatico_cerca,30.91,0,-210.8,estable,1
2464,510372,mgv1,derecha,normal,estatico_cerca,31.42,10.2,204,subiendo,1
2465,510427,mgv1,derecha,normal,estatico_cerca,30.91,-10.2,-408,bajando,1
2466,510482,mgv1,derecha,normal,estatico_cerca,30.92,0.34,210.8,estable,1
2467,510537,mgv1,derecha,normal,estatico_cerca,30.4,-10.54,-217.6,bajando,1
2468,510592,mgv1,derecha,normal,estatico_cerca,31.16,15.3,516.8,subiendo,1
2469,510647,mgv1,derecha,normal,estatico_cerca,31.16,0,-306,estable,1
2470,510702,mgv1,derecha,normal,estatico_cerca,31.14,-0.34,-6.8,estable,1
2471,510757,mgv1,derecha,normal,estatico_cerca,30.38,-15.3,-299.2,bajando,1
2472,510812,mgv1,derecha,normal,estatico_cerca,31.16,15.64,618.8,subiendo,1
2473,510867,mgv1,derecha,normal,estatico_cerca,31.14,-0.34,-319.6,estable,1
2474,510922,mgv1,derecha,normal,estatico_cerca,31.16,0.34,13.6,estable,1
2475,510977,mgv1,derecha,normal,estatico_cerca,31.16,0,-6.8,estable,1
2476,511032,mgv1,derecha,normal,estatico_cerca,30.65,-10.2,-204,bajando,1
2477,511087,mgv1,derecha,normal,estatico_cerca,30.63,-0.34,197.2,estable,1
2478,511142,mgv1,derecha,normal,estatico_cerca,30.63,0,6.8,estable,1
2479,511196,mgv1,derecha,normal,estatico_cerca,30.65,0.34,6.8,estable,1
2480,511251,mgv1,derecha,normal,estatico_cerca,30.63,-0.34,-13.6,estable,1
2481,511306,mgv1,derecha,normal,estatico_cerca,31.14,10.2,210.8,subiendo,1
2482,511361,mgv1,derecha,normal,estatico_cerca,30.63,-10.2,-408,bajando,1
2483,511416,mgv1,derecha,normal,estatico_cerca,30.63,0,204,estable,1
2484,511470,mgv1,derecha,normal,estatico_cerca,30.63,0,0,estable,1
2485,511524,mgv1,derecha,normal,estatico_cerca,30.63,0,0,estable,1
2486,511578,mgv1,derecha,normal,estatico_cerca,31.16,10.54,210.8,subiendo,1
2487,511633,mgv1,derecha,normal,estatico_cerca,31.14,-0.34,-217.6,estable,1
2488,511688,mgv1,derecha,normal,estatico_cerca,31.14,0,6.8,estable,1
2489,511743,mgv1,derecha,normal,estatico_cerca,31.14,0,0,estable,1
2490,511798,mgv1,derecha,normal,estatico_cerca,30.65,-9.86,-197.2,bajando,1
2491,511853,mgv1,derecha,normal,estatico_cerca,30.65,0,197.2,estable,1
2492,511907,mgv1,derecha,normal,estatico_cerca,30.63,-0.34,-6.8,estable,1
2493,511962,mgv1,derecha,normal,estatico_cerca,30.63,0,6.8,estable,1
2494,512016,mgv1,derecha,normal,estatico_cerca,30.63,0,0,estable,1
2495,512070,mgv1,derecha,normal,estatico_cerca,30.63,0,0,estable,1
2496,512124,mgv1,derecha,normal,estatico_cerca,30.63,0,0,estable,1
2497,512178,mgv1,derecha,normal,estatico_cerca,30.63,0,0,estable,1
2498,512232,mgv1,derecha,normal,estatico_cerca,30.63,0,0,estable,1
2499,512286,mgv1,derecha,normal,estatico_cerca,30.63,0,0,estable,1
2500,513404,mgv1,derecha,normal,estatico_cerca,31.16,0,0,estable,1
2501,513459,mgv1,derecha,normal,estatico_cerca,31.14,-0.34,-6.8,estable,1
2502,513514,mgv1,derecha,normal,estatico_cerca,30.36,-15.64,-306,bajando,1
2503,513569,mgv1,derecha,normal,estatico_cerca,30.38,0.34,319.6,estable,1
2504,513623,mgv1,derecha,normal,estatico_cerca,30.38,0,-6.8,estable,1
2505,513677,mgv1,derecha,normal,estatico_cerca,30.38,0,0,estable,1
2506,513731,mgv1,derecha,normal,estatico_cerca,30.36,-0.34,-6.8,estable,1
2507,513786,mgv1,derecha,normal,estatico_cerca,30.38,0.34,13.6,estable,1
2508,513840,mgv1,derecha,normal,estatico_cerca,31.16,15.64,306,subiendo,1
2509,513895,mgv1,derecha,normal,estatico_cerca,31.16,0,-312.8,estable,1
2510,513950,mgv1,derecha,normal,estatico_cerca,31.16,0,0,estable,1
2511,514005,mgv1,derecha,normal,estatico_cerca,31.16,0,0,estable,1
2512,514060,mgv1,derecha,normal,estatico_cerca,30.65,-10.2,-204,bajando,1
2513,514115,mgv1,derecha,normal,estatico_cerca,31.16,10.2,408,subiendo,1
2514,514170,mgv1,derecha,normal,estatico_cerca,31.16,0,-204,estable,1
2515,514225,mgv1,derecha,normal,estatico_cerca,31.16,0,0,estable,1
2516,514280,mgv1,derecha,normal,estatico_cerca,31.14,-0.34,-6.8,estable,1
2517,514335,mgv1,derecha,normal,estatico_cerca,30.38,-15.3,-299.2,bajando,1
2518,514390,mgv1,derecha,normal,estatico_cerca,30.38,0,306,estable,1
2519,514444,mgv1,derecha,normal,estatico_cerca,30.4,0.34,6.8,estable,1
2520,514498,mgv1,derecha,normal,estatico_cerca,30.38,-0.34,-13.6,estable,1
2521,514553,mgv1,derecha,normal,estatico_cerca,30.38,0,6.8,estable,1
2522,514607,mgv1,derecha,normal,estatico_cerca,30.38,0,0,estable,1
2523,514661,mgv1,derecha,normal,estatico_cerca,30.4,0.34,6.8,estable,1
2524,514715,mgv1,derecha,normal,estatico_cerca,30.38,-0.34,-13.6,estable,1
2525,514770,mgv1,derecha,normal,estatico_cerca,30.4,0.34,13.6,estable,1
2526,514824,mgv1,derecha,normal,estatico_cerca,30.4,0,-6.8,estable,1
2527,514878,mgv1,derecha,normal,estatico_cerca,30.38,-0.34,-6.8,estable,1
2528,514933,mgv1,derecha,normal,estatico_cerca,30.38,0,6.8,estable,1
2529,514987,mgv1,derecha,normal,estatico_cerca,30.38,0,0,estable,1
2530,515041,mgv1,derecha,normal,estatico_cerca,30.91,10.54,210.8,subiendo,1
2531,515096,mgv1,derecha,normal,estatico_cerca,30.89,-0.34,-217.6,estable,1
2532,515151,mgv1,derecha,normal,estatico_cerca,30.91,0.34,13.6,estable,1
2533,515206,mgv1,derecha,normal,estatico_cerca,30.91,0,-6.8,estable,1
2534,515261,mgv1,derecha,normal,estatico_cerca,30.89,-0.34,-6.8,estable,1
2535,515316,mgv1,derecha,normal,estatico_cerca,30.91,0.34,13.6,estable,1
2536,515371,mgv1,derecha,normal,estatico_cerca,30.91,0,-6.8,estable,1
2537,515426,mgv1,derecha,normal,estatico_cerca,30.91,0,0,estable,1
2538,515481,mgv1,derecha,normal,estatico_cerca,30.91,0,0,estable,1
2539,515536,mgv1,derecha,normal,estatico_cerca,30.89,-0.34,-6.8,estable,1
2540,515591,mgv1,derecha,normal,estatico_cerca,30.38,-10.2,-197.2,bajando,1
2541,515646,mgv1,derecha,normal,estatico_cerca,30.38,0,204,estable,1
2542,515700,mgv1,derecha,normal,estatico_cerca,30.4,0.34,6.8,estable,1
2543,515754,mgv1,derecha,normal,estatico_cerca,30.38,-0.34,-13.6,estable,1
2544,515809,mgv1,derecha,normal,estatico_cerca,30.38,0,6.8,estable,1
2545,515863,mgv1,derecha,normal,estatico_cerca,30.4,0.34,6.8,estable,1
2546,515917,mgv1,derecha,normal,estatico_cerca,30.91,10.2,197.2,subiendo,1
2547,515972,mgv1,derecha,normal,estatico_cerca,30.89,-0.34,-210.8,estable,1
2548,516027,mgv1,derecha,normal,estatico_cerca,30.91,0.34,13.6,estable,1
2549,516082,mgv1,derecha,normal,estatico_cerca,30.91,0,-6.8,estable,1
2550,516939,mgv1,derecha,normal,estatico_cerca,31.4,0,0,estable,1
2551,516994,mgv1,derecha,normal,estatico_cerca,31.42,0.34,6.8,estable,1
2552,517049,mgv1,derecha,normal,estatico_cerca,31.42,0,-6.8,estable,1
2553,517104,mgv1,derecha,normal,estatico_cerca,31.42,0,0,estable,1
2554,517159,mgv1,derecha,normal,estatico_cerca,31.42,0,0,estable,1
2555,517214,mgv1,derecha,normal,estatico_cerca,31.4,-0.34,-6.8,estable,1
2556,517269,mgv1,derecha,normal,estatico_cerca,30.63,-15.3,-299.2,bajando,1
2557,517324,mgv1,derecha,normal,estatico_cerca,30.63,0,306,estable,1
2558,517378,mgv1,derecha,normal,estatico_cerca,30.63,0,0,estable,1
2559,517432,mgv1,derecha,normal,estatico_cerca,30.63,0,0,estable,1
2560,517486,mgv1,derecha,normal,estatico_cerca,31.42,15.64,312.8,subiendo,1
2561,517541,mgv1,derecha,normal,estatico_cerca,30.63,-15.64,-625.6,bajando,1
2562,517596,mgv1,derecha,normal,estatico_cerca,30.63,0,312.8,estable,1
2563,517650,mgv1,derecha,normal,estatico_cerca,30.63,0,0,estable,1
2564,517704,mgv1,derecha,normal,estatico_cerca,30.65,0.34,6.8,estable,1
2565,517759,mgv1,derecha,normal,estatico_cerca,31.16,10.2,197.2,subiendo,1
2566,517814,mgv1,derecha,normal,estatico_cerca,31.16,0,-204,estable,1
2567,517869,mgv1,derecha,normal,estatico_cerca,31.16,0,0,estable,1
2568,517924,mgv1,derecha,normal,estatico_cerca,31.67,10.2,204,subiendo,1
2569,517979,mgv1,derecha,normal,estatico_cerca,31.67,0,-204,estable,1
2570,518034,mgv1,derecha,normal,estatico_cerca,31.16,-10.2,-204,bajando,1
2571,518089,mgv1,derecha,normal,estatico_cerca,31.16,0,204,estable,1
2572,518144,mgv1,derecha,normal,estatico_cerca,31.16,0,0,estable,1
2573,518199,mgv1,derecha,normal,estatico_cerca,31.16,0,0,estable,1
2574,518254,mgv1,derecha,normal,estatico_cerca,31.16,0,0,estable,1
2575,518309,mgv1,derecha,normal,estatico_cerca,31.16,0,0,estable,1
2576,518364,mgv1,derecha,normal,estatico_cerca,31.67,10.2,204,subiendo,1
2577,518419,mgv1,derecha,normal,estatico_cerca,32.18,10.2,0,subiendo,1
2578,518474,mgv1,derecha,normal,estatico_cerca,32.2,0.34,-197.2,estable,1
2579,518529,mgv1,derecha,normal,estatico_cerca,31.42,-15.64,-319.6,bajando,1
2580,518584,mgv1,derecha,normal,estatico_cerca,31.42,0,312.8,estable,1
2581,518639,mgv1,derecha,normal,estatico_cerca,31.42,0,0,estable,1
2582,518694,mgv1,derecha,normal,estatico_cerca,31.42,0,0,estable,1
2583,518749,mgv1,derecha,normal,estatico_cerca,31.93,10.2,204,subiendo,1
2584,518804,mgv1,derecha,normal,estatico_cerca,31.93,0,-204,estable,1
2585,518859,mgv1,derecha,normal,estatico_cerca,31.42,-10.2,-204,bajando,1
2586,518914,mgv1,derecha,normal,estatico_cerca,30.89,-10.54,-6.8,bajando,1
2587,518969,mgv1,derecha,normal,estatico_cerca,31.69,15.98,530.4,subiendo,1
2588,519024,mgv1,derecha,normal,estatico_cerca,31.67,-0.34,-326.4,estable,1
2589,519079,mgv1,derecha,normal,estatico_cerca,31.67,0,6.8,estable,1
2590,519134,mgv1,derecha,normal,estatico_cerca,31.67,0,0,estable,1
2591,519189,mgv1,derecha,normal,estatico_cerca,31.69,0.34,6.8,estable,1
2592,519244,mgv1,derecha,normal,estatico_cerca,31.67,-0.34,-13.6,estable,1
2593,519299,mgv1,derecha,normal,estatico_cerca,31.67,0,6.8,estable,1
2594,519354,mgv1,derecha,normal,estatico_cerca,31.69,0.34,6.8,estable,1
2595,519409,mgv1,derecha,normal,estatico_cerca,31.67,-0.34,-13.6,estable,1
2596,519464,mgv1,derecha,normal,estatico_cerca,31.69,0.34,13.6,estable,1
2597,519519,mgv1,derecha,normal,estatico_cerca,31.67,-0.34,-13.6,estable,1
2598,519574,mgv1,derecha,normal,estatico_cerca,31.67,0,6.8,estable,1
2599,519629,mgv1,derecha,normal,estatico_cerca,31.67,0,0,estable,1
2600,520831,mgv1,derecha,normal,estatico_cerca,32.45,0,0,estable,1
2601,520886,mgv1,derecha,normal,estatico_cerca,32.47,0.34,6.8,estable,1
2602,520941,mgv1,derecha,normal,estatico_cerca,32.44,-0.68,-20.4,estable,1
2603,520996,mgv1,derecha,normal,estatico_cerca,32.44,0,13.6,estable,1
2604,521051,mgv1,derecha,normal,estatico_cerca,32.44,0,0,estable,1
2605,521106,mgv1,derecha,normal,estatico_cerca,32.44,0,0,estable,1
2606,521161,mgv1,derecha,normal,estatico_cerca,32.44,0,0,estable,1
2607,521216,mgv1,derecha,normal,estatico_cerca,32.44,0,0,estable,1
2608,521271,mgv1,derecha,normal,estatico_cerca,32.44,0,0,estable,1
2609,521326,mgv1,derecha,normal,estatico_cerca,32.44,0,0,estable,1
2610,521381,mgv1,derecha,normal,estatico_cerca,32.44,0,0,estable,1
2611,521436,mgv1,derecha,normal,estatico_cerca,32.44,0,0,estable,1
2612,521491,mgv1,derecha,normal,estatico_cerca,32.44,0,0,estable,1
2613,521546,mgv1,derecha,normal,estatico_cerca,32.95,10.2,204,subiendo,1
2614,521601,mgv1,derecha,normal,estatico_cerca,32.95,0,-204,estable,1
2615,521656,mgv1,derecha,normal,estatico_cerca,31.65,-25.84,-516.8,bajando,1
2616,521711,mgv1,derecha,normal,estatico_cerca,31.65,0,516.8,estable,1
2617,521766,mgv1,derecha,normal,estatico_cerca,32.16,10.2,204,subiendo,1
2618,521821,mgv1,derecha,normal,estatico_cerca,32.18,0.34,-197.2,estable,1
2619,521876,mgv1,derecha,normal,estatico_cerca,32.16,-0.34,-13.6,estable,1
2620,521931,mgv1,derecha,normal,estatico_cerca,32.18,0.34,13.6,estable,1
2621,521986,mgv1,derecha,normal,estatico_cerca,32.69,10.2,197.2,subiendo,1
2622,522041,mgv1,derecha,normal,estatico_cerca,32.69,0,-204,estable,1
2623,522096,mgv1,derecha,normal,estatico_cerca,32.69,0,0,estable,1
2624,522151,mgv1,derecha,normal,estatico_cerca,32.71,0.34,6.8,estable,1
2625,522206,mgv1,derecha,normal,estatico_cerca,32.71,0,-6.8,estable,1
2626,522261,mgv1,derecha,normal,estatico_cerca,32.69,-0.34,-6.8,estable,1
2627,522316,mgv1,derecha,normal,estatico_cerca,31.93,-15.3,-299.2,bajando,1
2628,522371,mgv1,derecha,normal,estatico_cerca,32.44,10.2,510,subiendo,1
2629,522426,mgv1,derecha,normal,estatico_cerca,32.44,0,-204,estable,1
2630,522481,mgv1,derecha,normal,estatico_cerca,32.96,10.54,210.8,subiendo,1
2631,522536,mgv1,derecha,normal,estatico_cerca,32.18,-15.64,-523.6,bajando,1
2632,522591,mgv1,derecha,normal,estatico_cerca,32.18,0,312.8,estable,1
2633,522646,mgv1,derecha,normal,estatico_cerca,32.69,10.2,204,subiendo,1
2634,522701,mgv1,derecha,normal,estatico_cerca,31.93,-15.3,-510,bajando,1
2635,522756,mgv1,derecha,normal,estatico_cerca,32.45,10.54,516.8,subiendo,1
2636,522811,mgv1,derecha,normal,estatico_cerca,32.44,-0.34,-217.6,estable,1
2637,522866,mgv1,derecha,normal,estatico_cerca,32.44,0,6.8,estable,1
2638,522921,mgv1,derecha,normal,estatico_cerca,32.44,0,0,estable,1
2639,522976,mgv1,derecha,normal,estatico_cerca,32.44,0,0,estable,1
2640,523031,mgv1,derecha,normal,estatico_cerca,32.45,0.34,6.8,estable,1
2641,523086,mgv1,derecha,normal,estatico_cerca,31.93,-10.54,-217.6,bajando,1
2642,523141,mgv1,derecha,normal,estatico_cerca,31.93,0,210.8,estable,1
2643,523196,mgv1,derecha,normal,estatico_cerca,31.93,0,0,estable,1
2644,523251,mgv1,derecha,normal,estatico_cerca,31.93,0,0,estable,1
2645,523306,mgv1,derecha,normal,estatico_cerca,31.93,0,0,estable,1
2646,523361,mgv1,derecha,normal,estatico_cerca,32.45,10.54,210.8,subiendo,1
2647,523416,mgv1,derecha,normal,estatico_cerca,32.44,-0.34,-217.6,estable,1
2648,523471,mgv1,derecha,normal,estatico_cerca,32.45,0.34,13.6,estable,1
2649,523526,mgv1,derecha,normal,estatico_cerca,31.67,-15.64,-319.6,bajando,1
2650,524476,mgv1,derecha,normal,estatico_cerca,31.42,0,0,estable,1
2651,524531,mgv1,derecha,normal,estatico_cerca,31.42,0,0,estable,1
2652,524586,mgv1,derecha,normal,estatico_cerca,32.69,25.5,510,subiendo,1
2653,524641,mgv1,derecha,normal,estatico_cerca,32.69,0,-510,estable,1
2654,524696,mgv1,derecha,normal,estatico_cerca,31.42,-25.5,-510,bajando,1
2655,524751,mgv1,derecha,normal,estatico_cerca,32.69,25.5,1020,subiendo,1
2656,524806,mgv1,derecha,normal,estatico_cerca,33.98,25.84,6.8,subiendo,1
2657,524861,mgv1,derecha,normal,estatico_cerca,34,0.34,-510,estable,1
2658,524916,mgv1,derecha,normal,estatico_cerca,33.49,-10.2,-210.8,bajando,1
2659,524971,mgv1,derecha,normal,estatico_cerca,34,10.2,408,subiendo,1
2660,525026,mgv1,derecha,normal,estatico_cerca,34,0,-204,estable,1
2661,525081,mgv1,derecha,normal,estatico_cerca,32.71,-25.84,-516.8,bajando,1
2662,525136,mgv1,derecha,normal,estatico_cerca,32.71,0,516.8,estable,1
2663,525191,mgv1,derecha,normal,estatico_cerca,32.71,0,0,estable,1
2664,525246,mgv1,derecha,normal,estatico_cerca,34,25.84,516.8,subiendo,1
2665,525301,mgv1,derecha,normal,estatico_cerca,33.49,-10.2,-720.8,bajando,1
2666,525356,mgv1,derecha,normal,estatico_cerca,32.69,-15.98,-115.6,bajando,1
2667,525411,mgv1,derecha,normal,estatico_cerca,32.69,0,319.6,estable,1
2668,525466,mgv1,derecha,normal,estatico_cerca,33.49,15.98,319.6,subiendo,1
2669,525521,mgv1,derecha,normal,estatico_cerca,34,10.2,-115.6,subiendo,1
2670,525576,mgv1,derecha,normal,estatico_cerca,33.47,-10.54,-414.8,bajando,1
2671,525631,mgv1,derecha,normal,estatico_cerca,33.47,0,210.8,estable,1
2672,525686,mgv1,derecha,normal,estatico_cerca,33.49,0.34,6.8,estable,1
2673,525741,mgv1,derecha,normal,estatico_cerca,33.47,-0.34,-13.6,estable,1
2674,525796,mgv1,derecha,normal,estatico_cerca,34,10.54,217.6,subiendo,1
2675,525851,mgv1,derecha,normal,estatico_cerca,34,0,-210.8,estable,1
2676,525906,mgv1,derecha,normal,estatico_cerca,33.24,-15.3,-306,bajando,1
2677,525961,mgv1,derecha,normal,estatico_cerca,33.24,0,306,estable,1
2678,526016,mgv1,derecha,normal,estatico_cerca,33.24,0,0,estable,1
2679,526071,mgv1,derecha,normal,estatico_cerca,33.24,0,0,estable,1
2680,526126,mgv1,derecha,normal,estatico_cerca,33.24,0,0,estable,1
2681,526181,mgv1,derecha,normal,estatico_cerca,33.24,0,0,estable,1
2682,526236,mgv1,derecha,normal,estatico_cerca,33.24,0,0,estable,1
2683,526291,mgv1,derecha,normal,estatico_cerca,33.24,0,0,estable,1
2684,526346,mgv1,derecha,normal,estatico_cerca,34.53,25.84,516.8,subiendo,1
2685,526401,mgv1,derecha,normal,estatico_cerca,34,-10.54,-727.6,bajando,1
2686,526456,mgv1,derecha,normal,estatico_cerca,34,0,210.8,estable,1
2687,526511,mgv1,derecha,normal,estatico_cerca,34,0,0,estable,1
2688,526566,mgv1,derecha,normal,estatico_cerca,34,0,0,estable,1
2689,526621,mgv1,derecha,normal,estatico_cerca,34,0,0,estable,1
2690,526676,mgv1,derecha,normal,estatico_cerca,34,0,0,estable,1
2691,526731,mgv1,derecha,normal,estatico_cerca,34,0,0,estable,1
2692,526786,mgv1,derecha,normal,estatico_cerca,34,0,0,estable,1
2693,526841,mgv1,derecha,normal,estatico_cerca,33.49,-10.2,-204,bajando,1
2694,526896,mgv1,derecha,normal,estatico_cerca,33.49,0,204,estable,1
2695,526951,mgv1,derecha,normal,estatico_cerca,33.47,-0.34,-6.8,estable,1
2696,527006,mgv1,derecha,normal,estatico_cerca,33.47,0,6.8,estable,1
2697,527061,mgv1,derecha,normal,estatico_cerca,33.47,0,0,estable,1
2698,527116,mgv1,derecha,normal,estatico_cerca,33.47,0,0,estable,1
2699,527171,mgv1,derecha,normal,estatico_cerca,33.49,0.34,6.8,estable,1
2700,527942,mgv1,derecha,rapida,estatico_cerca,33.98,0,0,estable,1
2701,527997,mgv1,derecha,rapida,estatico_cerca,32.71,-25.5,-510,bajando,1
2702,528052,mgv1,derecha,rapida,estatico_cerca,34,25.84,1026.8,subiendo,1
2703,528107,mgv1,derecha,rapida,estatico_cerca,33.22,-15.64,-829.6,bajando,1
2704,528162,mgv1,derecha,rapida,estatico_cerca,33.24,0.34,319.6,estable,1
2705,528217,mgv1,derecha,rapida,estatico_cerca,33.24,0,-6.8,estable,1
2706,528272,mgv1,derecha,rapida,estatico_cerca,33.22,-0.34,-6.8,estable,1
2707,528327,mgv1,derecha,rapida,estatico_cerca,33.24,0.34,13.6,estable,1
2708,528382,mgv1,derecha,rapida,estatico_cerca,32.71,-10.54,-217.6,bajando,1
2709,528437,mgv1,derecha,rapida,estatico_cerca,32.71,0,210.8,estable,1
2710,528492,mgv1,derecha,rapida,estatico_cerca,32.71,0,0,estable,1
2711,528547,mgv1,derecha,rapida,estatico_cerca,32.71,0,0,estable,1
2712,528602,mgv1,derecha,rapida,estatico_cerca,32.71,0,0,estable,1
2713,528657,mgv1,derecha,rapida,estatico_cerca,32.71,0,0,estable,1
2714,528712,mgv1,derecha,rapida,estatico_cerca,32.71,0,0,estable,1
2715,528767,mgv1,derecha,rapida,estatico_cerca,32.71,0,0,estable,1
2716,528822,mgv1,derecha,rapida,estatico_cerca,32.71,0,0,estable,1
2717,528877,mgv1,derecha,rapida,estatico_cerca,32.69,-0.34,-6.8,estable,1
2718,528932,mgv1,derecha,rapida,estatico_cerca,32.71,0.34,13.6,estable,1
2719,528987,mgv1,derecha,rapida,estatico_cerca,32.69,-0.34,-13.6,estable,1
2720,529042,mgv1,derecha,rapida,estatico_cerca,32.69,0,6.8,estable,1
2721,529097,mgv1,derecha,rapida,estatico_cerca,32.69,0,0,estable,1
2722,529152,mgv1,derecha,rapida,estatico_cerca,33.22,10.54,210.8,subiendo,1
2723,529207,mgv1,derecha,rapida,estatico_cerca,33.2,-0.34,-217.6,estable,1
2724,529262,mgv1,derecha,rapida,estatico_cerca,33.24,0.68,20.4,estable,1
2725,529317,mgv1,derecha,rapida,estatico_cerca,33.22,-0.34,-20.4,estable,1
2726,529372,mgv1,derecha,rapida,estatico_cerca,33.22,0,6.8,estable,1
2727,529427,mgv1,derecha,rapida,estatico_cerca,33.22,0,0,estable,1
2728,529482,mgv1,derecha,rapida,estatico_cerca,33.24,0.34,6.8,estable,1
2729,529537,mgv1,derecha,rapida,estatico_cerca,33.74,10.2,197.2,subiendo,1
2730,529592,mgv1,derecha,rapida,estatico_cerca,33.74,0,-204,estable,1
2731,529647,mgv1,derecha,rapida,estatico_cerca,33.74,0,0,estable,1
2732,529702,mgv1,derecha,rapida,estatico_cerca,33.74,0,0,estable,1
2733,529757,mgv1,derecha,rapida,estatico_cerca,33.74,0,0,estable,1
2734,529812,mgv1,derecha,rapida,estatico_cerca,33.74,0,0,estable,1
2735,529867,mgv1,derecha,rapida,estatico_cerca,33.74,0,0,estable,1
2736,529922,mgv1,derecha,rapida,estatico_cerca,33.74,0,0,estable,1
2737,529977,mgv1,derecha,rapida,estatico_cerca,33.73,-0.34,-6.8,estable,1
2738,530032,mgv1,derecha,rapida,estatico_cerca,33.74,0.34,13.6,estable,1
2739,530087,mgv1,derecha,rapida,estatico_cerca,33.74,0,-6.8,estable,1
2740,530142,mgv1,derecha,rapida,estatico_cerca,33.74,0,0,estable,1
2741,530197,mgv1,derecha,rapida,estatico_cerca,33.73,-0.34,-6.8,estable,1
2742,530252,mgv1,derecha,rapida,estatico_cerca,33.73,0,6.8,estable,1
2743,530307,mgv1,derecha,rapida,estatico_cerca,33.73,0,0,estable,1
2744,530362,mgv1,derecha,rapida,estatico_cerca,33.73,0,0,estable,1
2745,530417,mgv1,derecha,rapida,estatico_cerca,33.73,0,0,estable,1
2746,530472,mgv1,derecha,rapida,estatico_cerca,33.74,0.34,6.8,estable,1
2747,530527,mgv1,derecha,rapida,estatico_cerca,33.73,-0.34,-13.6,estable,1
2748,530582,mgv1,derecha,rapida,estatico_cerca,33.73,0,6.8,estable,1
2749,530637,mgv1,derecha,rapida,estatico_cerca,33.73,0,0,estable,1
2750,531316,mgv1,derecha,rapida,estatico_cerca,33.73,0,0,estable,1
2751,531371,mgv1,derecha,rapida,estatico_cerca,33.71,-0.34,-6.8,estable,1
2752,531426,mgv1,derecha,rapida,estatico_cerca,33.73,0.34,13.6,estable,1
2753,531481,mgv1,derecha,rapida,estatico_cerca,32.95,-15.64,-319.6,bajando,1
2754,531536,mgv1,derecha,rapida,estatico_cerca,32.95,0,312.8,estable,1
2755,531591,mgv1,derecha,rapida,estatico_cerca,32.95,0,0,estable,1
2756,531646,mgv1,derecha,rapida,estatico_cerca,32.95,0,0,estable,1
2757,531701,mgv1,derecha,rapida,estatico_cerca,33.73,15.64,312.8,subiendo,1
2758,531756,mgv1,derecha,rapida,estatico_cerca,33.73,0,-312.8,estable,1
2759,531811,mgv1,derecha,rapida,estatico_cerca,33.73,0,0,estable,1
2760,531866,mgv1,derecha,rapida,estatico_cerca,33.73,0,0,estable,1
2761,531921,mgv1,derecha,rapida,estatico_cerca,33.73,0,0,estable,1
2762,531976,mgv1,derecha,rapida,estatico_cerca,33.73,0,0,estable,1
2763,532031,mgv1,derecha,rapida,estatico_cerca,33.73,0,0,estable,1
2764,532086,mgv1,derecha,rapida,estatico_cerca,33.73,0,0,estable,1
2765,532141,mgv1,derecha,rapida,estatico_cerca,33.73,0,0,estable,1
2766,532196,mgv1,derecha,rapida,estatico_cerca,33.73,0,0,estable,1
2767,532251,mgv1,derecha,rapida,estatico_cerca,32.96,-15.3,-306,bajando,1
2768,532306,mgv1,derecha,rapida,estatico_cerca,32.95,-0.34,299.2,estable,1
2769,532361,mgv1,derecha,rapida,estatico_cerca,32.96,0.34,13.6,estable,1
2770,532416,mgv1,derecha,rapida,estatico_cerca,33.73,15.3,299.2,subiendo,1
2771,532471,mgv1,derecha,rapida,estatico_cerca,33.73,0,-306,estable,1
2772,532526,mgv1,derecha,rapida,estatico_cerca,33.73,0,0,estable,1
2773,532581,mgv1,derecha,rapida,estatico_cerca,33.73,0,0,estable,1
2774,532636,mgv1,derecha,rapida,estatico_cerca,33.74,0.34,6.8,estable,1
2775,532691,mgv1,derecha,rapida,estatico_cerca,32.45,-25.84,-523.6,bajando,1
2776,532746,mgv1,derecha,rapida,estatico_cerca,32.45,0,516.8,estable,1
2777,532801,mgv1,derecha,rapida,estatico_cerca,32.45,0,0,estable,1
2778,532856,mgv1,derecha,rapida,estatico_cerca,32.45,0,0,estable,1
2779,532911,mgv1,derecha,rapida,estatico_cerca,32.95,9.86,197.2,subiendo,1
2780,532966,mgv1,derecha,rapida,estatico_cerca,32.95,0,-197.2,estable,1
2781,533021,mgv1,derecha,rapida,estatico_cerca,32.45,-9.86,-197.2,bajando,1
2782,533076,mgv1,derecha,rapida,estatico_cerca,32.96,10.2,401.2,subiendo,1
2783,533131,mgv1,derecha,rapida,estatico_cerca,32.95,-0.34,-210.8,estable,1
2784,533186,mgv1,derecha,rapida,estatico_cerca,32.96,0.34,13.6,estable,1
2785,533241,mgv1,derecha,rapida,estatico_cerca,33.73,15.3,299.2,subiendo,1
2786,533296,mgv1,derecha,rapida,estatico_cerca,33.74,0.34,-299.2,estable,1
2787,533351,mgv1,derecha,rapida,estatico_cerca,33.73,-0.34,-13.6,estable,1
2788,533406,mgv1,derecha,rapida,estatico_cerca,33.73,0,6.8,estable,1
2789,533461,mgv1,derecha,rapida,estatico_cerca,33.73,0,0,estable,1
2790,533516,mgv1,derecha,rapida,estatico_cerca,33.74,0.34,6.8,estable,1
2791,533571,mgv1,derecha,rapida,estatico_cerca,33.74,0,-6.8,estable,1
2792,533626,mgv1,derecha,rapida,estatico_cerca,33.74,0,0,estable,1
2793,533681,mgv1,derecha,rapida,estatico_cerca,33.73,-0.34,-6.8,estable,1
2794,533736,mgv1,derecha,rapida,estatico_cerca,33.74,0.34,13.6,estable,1
2795,533791,mgv1,derecha,rapida,estatico_cerca,33.73,-0.34,-13.6,estable,1
2796,533846,mgv1,derecha,rapida,estatico_cerca,32.96,-15.3,-299.2,bajando,1
2797,533901,mgv1,derecha,rapida,estatico_cerca,32.96,0,306,estable,1
2798,533956,mgv1,derecha,rapida,estatico_cerca,32.96,0,0,estable,1
2799,534011,mgv1,derecha,rapida,estatico_cerca,32.95,-0.34,-6.8,estable,1
2800,535615,mgv1,derecha,rapida,estatico_cerca,205.19,0,0,estable,1
2801,535680,mgv1,derecha,rapida,estatico_cerca,36.69,-3370.08,-67401.6,bajando,1
2802,535735,mgv1,derecha,rapida,estatico_cerca,36.69,0,67401.6,estable,1
2803,535790,mgv1,derecha,rapida,estatico_cerca,33.74,-58.82,-1176.4,bajando,1
2804,535845,mgv1,derecha,rapida,estatico_cerca,34.26,10.2,1380.4,subiendo,1
2805,535900,mgv1,derecha,rapida,estatico_cerca,34.26,0,-204,estable,1
2806,535955,mgv1,derecha,rapida,estatico_cerca,34.78,10.54,210.8,subiendo,1
2807,536010,mgv1,derecha,rapida,estatico_cerca,36.47,33.66,462.4,subiendo,1
2808,536065,mgv1,derecha,rapida,estatico_cerca,204.75,3365.66,66640.01,subiendo,1
2809,536130,mgv1,derecha,rapida,estatico_cerca,205.6,17,-66973.2,subiendo,1
2810,536195,mgv1,derecha,rapida,estatico_cerca,214.85,184.96,3359.19,subiendo,1
2811,536260,mgv1,derecha,rapida,estatico_cerca,214.88,0.68,-3685.59,estable,1
2812,536325,mgv1,derecha,rapida,estatico_cerca,214.88,0,-13.6,estable,1
2813,536390,mgv1,derecha,rapida,estatico_cerca,214.9,0.34,6.8,estable,1
2814,536455,mgv1,derecha,rapida,estatico_cerca,205.21,-193.8,-3882.8,bajando,1
2815,536520,mgv1,derecha,rapida,estatico_cerca,214.86,193.12,7738.4,subiendo,1
2816,536585,mgv1,derecha,rapida,estatico_cerca,214.85,-0.34,-3869.21,estable,1
2817,536650,mgv1,derecha,rapida,estatico_cerca,214.85,0,6.81,estable,1
2818,536715,mgv1,derecha,rapida,estatico_cerca,214.83,-0.34,-6.8,estable,1
2819,536780,mgv1,derecha,rapida,estatico_cerca,214.83,0,6.8,estable,1
2820,536845,mgv1,derecha,rapida,estatico_cerca,33.74,-3621.68,-72433.6,bajando,1
2821,536900,mgv1,derecha,rapida,estatico_cerca,33.73,-0.34,72426.8,estable,1
2822,536955,mgv1,derecha,rapida,estatico_cerca,33.73,0,6.8,estable,1
2823,537010,mgv1,derecha,rapida,estatico_cerca,33.74,0.34,6.8,estable,1
2824,537065,mgv1,derecha,rapida,estatico_cerca,33.74,0,-6.8,estable,1
2825,537120,mgv1,derecha,rapida,estatico_cerca,33.74,0,0,estable,1
2826,537175,mgv1,derecha,rapida,estatico_cerca,33.73,-0.34,-6.8,estable,1
2827,537230,mgv1,derecha,rapida,estatico_cerca,33.74,0.34,13.6,estable,1
2828,537285,mgv1,derecha,rapida,estatico_cerca,214.9,3623.04,72454,subiendo,1
2829,537350,mgv1,derecha,rapida,estatico_cerca,214.88,-0.34,-72467.59,estable,1
2830,537415,mgv1,derecha,rapida,estatico_cerca,214.83,-1.02,-13.6,estable,1
2831,537480,mgv1,derecha,rapida,estatico_cerca,37.83,-3540.08,-70781.2,bajando,1
2832,537535,mgv1,derecha,rapida,estatico_cerca,37.37,-9.18,70618,bajando,1
2833,537590,mgv1,derecha,rapida,estatico_cerca,37.37,0,183.6,estable,1
2834,537645,mgv1,derecha,rapida,estatico_cerca,36.91,-9.18,-183.6,bajando,1
2835,537700,mgv1,derecha,rapida,estatico_cerca,36.91,0,183.6,estable,1
2836,537755,mgv1,derecha,rapida,estatico_cerca,36.45,-9.18,-183.6,bajando,1
2837,537810,mgv1,derecha,rapida,estatico_cerca,35.99,-9.18,0,bajando,1
2838,537865,mgv1,derecha,rapida,estatico_cerca,35.53,-9.18,0,bajando,1
2839,537920,mgv1,derecha,rapida,estatico_cerca,35.53,0,183.6,estable,1
2840,537975,mgv1,derecha,rapida,estatico_cerca,35.53,0,0,estable,1
2841,538030,mgv1,derecha,rapida,estatico_cerca,35.55,0.34,6.8,estable,1
2842,538085,mgv1,derecha,rapida,estatico_cerca,35.55,0,-6.8,estable,1
2843,538140,mgv1,derecha,rapida,estatico_cerca,35.53,-0.34,-6.8,estable,1
2844,538195,mgv1,derecha,rapida,estatico_cerca,35.55,0.34,13.6,estable,1
2845,538250,mgv1,derecha,rapida,estatico_cerca,36.01,9.18,176.8,subiendo,1
2846,538305,mgv1,derecha,rapida,estatico_cerca,35.99,-0.34,-190.4,estable,1
2847,538360,mgv1,derecha,rapida,estatico_cerca,36.45,9.18,190.4,subiendo,1
2848,538415,mgv1,derecha,rapida,estatico_cerca,36.91,9.18,0,subiendo,1
2849,538470,mgv1,derecha,rapida,estatico_cerca,36.45,-9.18,-367.2,bajando,1
2850,541035,mgv1,derecha,rapida,estatico_cerca,36.91,0,0,estable,1
2851,541090,mgv1,derecha,rapida,estatico_cerca,36.45,-9.18,-183.6,bajando,1
2852,541145,mgv1,derecha,rapida,estatico_cerca,36.45,0,183.6,estable,1
2853,541200,mgv1,derecha,rapida,estatico_cerca,37.37,18.36,367.2,subiendo,1
2854,541255,mgv1,derecha,rapida,estatico_cerca,214.88,3550.28,70638.41,subiendo,1
2855,541320,mgv1,derecha,rapida,estatico_cerca,215.25,7.48,-70856.01,subiendo,1
2856,541385,mgv1,derecha,rapida,estatico_cerca,214.86,-7.82,-305.99,bajando,1
2857,541450,mgv1,derecha,rapida,estatico_cerca,37.37,-3549.94,-70842.41,bajando,1
2858,541505,mgv1,derecha,rapida,estatico_cerca,37.37,0,70998.8,estable,1
2859,541560,mgv1,derecha,rapida,estatico_cerca,36.91,-9.18,-183.6,bajando,1
2860,541615,mgv1,derecha,rapida,estatico_cerca,36.91,0,183.6,estable,1
2861,541670,mgv1,derecha,rapida,estatico_cerca,36.91,0,0,estable,1
2862,541725,mgv1,derecha,rapida,estatico_cerca,37.37,9.18,183.6,subiendo,1
2863,541780,mgv1,derecha,rapida,estatico_cerca,37.37,0,-183.6,estable,1
2864,541835,mgv1,derecha,rapida,estatico_cerca,37.83,9.18,183.6,subiendo,1
2865,541890,mgv1,derecha,rapida,estatico_cerca,214.83,3540.08,70618,subiendo,1
2866,541955,mgv1,derecha,rapida,estatico_cerca,214.83,0,-70801.6,estable,1
2867,542020,mgv1,derecha,rapida,estatico_cerca,214.83,0,0,estable,1
2868,542085,mgv1,derecha,rapida,estatico_cerca,214.86,0.68,13.6,estable,1
2869,542150,mgv1,derecha,rapida,estatico_cerca,214.88,0.34,-6.81,estable,1
2870,542215,mgv1,derecha,rapida,estatico_cerca,214.81,-1.36,-34,estable,1
2871,542280,mgv1,derecha,rapida,estatico_cerca,214.86,1.02,47.61,estable,1
2872,542345,mgv1,derecha,rapida,estatico_cerca,214.86,0,-20.4,estable,1
2873,542410,mgv1,derecha,rapida,estatico_cerca,214.88,0.34,6.8,estable,1
2874,542475,mgv1,derecha,rapida,estatico_cerca,214.83,-1.02,-27.2,estable,1
2875,542540,mgv1,derecha,rapida,estatico_cerca,214.83,0,20.4,estable,1
2876,542605,mgv1,derecha,rapida,estatico_cerca,214.88,1.02,20.4,estable,1
2877,542670,mgv1,derecha,rapida,estatico_cerca,214.88,0,-20.4,estable,1
2878,542735,mgv1,derecha,rapida,estatico_cerca,214.86,-0.34,-6.8,estable,1
2879,542800,mgv1,derecha,rapida,estatico_cerca,205.17,-193.8,-3869.2,bajando,1
2880,542865,mgv1,derecha,rapida,estatico_cerca,214.83,193.12,7738.4,subiendo,1
2881,542930,mgv1,derecha,rapida,estatico_cerca,214.88,1.02,-3841.99,estable,1
2882,542995,mgv1,derecha,rapida,estatico_cerca,205.19,-193.8,-3896.41,bajando,1
2883,543060,mgv1,derecha,rapida,estatico_cerca,204.76,-8.5,3706,bajando,1
2884,543125,mgv1,derecha,rapida,estatico_cerca,214.85,201.62,4202.4,subiendo,1
2885,543190,mgv1,derecha,rapida,estatico_cerca,214.85,0,-4032.4,estable,1
2886,543255,mgv1,derecha,rapida,estatico_cerca,214.83,-0.34,-6.8,estable,1
2887,543320,mgv1,derecha,rapida,estatico_cerca,214.85,0.34,13.6,estable,1
2888,543385,mgv1,derecha,rapida,estatico_cerca,204.75,-201.96,-4046,bajando,1
2889,543450,mgv1,derecha,rapida,estatico_cerca,214.83,201.62,8071.59,subiendo,1
2890,543515,mgv1,derecha,rapida,estatico_cerca,214.83,0,-4032.4,estable,1
2891,543580,mgv1,derecha,rapida,estatico_cerca,214.85,0.34,6.8,estable,1
2892,543645,mgv1,derecha,rapida,estatico_cerca,215.27,8.5,163.2,subiendo,1
2893,543710,mgv1,derecha,rapida,estatico_cerca,214.85,-8.5,-340,bajando,1
2894,543775,mgv1,derecha,rapida,estatico_cerca,214.83,-0.34,163.2,estable,1
2895,543840,mgv1,derecha,rapida,estatico_cerca,205.21,-192.44,-3842,bajando,1
2896,543905,mgv1,derecha,rapida,estatico_cerca,214.85,192.78,7704.39,subiendo,1
2897,543970,mgv1,derecha,rapida,estatico_cerca,214.83,-0.34,-3862.4,estable,1
2898,544035,mgv1,derecha,rapida,estatico_cerca,214.86,0.68,20.4,estable,1
2899,544100,mgv1,derecha,rapida,estatico_cerca,214.81,-1.02,-34.01,estable,1
2900,545067,mgv1,derecha,rapida,estatico_cerca,214.81,0,0,estable,1
2901,545133,mgv1,derecha,rapida,estatico_cerca,214.81,0,0,estable,1
2902,545198,mgv1,derecha,rapida,estatico_cerca,214.81,0,0,estable,1
2903,545263,mgv1,derecha,rapida,estatico_cerca,205.6,-184.28,-3685.6,bajando,1
2904,545328,mgv1,derecha,rapida,estatico_cerca,214.86,185.3,7391.6,subiendo,1
2905,545393,mgv1,derecha,rapida,estatico_cerca,214.85,-0.34,-3712.81,estable,1
2906,545458,mgv1,derecha,rapida,estatico_cerca,214.83,-0.34,0.01,estable,1
2907,545523,mgv1,derecha,rapida,estatico_cerca,214.86,0.68,20.4,estable,1
2908,545588,mgv1,derecha,rapida,estatico_cerca,214.83,-0.68,-27.21,estable,1
2909,545653,mgv1,derecha,rapida,estatico_cerca,214.85,0.34,20.4,estable,1
2910,545718,mgv1,derecha,rapida,estatico_cerca,205.16,-193.8,-3882.79,bajando,1
2911,545783,mgv1,derecha,rapida,estatico_cerca,204.73,-8.5,3705.99,bajando,1
2912,545848,mgv1,derecha,rapida,estatico_cerca,214.86,202.64,4222.8,subiendo,1
2913,545913,mgv1,derecha,rapida,estatico_cerca,214.83,-0.68,-4066.41,estable,1
2914,545978,mgv1,derecha,rapida,estatico_cerca,214.86,0.68,27.21,estable,1
2915,546043,mgv1,derecha,rapida,estatico_cerca,205.17,-193.8,-3889.61,bajando,1
2916,546108,mgv1,derecha,rapida,estatico_cerca,214.86,193.8,7752,subiendo,1
2917,546173,mgv1,derecha,rapida,estatico_cerca,214.83,-0.68,-3889.61,estable,1
2918,546238,mgv1,derecha,rapida,estatico_cerca,214.86,0.68,27.21,estable,1
2919,546303,mgv1,derecha,rapida,estatico_cerca,214.86,0,-13.6,estable,1
2920,546368,mgv1,derecha,rapida,estatico_cerca,214.85,-0.34,-6.81,estable,1
2921,546433,mgv1,derecha,rapida,estatico_cerca,214.88,0.68,20.41,estable,1
2922,546498,mgv1,derecha,rapida,estatico_cerca,214.81,-1.36,-40.81,estable,1
2923,546563,mgv1,derecha,rapida,estatico_cerca,204.31,-210.12,-4175.2,bajando,1
2924,546628,mgv1,derecha,rapida,estatico_cerca,214.83,210.46,8411.6,subiendo,1
2925,546693,mgv1,derecha,rapida,estatico_cerca,214.86,0.68,-4195.59,estable,1
2926,546758,mgv1,derecha,rapida,estatico_cerca,214.85,-0.34,-20.41,estable,1
2927,546823,mgv1,derecha,rapida,estatico_cerca,214.88,0.68,20.41,estable,1
2928,546888,mgv1,derecha,rapida,estatico_cerca,214.86,-0.34,-20.4,estable,1
2929,546953,mgv1,derecha,rapida,estatico_cerca,214.85,-0.34,-0.01,estable,1
2930,547018,mgv1,derecha,rapida,estatico_cerca,214.85,0,6.81,estable,1
2931,547083,mgv1,derecha,rapida,estatico_cerca,214.85,0,0,estable,1
2932,547148,mgv1,derecha,rapida,estatico_cerca,214.88,0.68,13.6,estable,1
2933,547213,mgv1,derecha,rapida,estatico_cerca,215.24,7.14,129.19,subiendo,1
2934,547278,mgv1,derecha,rapida,estatico_cerca,214.85,-7.82,-299.2,bajando,1
2935,547343,mgv1,derecha,rapida,estatico_cerca,214.86,0.34,163.21,estable,1
2936,547408,mgv1,derecha,rapida,estatico_cerca,214.83,-0.68,-20.41,estable,1
2937,547473,mgv1,derecha,rapida,estatico_cerca,214.83,0,13.6,estable,1
2938,547538,mgv1,derecha,rapida,estatico_cerca,215.24,8.16,163.2,subiendo,1
2939,547603,mgv1,derecha,rapida,estatico_cerca,214.83,-8.16,-326.4,bajando,1
2940,547668,mgv1,derecha,rapida,estatico_cerca,214.83,0,163.2,estable,1
2941,547733,mgv1,derecha,rapida,estatico_cerca,214.85,0.34,6.8,estable,1
2942,547798,mgv1,derecha,rapida,estatico_cerca,214.81,-0.68,-20.4,estable,1
2943,547863,mgv1,derecha,rapida,estatico_cerca,214.85,0.68,27.2,estable,1
2944,547928,mgv1,derecha,rapida,estatico_cerca,214.88,0.68,0.01,estable,1
2945,547993,mgv1,derecha,rapida,estatico_cerca,214.86,-0.34,-20.4,estable,1
2946,548058,mgv1,derecha,rapida,estatico_cerca,214.83,-0.68,-6.81,estable,1
2947,548123,mgv1,derecha,rapida,estatico_cerca,214.83,0,13.6,estable,1
2948,548188,mgv1,derecha,rapida,estatico_cerca,214.85,0.34,6.8,estable,1
2949,548253,mgv1,derecha,rapida,estatico_cerca,214.83,-0.34,-13.6,estable,1
2950,549205,mgv1,derecha,rapida,estatico_cerca,214.79,0,0,estable,1
2951,549271,mgv1,derecha,rapida,estatico_cerca,204.75,-200.94,-4018.8,bajando,1
2952,549336,mgv1,derecha,rapida,estatico_cerca,214.86,202.3,8064.8,subiendo,1
2953,549401,mgv1,derecha,rapida,estatico_cerca,214.85,-0.34,-4052.81,estable,1
2954,549466,mgv1,derecha,rapida,estatico_cerca,214.85,0,6.81,estable,1
2955,549531,mgv1,derecha,rapida,estatico_cerca,214.88,0.68,13.6,estable,1
2956,549596,mgv1,derecha,rapida,estatico_cerca,214.86,-0.34,-20.4,estable,1
2957,549661,mgv1,derecha,rapida,estatico_cerca,214.81,-1.02,-13.6,estable,1
2958,549726,mgv1,derecha,rapida,estatico_cerca,214.83,0.34,27.2,estable,1
2959,549791,mgv1,derecha,rapida,estatico_cerca,214.85,0.34,0,estable,1
2960,549856,mgv1,derecha,rapida,estatico_cerca,214.85,0,-6.8,estable,1
2961,549921,mgv1,derecha,rapida,estatico_cerca,214.83,-0.34,-6.8,estable,1
2962,549986,mgv1,derecha,rapida,estatico_cerca,204.7,-202.64,-4046,bajando,1
2963,550051,mgv1,derecha,rapida,estatico_cerca,214.81,202.3,8098.79,subiendo,1
2964,550116,mgv1,derecha,rapida,estatico_cerca,205.14,-193.46,-7915.19,bajando,1
2965,550181,mgv1,derecha,rapida,estatico_cerca,204.31,-16.66,3535.99,bajando,1
2966,550246,mgv1,derecha,rapida,estatico_cerca,204.71,8.16,496.41,subiendo,1
2967,550311,mgv1,derecha,rapida,estatico_cerca,204.29,-8.5,-333.2,bajando,1
2968,550376,mgv1,derecha,rapida,estatico_cerca,35.02,-3385.38,-67537.59,bajando,1
2969,550431,mgv1,derecha,rapida,estatico_cerca,35.53,10.2,67911.59,subiendo,1
2970,550486,mgv1,derecha,rapida,estatico_cerca,35.04,-9.86,-401.2,bajando,1
2971,550541,mgv1,derecha,rapida,estatico_cerca,35.55,10.2,401.2,subiendo,1
2972,550596,mgv1,derecha,rapida,estatico_cerca,204.73,3383.68,67469.6,subiendo,1
2973,550661,mgv1,derecha,rapida,estatico_cerca,204.71,-0.34,-67680.4,estable,1
2974,550726,mgv1,derecha,rapida,estatico_cerca,204.71,0,6.8,estable,1
2975,550791,mgv1,derecha,rapida,estatico_cerca,204.73,0.34,6.8,estable,1
2976,550856,mgv1,derecha,rapida,estatico_cerca,214.81,201.62,4025.6,subiendo,1
2977,550921,mgv1,derecha,rapida,estatico_cerca,204.71,-201.96,-8071.59,bajando,1
2978,550986,mgv1,derecha,rapida,estatico_cerca,205.56,17,4379.19,subiendo,1
2979,551051,mgv1,derecha,rapida,estatico_cerca,214.83,185.3,3366,subiendo,1
2980,551116,mgv1,derecha,rapida,estatico_cerca,214.83,0,-3706,estable,1
2981,551181,mgv1,derecha,rapida,estatico_cerca,205.16,-193.46,-3869.2,bajando,1
2982,551246,mgv1,derecha,rapida,estatico_cerca,214.42,185.3,7575.2,subiendo,1
2983,551311,mgv1,derecha,rapida,estatico_cerca,214.85,8.5,-3536,subiendo,1
2984,551376,mgv1,derecha,rapida,estatico_cerca,214.83,-0.34,-176.79,estable,1
2985,551441,mgv1,derecha,rapida,estatico_cerca,214.79,-0.68,-6.8,estable,1
2986,551506,mgv1,derecha,rapida,estatico_cerca,214.85,1.02,34,estable,1
2987,551571,mgv1,derecha,rapida,estatico_cerca,214.83,-0.34,-27.2,estable,1
2988,551636,mgv1,derecha,rapida,estatico_cerca,214.85,0.34,13.6,estable,1
2989,551701,mgv1,derecha,rapida,estatico_cerca,214.85,0,-6.8,estable,1
2990,551766,mgv1,derecha,rapida,estatico_cerca,204.73,-202.3,-4046,bajando,1
2991,551831,mgv1,derecha,rapida,estatico_cerca,214.83,201.96,8085.19,subiendo,1
2992,551896,mgv1,derecha,rapida,estatico_cerca,214.83,0,-4039.2,estable,1
2993,551961,mgv1,derecha,rapida,estatico_cerca,214.83,0,0,estable,1
2994,552026,mgv1,derecha,rapida,estatico_cerca,214.81,-0.34,-6.8,estable,1
2995,552091,mgv1,derecha,rapida,estatico_cerca,214.85,0.68,20.4,estable,1
2996,552156,mgv1,derecha,rapida,estatico_cerca,214.85,0,-13.6,estable,1
2997,552221,mgv1,derecha,rapida,estatico_cerca,205.16,-193.8,-3875.99,bajando,1
2998,552286,mgv1,derecha,rapida,estatico_cerca,214.86,194.14,7758.79,subiendo,1
2999,552351,mgv1,derecha,rapida,estatico_cerca,214.85,-0.34,-3889.61,estable,1
3000,562753,mgv1,derecha,lenta,estatico_lejos,76.43,0,0,estable,1
3001,562811,mgv1,derecha,lenta,estatico_lejos,204.27,2556.8,51136,subiendo,1
3002,562876,mgv1,derecha,lenta,estatico_lejos,204.65,7.48,-50986.41,subiendo,1
3003,562941,mgv1,derecha,lenta,estatico_lejos,205.09,8.84,27.2,subiendo,1
3004,563006,mgv1,derecha,lenta,estatico_lejos,75.46,-2592.5,-52026.8,bajando,1
3005,563063,mgv1,derecha,lenta,estatico_lejos,75.8,6.8,51986,subiendo,1
3006,563120,mgv1,derecha,lenta,estatico_lejos,75.36,-8.84,-312.8,bajando,1
3007,563177,mgv1,derecha,lenta,estatico_lejos,75.28,-1.7,142.8,estable,1
3008,563234,mgv1,derecha,lenta,estatico_lejos,75.29,0.34,40.8,estable,1
3009,563291,mgv1,derecha,lenta,estatico_lejos,76.16,17.34,340,subiendo,1
3010,563348,mgv1,derecha,lenta,estatico_lejos,75.8,-7.14,-489.6,bajando,1
3011,563405,mgv1,derecha,lenta,estatico_lejos,75.97,3.4,210.8,subiendo,1
3012,563462,mgv1,derecha,lenta,estatico_lejos,76.52,10.88,149.6,subiendo,1
3013,563519,mgv1,derecha,lenta,estatico_lejos,204.26,2554.76,50877.61,subiendo,1
3014,563584,mgv1,derecha,lenta,estatico_lejos,204.26,0,-51095.2,estable,1
3015,563649,mgv1,derecha,lenta,estatico_lejos,78.49,-2515.32,-50306.4,bajando,1
3016,563706,mgv1,derecha,lenta,estatico_lejos,77.23,-25.16,49803.2,bajando,1
3017,563763,mgv1,derecha,lenta,estatico_lejos,77.32,1.7,537.2,estable,1
3018,563820,mgv1,derecha,lenta,estatico_lejos,77.42,2.04,6.8,subiendo,1
3019,563877,mgv1,derecha,lenta,estatico_lejos,77.86,8.84,136,subiendo,1
3020,563934,mgv1,derecha,lenta,estatico_lejos,77.5,-7.14,-319.6,bajando,1
3021,563991,mgv1,derecha,lenta,estatico_lejos,77.5,0,142.8,estable,1
3022,564048,mgv1,derecha,lenta,estatico_lejos,77.04,-9.18,-183.6,bajando,1
3023,564105,mgv1,derecha,lenta,estatico_lejos,77.4,7.14,326.4,subiendo,1
3024,564162,mgv1,derecha,lenta,estatico_lejos,77.42,0.34,-136,estable,1
3025,564219,mgv1,derecha,lenta,estatico_lejos,76.98,-8.84,-183.6,bajando,1
3026,564276,mgv1,derecha,lenta,estatico_lejos,77.4,8.5,346.8,subiendo,1
3027,564333,mgv1,derecha,lenta,estatico_lejos,77.33,-1.36,-197.2,estable,1
3028,564390,mgv1,derecha,lenta,estatico_lejos,76.87,-9.18,-156.4,bajando,1
3029,564447,mgv1,derecha,lenta,estatico_lejos,77.23,7.14,326.4,subiendo,1
3030,564504,mgv1,derecha,lenta,estatico_lejos,76.79,-8.84,-319.6,bajando,1
3031,564561,mgv1,derecha,lenta,estatico_lejos,76.77,-0.34,170,estable,1
3032,564618,mgv1,derecha,lenta,estatico_lejos,76.72,-1.02,-13.6,estable,1
3033,564675,mgv1,derecha,lenta,estatico_lejos,77.15,8.5,190.4,subiendo,1
3034,564732,mgv1,derecha,lenta,estatico_lejos,77.15,0,-170,estable,1
3035,564789,mgv1,derecha,lenta,estatico_lejos,77.15,0,0,estable,1
3036,564846,mgv1,derecha,lenta,estatico_lejos,77.5,7.14,142.8,subiendo,1
3037,564903,mgv1,derecha,lenta,estatico_lejos,76.69,-16.32,-469.2,bajando,1
3038,564960,mgv1,derecha,lenta,estatico_lejos,77.06,7.48,476,subiendo,1
3039,565017,mgv1,derecha,lenta,estatico_lejos,77.5,8.84,27.2,subiendo,1
3040,565074,mgv1,derecha,lenta,estatico_lejos,77.49,-0.34,-183.6,estable,1
3041,565131,mgv1,derecha,lenta,estatico_lejos,77.08,-8.16,-156.4,bajando,1
3042,565188,mgv1,derecha,lenta,estatico_lejos,77.5,8.5,333.2,subiendo,1
3043,565245,mgv1,derecha,lenta,estatico_lejos,78.39,17.68,183.6,subiendo,1
3044,565302,mgv1,derecha,lenta,estatico_lejos,77.08,-26.18,-877.2,bajando,1
3045,565359,mgv1,derecha,lenta,estatico_lejos,78.35,25.5,1033.6,subiendo,1
3046,565416,mgv1,derecha,lenta,estatico_lejos,77.93,-8.5,-680,bajando,1
3047,565473,mgv1,derecha,lenta,estatico_lejos,77.91,-0.34,163.2,estable,1
3048,565530,mgv1,derecha,lenta,estatico_lejos,77.45,-9.18,-176.8,bajando,1
3049,565587,mgv1,derecha,lenta,estatico_lejos,76.57,-17.68,-170,bajando,1
3050,566234,mgv1,derecha,lenta,estatico_lejos,80.51,0,0,estable,1
3051,566291,mgv1,derecha,lenta,estatico_lejos,80.55,0.68,13.6,estable,1
3052,566348,mgv1,derecha,lenta,estatico_lejos,79.75,-15.98,-333.2,bajando,1
3053,566405,mgv1,derecha,lenta,estatico_lejos,79.73,-0.34,312.8,estable,1
3054,566462,mgv1,derecha,lenta,estatico_lejos,80.07,6.8,142.8,subiendo,1
3055,566519,mgv1,derecha,lenta,estatico_lejos,80.82,14.96,163.2,subiendo,1
3056,566576,mgv1,derecha,lenta,estatico_lejos,80.44,-7.48,-448.8,bajando,1
3057,566633,mgv1,derecha,lenta,estatico_lejos,80.09,-7.14,6.8,bajando,1
3058,566690,mgv1,derecha,lenta,estatico_lejos,79.73,-7.14,0,bajando,1
3059,566747,mgv1,derecha,lenta,estatico_lejos,80.15,8.5,312.8,subiendo,1
3060,566804,mgv1,derecha,lenta,estatico_lejos,79.73,-8.5,-340,bajando,1
3061,566861,mgv1,derecha,lenta,estatico_lejos,79.71,-0.34,163.2,estable,1
3062,566918,mgv1,derecha,lenta,estatico_lejos,79.73,0.34,13.6,estable,1
3063,566975,mgv1,derecha,lenta,estatico_lejos,80.09,7.14,136,subiendo,1
3064,567032,mgv1,derecha,lenta,estatico_lejos,80.05,-0.68,-156.4,estable,1
3065,567089,mgv1,derecha,lenta,estatico_lejos,80.51,9.18,197.2,subiendo,1
3066,567146,mgv1,derecha,lenta,estatico_lejos,80.53,0.34,-176.8,estable,1
3067,567203,mgv1,derecha,lenta,estatico_lejos,80.95,8.5,163.2,subiendo,1
3068,567260,mgv1,derecha,lenta,estatico_lejos,80.15,-15.98,-489.6,bajando,1
3069,567317,mgv1,derecha,lenta,estatico_lejos,79.8,-7.14,176.8,bajando,1
3070,567374,mgv1,derecha,lenta,estatico_lejos,79.37,-8.5,-27.2,bajando,1
3071,567431,mgv1,derecha,lenta,estatico_lejos,80.17,15.98,489.6,subiendo,1
3072,567488,mgv1,derecha,lenta,estatico_lejos,80.17,0,-319.6,estable,1
3073,567545,mgv1,derecha,lenta,estatico_lejos,79.73,-8.84,-176.8,bajando,1
3074,567602,mgv1,derecha,lenta,estatico_lejos,79.73,0,176.8,estable,1
3075,567659,mgv1,derecha,lenta,estatico_lejos,79.73,0,0,estable,1
3076,567716,mgv1,derecha,lenta,estatico_lejos,79.71,-0.34,-6.8,estable,1
3077,567773,mgv1,derecha,lenta,estatico_lejos,80.51,15.98,326.4,subiendo,1
3078,567830,mgv1,derecha,lenta,estatico_lejos,81.31,15.98,0,subiendo,1
3079,567887,mgv1,derecha,lenta,estatico_lejos,80.89,-8.5,-489.6,bajando,1
3080,567944,mgv1,derecha,lenta,estatico_lejos,80.9,0.34,176.8,estable,1
3081,568001,mgv1,derecha,lenta,estatico_lejos,81.33,8.5,163.2,subiendo,1
3082,568058,mgv1,derecha,lenta,estatico_lejos,80.51,-16.32,-496.4,bajando,1
3083,568115,mgv1,derecha,lenta,estatico_lejos,80.51,0,326.4,estable,1
3084,568172,mgv1,derecha,lenta,estatico_lejos,79.71,-15.98,-319.6,bajando,1
3085,568229,mgv1,derecha,lenta,estatico_lejos,79.37,-6.8,183.6,bajando,1
3086,568286,mgv1,derecha,lenta,estatico_lejos,79.42,1.02,156.4,estable,1
3087,568343,mgv1,derecha,lenta,estatico_lejos,78.98,-8.84,-197.2,bajando,1
3088,568400,mgv1,derecha,lenta,estatico_lejos,78.62,-7.14,34,bajando,1
3089,568457,mgv1,derecha,lenta,estatico_lejos,78.62,0,142.8,estable,1
3090,568514,mgv1,derecha,lenta,estatico_lejos,77.4,-24.48,-489.6,bajando,1
3091,568571,mgv1,derecha,lenta,estatico_lejos,77.06,-6.8,353.6,bajando,1
3092,568628,mgv1,derecha,lenta,estatico_lejos,77.5,8.84,312.8,subiendo,1
3093,568685,mgv1,derecha,lenta,estatico_lejos,77.15,-7.14,-319.6,bajando,1
3094,568742,mgv1,derecha,lenta,estatico_lejos,76.77,-7.48,-6.8,bajando,1
3095,568799,mgv1,derecha,lenta,estatico_lejos,76.75,-0.34,142.8,estable,1
3096,568856,mgv1,derecha,lenta,estatico_lejos,77.2,8.84,183.6,subiendo,1
3097,568913,mgv1,derecha,lenta,estatico_lejos,76.79,-8.16,-340,bajando,1
3098,568970,mgv1,derecha,lenta,estatico_lejos,76.79,0,163.2,estable,1
3099,569027,mgv1,derecha,lenta,estatico_lejos,77.23,8.84,176.8,subiendo,1
3100,569860,mgv1,derecha,lenta,estatico_lejos,77.32,0,0,estable,1
3101,569917,mgv1,derecha,lenta,estatico_lejos,77.32,0,0,estable,1
3102,569974,mgv1,derecha,lenta,estatico_lejos,76.89,-8.5,-170,bajando,1
3103,570031,mgv1,derecha,lenta,estatico_lejos,76.87,-0.34,163.2,estable,1
3104,570088,mgv1,derecha,lenta,estatico_lejos,76.86,-0.34,0,estable,1
3105,570145,mgv1,derecha,lenta,estatico_lejos,77.32,9.18,190.4,subiendo,1
3106,570202,mgv1,derecha,lenta,estatico_lejos,76.87,-8.84,-360.4,bajando,1
3107,570259,mgv1,derecha,lenta,estatico_lejos,76.87,0,176.8,estable,1
3108,570316,mgv1,derecha,lenta,estatico_lejos,76.86,-0.34,-6.8,estable,1
3109,570373,mgv1,derecha,lenta,estatico_lejos,77.32,9.18,190.4,subiendo,1
3110,570430,mgv1,derecha,lenta,estatico_lejos,77.32,0,-183.6,estable,1
3111,570487,mgv1,derecha,lenta,estatico_lejos,77.32,0,0,estable,1
3112,570544,mgv1,derecha,lenta,estatico_lejos,76.87,-8.84,-176.8,bajando,1
3113,570601,mgv1,derecha,lenta,estatico_lejos,76.87,0,176.8,estable,1
3114,570658,mgv1,derecha,lenta,estatico_lejos,76.87,0,0,estable,1
3115,570715,mgv1,derecha,lenta,estatico_lejos,77.32,8.84,176.8,subiendo,1
3116,570772,mgv1,derecha,lenta,estatico_lejos,77.32,0,-176.8,estable,1
3117,570829,mgv1,derecha,lenta,estatico_lejos,77.32,0,0,estable,1
3118,570886,mgv1,derecha,lenta,estatico_lejos,77.32,0,0,estable,1
3119,570943,mgv1,derecha,lenta,estatico_lejos,77.32,0,0,estable,1
3120,571000,mgv1,derecha,lenta,estatico_lejos,77.32,0,0,estable,1
3121,571057,mgv1,derecha,lenta,estatico_lejos,77.32,0,0,estable,1
3122,571114,mgv1,derecha,lenta,estatico_lejos,77.32,0,0,estable,1
3123,571171,mgv1,derecha,lenta,estatico_lejos,77.76,8.84,176.8,subiendo,1
3124,571228,mgv1,derecha,lenta,estatico_lejos,77.4,-7.14,-319.6,bajando,1
3125,571285,mgv1,derecha,lenta,estatico_lejos,76.96,-8.84,-34,bajando,1
3126,571342,mgv1,derecha,lenta,estatico_lejos,77.78,16.32,503.2,subiendo,1
3127,571399,mgv1,derecha,lenta,estatico_lejos,76.96,-16.32,-652.8,bajando,1
3128,571456,mgv1,derecha,lenta,estatico_lejos,76.98,0.34,333.2,estable,1
3129,571513,mgv1,derecha,lenta,estatico_lejos,77.42,8.84,170,subiendo,1
3130,571570,mgv1,derecha,lenta,estatico_lejos,77.78,7.14,-34,subiendo,1
3131,571627,mgv1,derecha,lenta,estatico_lejos,77.4,-7.48,-292.4,bajando,1
3132,571684,mgv1,derecha,lenta,estatico_lejos,77.88,9.52,340,subiendo,1
3133,571741,mgv1,derecha,lenta,estatico_lejos,77.4,-9.52,-380.8,bajando,1
3134,571798,mgv1,derecha,lenta,estatico_lejos,77.42,0.34,197.2,estable,1
3135,571855,mgv1,derecha,lenta,estatico_lejos,77.84,8.5,163.2,subiendo,1
3136,571912,mgv1,derecha,lenta,estatico_lejos,77.86,0.34,-163.2,estable,1
3137,571969,mgv1,derecha,lenta,estatico_lejos,77.86,0,-6.8,estable,1
3138,572026,mgv1,derecha,lenta,estatico_lejos,78.27,8.16,163.2,subiendo,1
3139,572083,mgv1,derecha,lenta,estatico_lejos,78.71,8.84,13.6,subiendo,1
3140,572140,mgv1,derecha,lenta,estatico_lejos,78.71,0,-176.8,estable,1
3141,572197,mgv1,derecha,lenta,estatico_lejos,78.37,-6.8,-136,bajando,1
3142,572254,mgv1,derecha,lenta,estatico_lejos,79.25,17.68,489.6,subiendo,1
3143,572311,mgv1,derecha,lenta,estatico_lejos,80.53,25.5,156.4,subiendo,1
3144,572368,mgv1,derecha,lenta,estatico_lejos,79.73,-15.98,-829.6,bajando,1
3145,572425,mgv1,derecha,lenta,estatico_lejos,81.06,26.52,850,subiendo,1
3146,572482,mgv1,derecha,lenta,estatico_lejos,80.68,-7.48,-680,bajando,1
3147,572539,mgv1,derecha,lenta,estatico_lejos,81.14,9.18,333.2,subiendo,1
3148,572596,mgv1,derecha,lenta,estatico_lejos,80.82,-6.46,-312.8,bajando,1
3149,572653,mgv1,derecha,lenta,estatico_lejos,80.34,-9.52,-61.2,bajando,1
3150,574854,mgv1,derecha,lenta,estatico_lejos,79.02,0,0,estable,1
3151,574912,mgv1,derecha,lenta,estatico_lejos,79,-0.34,-6.8,estable,1
3152,574969,mgv1,derecha,lenta,estatico_lejos,78.98,-0.34,0,estable,1
3153,575026,mgv1,derecha,lenta,estatico_lejos,79,0.34,13.6,estable,1
3154,575083,mgv1,derecha,lenta,estatico_lejos,79.44,8.84,170,subiendo,1
3155,575140,mgv1,derecha,lenta,estatico_lejos,79,-8.84,-353.6,bajando,1
3156,575197,mgv1,derecha,lenta,estatico_lejos,79.44,8.84,353.6,subiendo,1
3157,575254,mgv1,derecha,lenta,estatico_lejos,79.46,0.34,-170,estable,1
3158,575311,mgv1,derecha,lenta,estatico_lejos,79.44,-0.34,-13.6,estable,1
3159,575368,mgv1,derecha,lenta,estatico_lejos,79.88,8.84,183.6,subiendo,1
3160,575425,mgv1,derecha,lenta,estatico_lejos,79.47,-8.16,-340,bajando,1
3161,575482,mgv1,derecha,lenta,estatico_lejos,79.9,8.5,333.2,subiendo,1
3162,575539,mgv1,derecha,lenta,estatico_lejos,79.46,-8.84,-346.8,bajando,1
3163,575596,mgv1,derecha,lenta,estatico_lejos,79.44,-0.34,170,estable,1
3164,575653,mgv1,derecha,lenta,estatico_lejos,79.44,0,6.8,estable,1
3165,575710,mgv1,derecha,lenta,estatico_lejos,79.44,0,0,estable,1
3166,575767,mgv1,derecha,lenta,estatico_lejos,79.44,0,0,estable,1
3167,575824,mgv1,derecha,lenta,estatico_lejos,79,-8.84,-176.8,bajando,1
3168,575881,mgv1,derecha,lenta,estatico_lejos,79.46,9.18,360.4,subiendo,1
3169,575938,mgv1,derecha,lenta,estatico_lejos,80.34,17.68,170,subiendo,1
3170,575995,mgv1,derecha,lenta,estatico_lejos,79.99,-7.14,-496.4,bajando,1
3171,576052,mgv1,derecha,lenta,estatico_lejos,80,0.34,149.6,estable,1
3172,576109,mgv1,derecha,lenta,estatico_lejos,80.44,8.84,170,subiendo,1
3173,576166,mgv1,derecha,lenta,estatico_lejos,80.07,-7.48,-326.4,bajando,1
3174,576223,mgv1,derecha,lenta,estatico_lejos,80.07,0,149.6,estable,1
3175,576280,mgv1,derecha,lenta,estatico_lejos,79.73,-6.8,-136,bajando,1
3176,576337,mgv1,derecha,lenta,estatico_lejos,79.7,-0.68,122.4,estable,1
3177,576394,mgv1,derecha,lenta,estatico_lejos,79.71,0.34,20.4,estable,1
3178,576451,mgv1,derecha,lenta,estatico_lejos,79.73,0.34,0,estable,1
3179,576508,mgv1,derecha,lenta,estatico_lejos,79.37,-7.14,-149.6,bajando,1
3180,576565,mgv1,derecha,lenta,estatico_lejos,79.37,0,142.8,estable,1
3181,576622,mgv1,derecha,lenta,estatico_lejos,79.37,0,0,estable,1
3182,576679,mgv1,derecha,lenta,estatico_lejos,79.37,0,0,estable,1
3183,576736,mgv1,derecha,lenta,estatico_lejos,79,-7.48,-149.6,bajando,1
3184,576793,mgv1,derecha,lenta,estatico_lejos,79.37,7.48,299.2,subiendo,1
3185,576850,mgv1,derecha,lenta,estatico_lejos,79.8,8.5,20.4,subiendo,1
3186,576907,mgv1,derecha,lenta,estatico_lejos,79.37,-8.5,-340,bajando,1
3187,576964,mgv1,derecha,lenta,estatico_lejos,79.37,0,170,estable,1
3188,577021,mgv1,derecha,lenta,estatico_lejos,79.36,-0.34,-6.8,estable,1
3189,577078,mgv1,derecha,lenta,estatico_lejos,79.37,0.34,13.6,estable,1
3190,577135,mgv1,derecha,lenta,estatico_lejos,79.73,7.14,136,subiendo,1
3191,577192,mgv1,derecha,lenta,estatico_lejos,79.73,0,-142.8,estable,1
3192,577249,mgv1,derecha,lenta,estatico_lejos,80.17,8.84,176.8,subiendo,1
3193,577306,mgv1,derecha,lenta,estatico_lejos,79.37,-15.98,-496.4,bajando,1
3194,577363,mgv1,derecha,lenta,estatico_lejos,79.37,0,319.6,estable,1
3195,577420,mgv1,derecha,lenta,estatico_lejos,79.82,8.84,176.8,subiendo,1
3196,577477,mgv1,derecha,lenta,estatico_lejos,79.82,0,-176.8,estable,1
3197,577534,mgv1,derecha,lenta,estatico_lejos,79.47,-6.8,-136,bajando,1
3198,577591,mgv1,derecha,lenta,estatico_lejos,79.82,6.8,272,subiendo,1
3199,577648,mgv1,derecha,lenta,estatico_lejos,79.37,-8.84,-312.8,bajando,1
3200,578207,mgv1,derecha,lenta,estatico_lejos,79.82,0,0,estable,1
3201,578264,mgv1,derecha,lenta,estatico_lejos,79.82,0,0,estable,1
3202,578321,mgv1,derecha,lenta,estatico_lejos,79.82,0,0,estable,1
3203,578378,mgv1,derecha,lenta,estatico_lejos,79.8,-0.34,-6.8,estable,1
3204,578435,mgv1,derecha,lenta,estatico_lejos,79.36,-8.84,-170,bajando,1
3205,578492,mgv1,derecha,lenta,estatico_lejos,79.37,0.34,183.6,estable,1
3206,578549,mgv1,derecha,lenta,estatico_lejos,79.36,-0.34,-13.6,estable,1
3207,578606,mgv1,derecha,lenta,estatico_lejos,80.17,16.32,333.2,subiendo,1
3208,578663,mgv1,derecha,lenta,estatico_lejos,80.17,0,-326.4,estable,1
3209,578720,mgv1,derecha,lenta,estatico_lejos,80.19,0.34,6.8,estable,1
3210,578777,mgv1,derecha,lenta,estatico_lejos,80.63,8.84,170,subiendo,1
3211,578834,mgv1,derecha,lenta,estatico_lejos,80.26,-7.48,-326.39,bajando,1
3212,578891,mgv1,derecha,lenta,estatico_lejos,79.82,-8.84,-27.2,bajando,1
3213,578948,mgv1,derecha,lenta,estatico_lejos,80.19,7.48,326.4,subiendo,1
3214,579005,mgv1,derecha,lenta,estatico_lejos,80.61,8.5,20.4,subiendo,1
3215,579062,mgv1,derecha,lenta,estatico_lejos,80.6,-0.34,-176.8,estable,1
3216,579119,mgv1,derecha,lenta,estatico_lejos,80.17,-8.5,-163.2,bajando,1
3217,579176,mgv1,derecha,lenta,estatico_lejos,80.6,8.5,340,subiendo,1
3218,579233,mgv1,derecha,lenta,estatico_lejos,80.6,0,-170,estable,1
3219,579290,mgv1,derecha,lenta,estatico_lejos,79.8,-15.98,-319.6,bajando,1
3220,579347,mgv1,derecha,lenta,estatico_lejos,79.78,-0.34,312.8,estable,1
3221,579404,mgv1,derecha,lenta,estatico_lejos,79.36,-8.5,-163.2,bajando,1
3222,579461,mgv1,derecha,lenta,estatico_lejos,79.82,9.18,353.6,subiendo,1
3223,579518,mgv1,derecha,lenta,estatico_lejos,79.36,-9.18,-367.2,bajando,1
3224,579575,mgv1,derecha,lenta,estatico_lejos,79.37,0.34,190.4,estable,1
3225,579632,mgv1,derecha,lenta,estatico_lejos,79.36,-0.34,-13.6,estable,1
3226,579689,mgv1,derecha,lenta,estatico_lejos,79.39,0.68,20.4,estable,1
3227,579746,mgv1,derecha,lenta,estatico_lejos,79.37,-0.34,-20.4,estable,1
3228,579803,mgv1,derecha,lenta,estatico_lejos,79.36,-0.34,0,estable,1
3229,579860,mgv1,derecha,lenta,estatico_lejos,79.37,0.34,13.6,estable,1
3230,579917,mgv1,derecha,lenta,estatico_lejos,79.37,0,-6.8,estable,1
3231,579974,mgv1,derecha,lenta,estatico_lejos,79.37,0,0,estable,1
3232,580031,mgv1,derecha,lenta,estatico_lejos,79.02,-7.14,-142.8,bajando,1
3233,580088,mgv1,derecha,lenta,estatico_lejos,79,-0.34,136,estable,1
3234,580145,mgv1,derecha,lenta,estatico_lejos,79.02,0.34,13.6,estable,1
3235,580202,mgv1,derecha,lenta,estatico_lejos,78.64,-7.48,-156.4,bajando,1
3236,580259,mgv1,derecha,lenta,estatico_lejos,79.47,16.66,482.8,subiendo,1
3237,580316,mgv1,derecha,lenta,estatico_lejos,78.68,-15.98,-652.8,bajando,1
3238,580373,mgv1,derecha,lenta,estatico_lejos,79.08,8.16,482.8,subiendo,1
3239,580430,mgv1,derecha,lenta,estatico_lejos,79.08,0,-163.2,estable,1
3240,580487,mgv1,derecha,lenta,estatico_lejos,79.1,0.34,6.8,estable,1
3241,580544,mgv1,derecha,lenta,estatico_lejos,78.66,-8.84,-183.6,bajando,1
3242,580601,mgv1,derecha,lenta,estatico_lejos,79,6.8,312.8,subiendo,1
3243,580658,mgv1,derecha,lenta,estatico_lejos,79,0,-136,estable,1
3244,580715,mgv1,derecha,lenta,estatico_lejos,79,0,0,estable,1
3245,580772,mgv1,derecha,lenta,estatico_lejos,79.08,1.7,34,estable,1
3246,580829,mgv1,derecha,lenta,estatico_lejos,79.08,0,-34,estable,1
3247,580886,mgv1,derecha,lenta,estatico_lejos,79.1,0.34,6.8,estable,1
3248,580943,mgv1,derecha,lenta,estatico_lejos,79.53,8.5,163.2,subiendo,1
3249,581000,mgv1,derecha,lenta,estatico_lejos,79.12,-8.16,-333.2,bajando,1
3250,581693,mgv1,derecha,lenta,estatico_lejos,79.51,0,0,estable,1
3251,581751,mgv1,derecha,lenta,estatico_lejos,79.51,0,0,estable,1
3252,581808,mgv1,derecha,lenta,estatico_lejos,79.88,7.48,149.6,subiendo,1
3253,581865,mgv1,derecha,lenta,estatico_lejos,79.88,0,-149.6,estable,1
3254,581922,mgv1,derecha,lenta,estatico_lejos,80.22,6.8,136,subiendo,1
3255,581979,mgv1,derecha,lenta,estatico_lejos,80.24,0.34,-129.2,estable,1
3256,582036,mgv1,derecha,lenta,estatico_lejos,80.24,0,-6.8,estable,1
3257,582093,mgv1,derecha,lenta,estatico_lejos,79.46,-15.64,-312.8,bajando,1
3258,582150,mgv1,derecha,lenta,estatico_lejos,79.9,8.84,489.6,subiendo,1
3259,582207,mgv1,derecha,lenta,estatico_lejos,79.46,-8.84,-353.6,bajando,1
3260,582264,mgv1,derecha,lenta,estatico_lejos,79.9,8.84,353.6,subiendo,1
3261,582321,mgv1,derecha,lenta,estatico_lejos,80.72,16.32,149.6,subiendo,1
3262,582378,mgv1,derecha,lenta,estatico_lejos,80.7,-0.34,-333.2,estable,1
3263,582435,mgv1,derecha,lenta,estatico_lejos,80.27,-8.5,-163.2,bajando,1
3264,582492,mgv1,derecha,lenta,estatico_lejos,80.27,0,170,estable,1
3265,582549,mgv1,derecha,lenta,estatico_lejos,79.46,-16.32,-326.4,bajando,1
3266,582606,mgv1,derecha,lenta,estatico_lejos,79.46,0,326.4,estable,1
3267,582663,mgv1,derecha,lenta,estatico_lejos,79.46,0,0,estable,1
3268,582720,mgv1,derecha,lenta,estatico_lejos,79.46,0,0,estable,1
3269,582777,mgv1,derecha,lenta,estatico_lejos,79.44,-0.34,-6.8,estable,1
3270,582834,mgv1,derecha,lenta,estatico_lejos,79.44,0,6.8,estable,1
3271,582891,mgv1,derecha,lenta,estatico_lejos,79.46,0.34,6.8,estable,1
3272,582948,mgv1,derecha,lenta,estatico_lejos,79.12,-6.8,-142.8,bajando,1
3273,583005,mgv1,derecha,lenta,estatico_lejos,79.12,0,136,estable,1
3274,583062,mgv1,derecha,lenta,estatico_lejos,79.1,-0.34,-6.8,estable,1
3275,583119,mgv1,derecha,lenta,estatico_lejos,79.1,0,6.8,estable,1
3276,583176,mgv1,derecha,lenta,estatico_lejos,79.51,8.16,163.2,subiendo,1
3277,583233,mgv1,derecha,lenta,estatico_lejos,79.53,0.34,-156.4,estable,1
3278,583290,mgv1,derecha,lenta,estatico_lejos,79.51,-0.34,-13.6,estable,1
3279,583347,mgv1,derecha,lenta,estatico_lejos,79.07,-8.84,-170,bajando,1
3280,583404,mgv1,derecha,lenta,estatico_lejos,79.07,0,176.8,estable,1
3281,583461,mgv1,derecha,lenta,estatico_lejos,79.1,0.68,13.6,estable,1
3282,583518,mgv1,derecha,lenta,estatico_lejos,79.1,0,-13.6,estable,1
3283,583575,mgv1,derecha,lenta,estatico_lejos,79.1,0,0,estable,1
3284,583632,mgv1,derecha,lenta,estatico_lejos,79.17,1.36,27.2,estable,1
3285,583689,mgv1,derecha,lenta,estatico_lejos,79.56,7.82,129.2,subiendo,1
3286,583746,mgv1,derecha,lenta,estatico_lejos,79.19,-7.48,-306,bajando,1
3287,583803,mgv1,derecha,lenta,estatico_lejos,79.19,0,149.6,estable,1
3288,583860,mgv1,derecha,lenta,estatico_lejos,79.54,7.14,142.8,subiendo,1
3289,583917,mgv1,derecha,lenta,estatico_lejos,79.53,-0.34,-149.6,estable,1
3290,583974,mgv1,derecha,lenta,estatico_lejos,79.1,-8.5,-163.2,bajando,1
3291,584031,mgv1,derecha,lenta,estatico_lejos,79.1,0,170,estable,1
3292,584088,mgv1,derecha,lenta,estatico_lejos,79.47,7.48,149.6,subiendo,1
3293,584145,mgv1,derecha,lenta,estatico_lejos,79.46,-0.34,-156.4,estable,1
3294,584202,mgv1,derecha,lenta,estatico_lejos,79.9,8.84,183.6,subiendo,1
3295,584259,mgv1,derecha,lenta,estatico_lejos,79.9,0,-176.8,estable,1
3296,584316,mgv1,derecha,lenta,estatico_lejos,79.53,-7.48,-149.6,bajando,1
3297,584373,mgv1,derecha,lenta,estatico_lejos,79.53,0,149.6,estable,1
3298,584430,mgv1,derecha,lenta,estatico_lejos,79.53,0,0,estable,1
3299,584487,mgv1,derecha,lenta,estatico_lejos,79.9,7.48,149.6,subiendo,1
3300,585069,mgv1,derecha,lenta,estatico_lejos,79.9,0,0,estable,1
3301,585126,mgv1,derecha,lenta,estatico_lejos,79.9,0,0,estable,1
3302,585183,mgv1,derecha,lenta,estatico_lejos,79.9,0,0,estable,1
3303,585240,mgv1,derecha,lenta,estatico_lejos,80.27,7.48,149.6,subiendo,1
3304,585297,mgv1,derecha,lenta,estatico_lejos,80.24,-0.68,-163.2,estable,1
3305,585354,mgv1,derecha,lenta,estatico_lejos,80.24,0,13.6,estable,1
3306,585411,mgv1,derecha,lenta,estatico_lejos,80.61,7.48,149.6,subiendo,1
3307,585468,mgv1,derecha,lenta,estatico_lejos,80.61,0,-149.6,estable,1
3308,585525,mgv1,derecha,lenta,estatico_lejos,80.61,0,0,estable,1
3309,585582,mgv1,derecha,lenta,estatico_lejos,79.8,-16.32,-326.4,bajando,1
3310,585639,mgv1,derecha,lenta,estatico_lejos,80.24,8.84,503.2,subiendo,1
3311,585696,mgv1,derecha,lenta,estatico_lejos,80.26,0.34,-170,estable,1
3312,585753,mgv1,derecha,lenta,estatico_lejos,80.24,-0.34,-13.6,estable,1
3313,585810,mgv1,derecha,lenta,estatico_lejos,80.24,0,6.8,estable,1
3314,585867,mgv1,derecha,lenta,estatico_lejos,80.22,-0.34,-6.8,estable,1
3315,585924,mgv1,derecha,lenta,estatico_lejos,80.67,8.84,183.6,subiendo,1
3316,585981,mgv1,derecha,lenta,estatico_lejos,79.83,-16.66,-510,bajando,1
3317,586038,mgv1,derecha,lenta,estatico_lejos,79.82,-0.34,326.4,estable,1
3318,586095,mgv1,derecha,lenta,estatico_lejos,79.8,-0.34,0,estable,1
3319,586152,mgv1,derecha,lenta,estatico_lejos,79.82,0.34,13.6,estable,1
3320,586209,mgv1,derecha,lenta,estatico_lejos,79.82,0,-6.8,estable,1
3321,586266,mgv1,derecha,lenta,estatico_lejos,79.9,1.7,34,estable,1
3322,586323,mgv1,derecha,lenta,estatico_lejos,79.46,-8.84,-210.8,bajando,1
3323,586380,mgv1,derecha,lenta,estatico_lejos,79.47,0.34,183.6,estable,1
3324,586437,mgv1,derecha,lenta,estatico_lejos,79.1,-7.48,-156.4,bajando,1
3325,586494,mgv1,derecha,lenta,estatico_lejos,79.54,8.84,326.4,subiendo,1
3326,586551,mgv1,derecha,lenta,estatico_lejos,79.19,-7.14,-319.6,bajando,1
3327,586608,mgv1,derecha,lenta,estatico_lejos,79.54,7.14,285.6,subiendo,1
3328,586665,mgv1,derecha,lenta,estatico_lejos,79.54,0,-142.8,estable,1
3329,586722,mgv1,derecha,lenta,estatico_lejos,79.15,-7.82,-156.4,bajando,1
3330,586779,mgv1,derecha,lenta,estatico_lejos,79.12,-0.68,142.8,estable,1
3331,586836,mgv1,derecha,lenta,estatico_lejos,79.1,-0.34,6.8,estable,1
3332,586893,mgv1,derecha,lenta,estatico_lejos,79.1,0,6.8,estable,1
3333,586950,mgv1,derecha,lenta,estatico_lejos,79.12,0.34,6.8,estable,1
3334,587007,mgv1,derecha,lenta,estatico_lejos,78.74,-7.48,-156.4,bajando,1
3335,587064,mgv1,derecha,lenta,estatico_lejos,79.61,17.34,496.4,subiendo,1
3336,587121,mgv1,derecha,lenta,estatico_lejos,79.2,-8.16,-510,bajando,1
3337,587178,mgv1,derecha,lenta,estatico_lejos,79.2,0,163.2,estable,1
3338,587235,mgv1,derecha,lenta,estatico_lejos,79.19,-0.34,-6.8,estable,1
3339,587292,mgv1,derecha,lenta,estatico_lejos,79.2,0.34,13.6,estable,1
3340,587349,mgv1,derecha,lenta,estatico_lejos,79.56,7.14,136,subiendo,1
3341,587406,mgv1,derecha,lenta,estatico_lejos,79.54,-0.34,-149.6,estable,1
3342,587463,mgv1,derecha,lenta,estatico_lejos,79.54,0,6.8,estable,1
3343,587520,mgv1,derecha,lenta,estatico_lejos,79.56,0.34,6.8,estable,1
3344,587577,mgv1,derecha,lenta,estatico_lejos,79.56,0,-6.8,estable,1
3345,587634,mgv1,derecha,lenta,estatico_lejos,79.19,-7.48,-149.6,bajando,1
3346,587691,mgv1,derecha,lenta,estatico_lejos,79.61,8.5,319.6,subiendo,1
3347,587748,mgv1,derecha,lenta,estatico_lejos,79.59,-0.34,-176.8,estable,1
3348,587805,mgv1,derecha,lenta,estatico_lejos,79.59,0,6.8,estable,1
3349,587862,mgv1,derecha,lenta,estatico_lejos,79.59,0,0,estable,1
3350,588467,mgv1,derecha,normal,estatico_lejos,79.61,0,0,estable,1
3351,588525,mgv1,derecha,normal,estatico_lejos,79.59,-0.34,-6.8,estable,1
3352,588582,mgv1,derecha,normal,estatico_lejos,79.63,0.68,20.4,estable,1
3353,588639,mgv1,derecha,normal,estatico_lejos,79.61,-0.34,-20.4,estable,1
3354,588696,mgv1,derecha,normal,estatico_lejos,79.61,0,6.8,estable,1
3355,588753,mgv1,derecha,normal,estatico_lejos,79.59,-0.34,-6.8,estable,1
3356,588810,mgv1,derecha,normal,estatico_lejos,79.97,7.48,156.4,subiendo,1
3357,588867,mgv1,derecha,normal,estatico_lejos,79.97,0,-149.6,estable,1
3358,588924,mgv1,derecha,normal,estatico_lejos,79.56,-8.16,-163.2,bajando,1
3359,588981,mgv1,derecha,normal,estatico_lejos,79.99,8.5,333.2,subiendo,1
3360,589038,mgv1,derecha,normal,estatico_lejos,79.56,-8.5,-340,bajando,1
3361,589095,mgv1,derecha,normal,estatico_lejos,79.99,8.5,340,subiendo,1
3362,589152,mgv1,derecha,normal,estatico_lejos,79.99,0,-170,estable,1
3363,589209,mgv1,derecha,normal,estatico_lejos,79.61,-7.48,-149.6,bajando,1
3364,589266,mgv1,derecha,normal,estatico_lejos,79.63,0.34,156.4,estable,1
3365,589323,mgv1,derecha,normal,estatico_lejos,79.61,-0.34,-13.6,estable,1
3366,589380,mgv1,derecha,normal,estatico_lejos,79.63,0.34,13.6,estable,1
3367,589437,mgv1,derecha,normal,estatico_lejos,79.64,0.34,0,estable,1
3368,589494,mgv1,derecha,normal,estatico_lejos,79.63,-0.34,-13.6,estable,1
3369,589551,mgv1,derecha,normal,estatico_lejos,79.61,-0.34,0,estable,1
3370,589608,mgv1,derecha,normal,estatico_lejos,79.19,-8.5,-163.2,bajando,1
3371,589665,mgv1,derecha,normal,estatico_lejos,79.64,9.18,353.6,subiendo,1
3372,589722,mgv1,derecha,normal,estatico_lejos,79.19,-9.18,-367.2,bajando,1
3373,589779,mgv1,derecha,normal,estatico_lejos,79.63,8.84,360.4,subiendo,1
3374,589836,mgv1,derecha,normal,estatico_lejos,79.19,-8.84,-353.6,bajando,1
3375,589893,mgv1,derecha,normal,estatico_lejos,79.63,8.84,353.6,subiendo,1
3376,589950,mgv1,derecha,normal,estatico_lejos,79.63,0,-176.8,estable,1
3377,590007,mgv1,derecha,normal,estatico_lejos,79.64,0.34,6.8,estable,1
3378,590064,mgv1,derecha,normal,estatico_lejos,79.27,-7.48,-156.4,bajando,1
3379,590121,mgv1,derecha,normal,estatico_lejos,79.63,7.14,292.4,subiendo,1
3380,590178,mgv1,derecha,normal,estatico_lejos,79.29,-6.8,-278.8,bajando,1
3381,590235,mgv1,derecha,normal,estatico_lejos,79.29,0,136,estable,1
3382,590292,mgv1,derecha,normal,estatico_lejos,79.73,8.84,176.8,subiendo,1
3383,590349,mgv1,derecha,normal,estatico_lejos,79.37,-7.14,-319.6,bajando,1
3384,590406,mgv1,derecha,normal,estatico_lejos,79.37,0,142.8,estable,1
3385,590463,mgv1,derecha,normal,estatico_lejos,79.37,0,0,estable,1
3386,590520,mgv1,derecha,normal,estatico_lejos,79.36,-0.34,-6.8,estable,1
3387,590577,mgv1,derecha,normal,estatico_lejos,79.37,0.34,13.6,estable,1
3388,590634,mgv1,derecha,normal,estatico_lejos,79.37,0,-6.8,estable,1
3389,590691,mgv1,derecha,normal,estatico_lejos,79.36,-0.34,-6.8,estable,1
3390,590748,mgv1,derecha,normal,estatico_lejos,79.37,0.34,13.6,estable,1
3391,590805,mgv1,derecha,normal,estatico_lejos,79.37,0,-6.8,estable,1
3392,590862,mgv1,derecha,normal,estatico_lejos,79.36,-0.34,-6.8,estable,1
3393,590919,mgv1,derecha,normal,estatico_lejos,79.37,0.34,13.6,estable,1
3394,590976,mgv1,derecha,normal,estatico_lejos,79.37,0,-6.8,estable,1
3395,591033,mgv1,derecha,normal,estatico_lejos,79.29,-1.7,-34,estable,1
3396,591090,mgv1,derecha,normal,estatico_lejos,79.27,-0.34,27.2,estable,1
3397,591147,mgv1,derecha,normal,estatico_lejos,79.27,0,6.8,estable,1
3398,591204,mgv1,derecha,normal,estatico_lejos,79.27,0,0,estable,1
3399,591261,mgv1,derecha,normal,estatico_lejos,79.27,0,0,estable,1
3400,591753,mgv1,derecha,normal,estatico_lejos,80.07,0,0,estable,1
3401,591810,mgv1,derecha,normal,estatico_lejos,79.63,-8.84,-176.8,bajando,1
3402,591867,mgv1,derecha,normal,estatico_lejos,80.04,8.16,340,subiendo,1
3403,591924,mgv1,derecha,normal,estatico_lejos,79.59,-8.84,-340,bajando,1
3404,591981,mgv1,derecha,normal,estatico_lejos,79.99,7.82,333.2,subiendo,1
3405,592038,mgv1,derecha,normal,estatico_lejos,79.56,-8.5,-326.4,bajando,1
3406,592095,mgv1,derecha,normal,estatico_lejos,79.97,8.16,333.2,subiendo,1
3407,592152,mgv1,derecha,normal,estatico_lejos,79.63,-6.8,-299.2,bajando,1
3408,592209,mgv1,derecha,normal,estatico_lejos,79.64,0.34,142.8,estable,1
3409,592266,mgv1,derecha,normal,estatico_lejos,79.63,-0.34,-13.6,estable,1
3410,592323,mgv1,derecha,normal,estatico_lejos,79.63,0,6.8,estable,1
3411,592380,mgv1,derecha,normal,estatico_lejos,79.63,0,0,estable,1
3412,592437,mgv1,derecha,normal,estatico_lejos,79.63,0,0,estable,1
3413,592494,mgv1,derecha,normal,estatico_lejos,79.63,0,0,estable,1
3414,592551,mgv1,derecha,normal,estatico_lejos,79.61,-0.34,-6.8,estable,1
3415,592608,mgv1,derecha,normal,estatico_lejos,79.99,7.48,156.4,subiendo,1
3416,592665,mgv1,derecha,normal,estatico_lejos,79.63,-7.14,-292.4,bajando,1
3417,592722,mgv1,derecha,normal,estatico_lejos,79.63,0,142.8,estable,1
3418,592779,mgv1,derecha,normal,estatico_lejos,79.63,0,0,estable,1
3419,592836,mgv1,derecha,normal,estatico_lejos,79.63,0,0,estable,1
3420,592893,mgv1,derecha,normal,estatico_lejos,79.64,0.34,6.8,estable,1
3421,592950,mgv1,derecha,normal,estatico_lejos,79.73,1.7,27.2,estable,1
3422,593007,mgv1,derecha,normal,estatico_lejos,79.29,-8.84,-210.8,bajando,1
3423,593064,mgv1,derecha,normal,estatico_lejos,79.29,0,176.8,estable,1
3424,593121,mgv1,derecha,normal,estatico_lejos,79.29,0,0,estable,1
3425,593178,mgv1,derecha,normal,estatico_lejos,79.29,0,0,estable,1
3426,593235,mgv1,derecha,normal,estatico_lejos,79.29,0,0,estable,1
3427,593292,mgv1,derecha,normal,estatico_lejos,79.27,-0.34,-6.8,estable,1
3428,593349,mgv1,derecha,normal,estatico_lejos,79.27,0,6.8,estable,1
3429,593406,mgv1,derecha,normal,estatico_lejos,79.27,0,0,estable,1
3430,593463,mgv1,derecha,normal,estatico_lejos,79.73,9.18,183.6,subiendo,1
3431,593520,mgv1,derecha,normal,estatico_lejos,79.36,-7.48,-333.2,bajando,1
3432,593577,mgv1,derecha,normal,estatico_lejos,79.73,7.48,299.2,subiendo,1
3433,593634,mgv1,derecha,normal,estatico_lejos,79.37,-7.14,-292.4,bajando,1
3434,593691,mgv1,derecha,normal,estatico_lejos,79.36,-0.34,136,estable,1
3435,593748,mgv1,derecha,normal,estatico_lejos,78.91,-8.84,-170,bajando,1
3436,593805,mgv1,derecha,normal,estatico_lejos,79.37,9.18,360.4,subiendo,1
3437,593862,mgv1,derecha,normal,estatico_lejos,79.37,0,-183.6,estable,1
3438,593919,mgv1,derecha,normal,estatico_lejos,79.27,-2.04,-40.8,bajando,1
3439,593976,mgv1,derecha,normal,estatico_lejos,79.27,0,40.8,estable,1
3440,594033,mgv1,derecha,normal,estatico_lejos,79.29,0.34,6.8,estable,1
3441,594090,mgv1,derecha,normal,estatico_lejos,79.66,7.48,142.8,subiendo,1
3442,594147,mgv1,derecha,normal,estatico_lejos,79.71,1.02,-129.2,estable,1
3443,594204,mgv1,derecha,normal,estatico_lejos,79.27,-8.84,-197.2,bajando,1
3444,594261,mgv1,derecha,normal,estatico_lejos,79.29,0.34,183.6,estable,1
3445,594318,mgv1,derecha,normal,estatico_lejos,79.29,0,-6.8,estable,1
3446,594375,mgv1,derecha,normal,estatico_lejos,79.71,8.5,170,subiendo,1
3447,594432,mgv1,derecha,normal,estatico_lejos,79.29,-8.5,-340,bajando,1
3448,594489,mgv1,derecha,normal,estatico_lejos,79.71,8.5,340,subiendo,1
3449,594546,mgv1,derecha,normal,estatico_lejos,79.73,0.34,-163.2,estable,1
3450,595036,mgv1,derecha,normal,estatico_lejos,79.99,0,0,estable,1
3451,595093,mgv1,derecha,normal,estatico_lejos,79.64,-6.8,-136,bajando,1
3452,595150,mgv1,derecha,normal,estatico_lejos,79.29,-7.14,-6.8,bajando,1
3453,595207,mgv1,derecha,normal,estatico_lejos,79.64,7.14,285.6,subiendo,1
3454,595264,mgv1,derecha,normal,estatico_lejos,79.61,-0.68,-156.4,estable,1
3455,595321,mgv1,derecha,normal,estatico_lejos,79.64,0.68,27.2,estable,1
3456,595378,mgv1,derecha,normal,estatico_lejos,79.64,0,-13.6,estable,1
3457,595435,mgv1,derecha,normal,estatico_lejos,79.66,0.34,6.8,estable,1
3458,595492,mgv1,derecha,normal,estatico_lejos,79.64,-0.34,-13.6,estable,1
3459,595549,mgv1,derecha,normal,estatico_lejos,79.27,-7.48,-142.79,bajando,1
3460,595606,mgv1,derecha,normal,estatico_lejos,79.29,0.34,156.4,estable,1
3461,595663,mgv1,derecha,normal,estatico_lejos,79.73,8.84,170,subiendo,1
3462,595720,mgv1,derecha,normal,estatico_lejos,79.71,-0.34,-183.6,estable,1
3463,595777,mgv1,derecha,normal,estatico_lejos,80.07,7.14,149.6,subiendo,1
3464,595834,mgv1,derecha,normal,estatico_lejos,79.64,-8.5,-312.8,bajando,1
3465,595891,mgv1,derecha,normal,estatico_lejos,80.09,8.84,346.8,subiendo,1
3466,595948,mgv1,derecha,normal,estatico_lejos,80.09,0,-176.8,estable,1
3467,596005,mgv1,derecha,normal,estatico_lejos,79.29,-15.98,-319.6,bajando,1
3468,596062,mgv1,derecha,normal,estatico_lejos,79.31,0.34,326.4,estable,1
3469,596119,mgv1,derecha,normal,estatico_lejos,79.73,8.5,163.2,subiendo,1
3470,596176,mgv1,derecha,normal,estatico_lejos,79.37,-7.14,-312.8,bajando,1
3471,596233,mgv1,derecha,normal,estatico_lejos,79.37,0,142.8,estable,1
3472,596290,mgv1,derecha,normal,estatico_lejos,79.37,0,0,estable,1
3473,596347,mgv1,derecha,normal,estatico_lejos,79.37,0,0,estable,1
3474,596404,mgv1,derecha,normal,estatico_lejos,79.37,0,0,estable,1
3475,596461,mgv1,derecha,normal,estatico_lejos,79.37,0,0,estable,1
3476,596518,mgv1,derecha,normal,estatico_lejos,79.37,0,0,estable,1
3477,596575,mgv1,derecha,normal,estatico_lejos,79.37,0,0,estable,1
3478,596632,mgv1,derecha,normal,estatico_lejos,79.37,0,0,estable,1
3479,596689,mgv1,derecha,normal,estatico_lejos,79.37,0,0,estable,1
3480,596746,mgv1,derecha,normal,estatico_lejos,79.37,0,0,estable,1
3481,596803,mgv1,derecha,normal,estatico_lejos,79.37,0,0,estable,1
3482,596860,mgv1,derecha,normal,estatico_lejos,79.8,8.5,170,subiendo,1
3483,596917,mgv1,derecha,normal,estatico_lejos,79.44,-7.14,-312.8,bajando,1
3484,596974,mgv1,derecha,normal,estatico_lejos,79.83,7.82,299.2,subiendo,1
3485,597031,mgv1,derecha,normal,estatico_lejos,79.46,-7.48,-306,bajando,1
3486,597088,mgv1,derecha,normal,estatico_lejos,79.44,-0.34,142.8,estable,1
3487,597145,mgv1,derecha,normal,estatico_lejos,79.37,-1.36,-20.4,estable,1
3488,597202,mgv1,derecha,normal,estatico_lejos,79.37,0,27.2,estable,1
3489,597259,mgv1,derecha,normal,estatico_lejos,79.37,0,0,estable,1
3490,597316,mgv1,derecha,normal,estatico_lejos,79.73,7.14,142.8,subiendo,1
3491,597373,mgv1,derecha,normal,estatico_lejos,79.29,-8.84,-319.6,bajando,1
3492,597430,mgv1,derecha,normal,estatico_lejos,79.29,0,176.8,estable,1
3493,597487,mgv1,derecha,normal,estatico_lejos,79.73,8.84,176.8,subiendo,1
3494,597544,mgv1,derecha,normal,estatico_lejos,79.75,0.34,-170,estable,1
3495,597601,mgv1,derecha,normal,estatico_lejos,79.75,0,-6.8,estable,1
3496,597658,mgv1,derecha,normal,estatico_lejos,79.39,-7.14,-142.8,bajando,1
3497,597715,mgv1,derecha,normal,estatico_lejos,79.37,-0.34,136,estable,1
3498,597772,mgv1,derecha,normal,estatico_lejos,79.37,0,6.8,estable,1
3499,597829,mgv1,derecha,normal,estatico_lejos,79.36,-0.34,-6.8,estable,1
3500,598344,mgv1,derecha,normal,estatico_lejos,79.73,0,0,estable,1
3501,598402,mgv1,derecha,normal,estatico_lejos,79.73,0,0,estable,1
3502,598459,mgv1,derecha,normal,estatico_lejos,79.37,-7.14,-142.8,bajando,1
3503,598516,mgv1,derecha,normal,estatico_lejos,79.36,-0.34,136,estable,1
3504,598573,mgv1,derecha,normal,estatico_lejos,79.36,0,6.8,estable,1
3505,598630,mgv1,derecha,normal,estatico_lejos,79.36,0,0,estable,1
3506,598687,mgv1,derecha,normal,estatico_lejos,79.36,0,0,estable,1
3507,598744,mgv1,derecha,normal,estatico_lejos,79.73,7.48,149.6,subiendo,1
3508,598801,mgv1,derecha,normal,estatico_lejos,79.37,-7.14,-292.4,bajando,1
3509,598858,mgv1,derecha,normal,estatico_lejos,79.7,6.46,272,subiendo,1
3510,598915,mgv1,derecha,normal,estatico_lejos,79.73,0.68,-115.6,estable,1
3511,598972,mgv1,derecha,normal,estatico_lejos,79.29,-8.84,-190.4,bajando,1
3512,599029,mgv1,derecha,normal,estatico_lejos,79.29,0,176.8,estable,1
3513,599086,mgv1,derecha,normal,estatico_lejos,79.73,8.84,176.8,subiendo,1
3514,599143,mgv1,derecha,normal,estatico_lejos,79.29,-8.84,-353.6,bajando,1
3515,599200,mgv1,derecha,normal,estatico_lejos,79.66,7.48,326.4,subiendo,1
3516,599257,mgv1,derecha,normal,estatico_lejos,79.7,0.68,-136,estable,1
3517,599314,mgv1,derecha,normal,estatico_lejos,79.7,0,-13.6,estable,1
3518,599371,mgv1,derecha,normal,estatico_lejos,79.7,0,0,estable,1
3519,599428,mgv1,derecha,normal,estatico_lejos,79.34,-7.14,-142.8,bajando,1
3520,599485,mgv1,derecha,normal,estatico_lejos,79.36,0.34,149.6,estable,1
3521,599542,mgv1,derecha,normal,estatico_lejos,79.36,0,-6.8,estable,1
3522,599599,mgv1,derecha,normal,estatico_lejos,79.8,8.84,176.8,subiendo,1
3523,599656,mgv1,derecha,normal,estatico_lejos,79.78,-0.34,-183.6,estable,1
3524,599713,mgv1,derecha,normal,estatico_lejos,79.37,-8.16,-156.4,bajando,1
3525,599770,mgv1,derecha,normal,estatico_lejos,79.83,9.18,346.8,subiendo,1
3526,599827,mgv1,derecha,normal,estatico_lejos,79.83,0,-183.6,estable,1
3527,599884,mgv1,derecha,normal,estatico_lejos,79.82,-0.34,-6.8,estable,1
3528,599941,mgv1,derecha,normal,estatico_lejos,79.37,-8.84,-170,bajando,1
3529,599998,mgv1,derecha,normal,estatico_lejos,79.37,0,176.8,estable,1
3530,600055,mgv1,derecha,normal,estatico_lejos,79.82,8.84,176.8,subiendo,1
3531,600112,mgv1,derecha,normal,estatico_lejos,79.39,-8.5,-346.8,bajando,1
3532,600169,mgv1,derecha,normal,estatico_lejos,79.42,0.68,183.6,estable,1
3533,600226,mgv1,derecha,normal,estatico_lejos,79.8,7.48,136,subiendo,1
3534,600283,mgv1,derecha,normal,estatico_lejos,79.82,0.34,-142.79,estable,1
3535,600340,mgv1,derecha,normal,estatico_lejos,79.44,-7.48,-156.4,bajando,1
3536,600397,mgv1,derecha,normal,estatico_lejos,79.42,-0.34,142.8,estable,1
3537,600454,mgv1,derecha,normal,estatico_lejos,79.36,-1.36,-20.4,estable,1
3538,600511,mgv1,derecha,normal,estatico_lejos,79.36,0,27.2,estable,1
3539,600568,mgv1,derecha,normal,estatico_lejos,79.36,0,0,estable,1
3540,600625,mgv1,derecha,normal,estatico_lejos,79.37,0.34,6.8,estable,1
3541,600682,mgv1,derecha,normal,estatico_lejos,79.36,-0.34,-13.6,estable,1
3542,600739,mgv1,derecha,normal,estatico_lejos,79.36,0,6.8,estable,1
3543,600796,mgv1,derecha,normal,estatico_lejos,79.36,0,0,estable,1
3544,600853,mgv1,derecha,normal,estatico_lejos,79.82,9.18,183.6,subiendo,1
3545,600910,mgv1,derecha,normal,estatico_lejos,79.37,-8.84,-360.4,bajando,1
3546,600967,mgv1,derecha,normal,estatico_lejos,79.37,0,176.8,estable,1
3547,601024,mgv1,derecha,normal,estatico_lejos,79.37,0,0,estable,1
3548,601081,mgv1,derecha,normal,estatico_lejos,79.83,9.18,183.6,subiendo,1
3549,601138,mgv1,derecha,normal,estatico_lejos,79.37,-9.18,-367.2,bajando,1
3550,601698,mgv1,derecha,normal,estatico_lejos,79.73,0,0,estable,1
3551,601755,mgv1,derecha,normal,estatico_lejos,79.37,-7.14,-142.8,bajando,1
3552,601812,mgv1,derecha,normal,estatico_lejos,79.37,0,142.8,estable,1
3553,601869,mgv1,derecha,normal,estatico_lejos,79.73,7.14,142.8,subiendo,1
3554,601926,mgv1,derecha,normal,estatico_lejos,79.71,-0.34,-149.6,estable,1
3555,601983,mgv1,derecha,normal,estatico_lejos,79.73,0.34,13.6,estable,1
3556,602040,mgv1,derecha,normal,estatico_lejos,79.71,-0.34,-13.6,estable,1
3557,602097,mgv1,derecha,normal,estatico_lejos,79.73,0.34,13.6,estable,1
3558,602154,mgv1,derecha,normal,estatico_lejos,79.7,-0.68,-20.4,estable,1
3559,602211,mgv1,derecha,normal,estatico_lejos,79.7,0,13.6,estable,1
3560,602268,mgv1,derecha,normal,estatico_lejos,80.14,8.84,176.8,subiendo,1
3561,602325,mgv1,derecha,normal,estatico_lejos,79.32,-16.32,-503.2,bajando,1
3562,602382,mgv1,derecha,normal,estatico_lejos,79.76,8.84,503.2,subiendo,1
3563,602439,mgv1,derecha,normal,estatico_lejos,79.68,-1.7,-210.8,estable,1
3564,602496,mgv1,derecha,normal,estatico_lejos,79.29,-7.82,-122.4,bajando,1
3565,602553,mgv1,derecha,normal,estatico_lejos,79.27,-0.34,149.6,estable,1
3566,602610,mgv1,derecha,normal,estatico_lejos,79.29,0.34,13.6,estable,1
3567,602667,mgv1,derecha,normal,estatico_lejos,79.29,0,-6.8,estable,1
3568,602724,mgv1,derecha,normal,estatico_lejos,79.25,-0.68,-13.6,estable,1
3569,602781,mgv1,derecha,normal,estatico_lejos,79.73,9.52,204,subiendo,1
3570,602838,mgv1,derecha,normal,estatico_lejos,79.73,0,-190.4,estable,1
3571,602895,mgv1,derecha,normal,estatico_lejos,79.73,0,0,estable,1
3572,602952,mgv1,derecha,normal,estatico_lejos,78.93,-15.98,-319.6,bajando,1
3573,603009,mgv1,derecha,normal,estatico_lejos,79.37,8.84,496.4,subiendo,1
3574,603066,mgv1,derecha,normal,estatico_lejos,79.8,8.5,-6.8,subiendo,1
3575,603123,mgv1,derecha,normal,estatico_lejos,79.37,-8.5,-340,bajando,1
3576,603180,mgv1,derecha,normal,estatico_lejos,79.37,0,170,estable,1
3577,603237,mgv1,derecha,normal,estatico_lejos,79.37,0,0,estable,1
3578,603294,mgv1,derecha,normal,estatico_lejos,79.37,0,0,estable,1
3579,603351,mgv1,derecha,normal,estatico_lejos,79.36,-0.34,-6.8,estable,1
3580,603408,mgv1,derecha,normal,estatico_lejos,79.37,0.34,13.6,estable,1
3581,603465,mgv1,derecha,normal,estatico_lejos,79.37,0,-6.8,estable,1
3582,603522,mgv1,derecha,normal,estatico_lejos,79.37,0,0,estable,1
3583,603579,mgv1,derecha,normal,estatico_lejos,79.36,-0.34,-6.8,estable,1
3584,603636,mgv1,derecha,normal,estatico_lejos,79.37,0.34,13.6,estable,1
3585,603693,mgv1,derecha,normal,estatico_lejos,79.34,-0.68,-20.4,estable,1
3586,603750,mgv1,derecha,normal,estatico_lejos,79.34,0,13.6,estable,1
3587,603807,mgv1,derecha,normal,estatico_lejos,79.68,6.8,136,subiendo,1
3588,603864,mgv1,derecha,normal,estatico_lejos,79.68,0,-136,estable,1
3589,603921,mgv1,derecha,normal,estatico_lejos,79.7,0.34,6.8,estable,1
3590,603978,mgv1,derecha,normal,estatico_lejos,79.29,-8.16,-170,bajando,1
3591,604035,mgv1,derecha,normal,estatico_lejos,79.73,8.84,340,subiendo,1
3592,604092,mgv1,derecha,normal,estatico_lejos,80.09,7.14,-34,subiendo,1
3593,604149,mgv1,derecha,normal,estatico_lejos,80.07,-0.34,-149.6,estable,1
3594,604206,mgv1,derecha,normal,estatico_lejos,79.71,-7.14,-136,bajando,1
3595,604263,mgv1,derecha,normal,estatico_lejos,79.71,0,142.8,estable,1
3596,604320,mgv1,derecha,normal,estatico_lejos,80.07,7.14,142.8,subiendo,1
3597,604377,mgv1,derecha,normal,estatico_lejos,79.29,-15.64,-455.6,bajando,1
3598,604434,mgv1,derecha,normal,estatico_lejos,80.09,15.98,632.4,subiendo,1
3599,604491,mgv1,derecha,normal,estatico_lejos,80.07,-0.34,-326.4,estable,1
3600,605003,mgv1,derecha,normal,estatico_lejos,80.36,0,0,estable,1
3601,605061,mgv1,derecha,normal,estatico_lejos,80.38,0.34,6.8,estable,1
3602,605118,mgv1,derecha,normal,estatico_lejos,80.36,-0.34,-13.6,estable,1
3603,605175,mgv1,derecha,normal,estatico_lejos,80.36,0,6.8,estable,1
3604,605232,mgv1,derecha,normal,estatico_lejos,80.36,0,0,estable,1
3605,605289,mgv1,derecha,normal,estatico_lejos,80.34,-0.34,-6.8,estable,1
3606,605346,mgv1,derecha,normal,estatico_lejos,80.82,9.52,197.2,subiendo,1
3607,605403,mgv1,derecha,normal,estatico_lejos,80.32,-9.86,-387.6,bajando,1
3608,605460,mgv1,derecha,normal,estatico_lejos,80.32,0,197.2,estable,1
3609,605517,mgv1,derecha,normal,estatico_lejos,79.97,-7.14,-142.8,bajando,1
3610,605574,mgv1,derecha,normal,estatico_lejos,80.41,8.84,319.6,subiendo,1
3611,605631,mgv1,derecha,normal,estatico_lejos,80.43,0.34,-170,estable,1
3612,605688,mgv1,derecha,normal,estatico_lejos,79.97,-9.18,-190.4,bajando,1
3613,605745,mgv1,derecha,normal,estatico_lejos,79.97,0,183.6,estable,1
3614,605802,mgv1,derecha,normal,estatico_lejos,80.36,7.82,156.4,subiendo,1
3615,605859,mgv1,derecha,normal,estatico_lejos,80,-7.14,-299.2,bajando,1
3616,605916,mgv1,derecha,normal,estatico_lejos,79.54,-9.18,-40.8,bajando,1
3617,605973,mgv1,derecha,normal,estatico_lejos,79.99,8.84,360.4,subiendo,1
3618,606030,mgv1,derecha,normal,estatico_lejos,79.63,-7.14,-319.6,bajando,1
3619,606087,mgv1,derecha,normal,estatico_lejos,79.63,0,142.8,estable,1
3620,606144,mgv1,derecha,normal,estatico_lejos,80.07,8.84,176.8,subiendo,1
3621,606201,mgv1,derecha,normal,estatico_lejos,79.27,-15.98,-496.4,bajando,1
3622,606258,mgv1,derecha,normal,estatico_lejos,79.71,8.84,496.4,subiendo,1
3623,606315,mgv1,derecha,normal,estatico_lejos,79.75,0.68,-163.2,estable,1
3624,606372,mgv1,derecha,normal,estatico_lejos,79.75,0,-13.6,estable,1
3625,606429,mgv1,derecha,normal,estatico_lejos,79.82,1.36,27.2,estable,1
3626,606486,mgv1,derecha,normal,estatico_lejos,79.8,-0.34,-34,estable,1
3627,606543,mgv1,derecha,normal,estatico_lejos,79.29,-10.2,-197.2,bajando,1
3628,606600,mgv1,derecha,normal,estatico_lejos,79.29,0,204,estable,1
3629,606657,mgv1,derecha,normal,estatico_lejos,79.68,7.82,156.4,subiendo,1
3630,606714,mgv1,derecha,normal,estatico_lejos,79.68,0,-156.4,estable,1
3631,606771,mgv1,derecha,normal,estatico_lejos,79.7,0.34,6.8,estable,1
3632,606828,mgv1,derecha,normal,estatico_lejos,79.7,0,-6.8,estable,1
3633,606885,mgv1,derecha,normal,estatico_lejos,79.7,0,0,estable,1
3634,606942,mgv1,derecha,normal,estatico_lejos,79.32,-7.48,-149.6,bajando,1
3635,606999,mgv1,derecha,normal,estatico_lejos,79.7,7.48,299.2,subiendo,1
3636,607056,mgv1,derecha,normal,estatico_lejos,79.68,-0.34,-156.4,estable,1
3637,607113,mgv1,derecha,normal,estatico_lejos,79.7,0.34,13.6,estable,1
3638,607170,mgv1,derecha,normal,estatico_lejos,79.68,-0.34,-13.6,estable,1
3639,607227,mgv1,derecha,normal,estatico_lejos,79.68,0,6.8,estable,1
3640,607284,mgv1,derecha,normal,estatico_lejos,79.73,1.02,20.4,estable,1
3641,607341,mgv1,derecha,normal,estatico_lejos,79.7,-0.68,-34,estable,1
3642,607398,mgv1,derecha,normal,estatico_lejos,80.09,7.82,170,subiendo,1
3643,607455,mgv1,derecha,normal,estatico_lejos,79.71,-7.48,-306,bajando,1
3644,607512,mgv1,derecha,normal,estatico_lejos,80.09,7.48,299.2,subiendo,1
3645,607569,mgv1,derecha,normal,estatico_lejos,80.09,0,-149.6,estable,1
3646,607626,mgv1,derecha,normal,estatico_lejos,80.09,0,0,estable,1
3647,607683,mgv1,derecha,normal,estatico_lejos,80.09,0,0,estable,1
3648,607740,mgv1,derecha,normal,estatico_lejos,80.07,-0.34,-6.8,estable,1
3649,607797,mgv1,derecha,normal,estatico_lejos,79.99,-1.7,-27.2,estable,1
3650,608335,mgv1,derecha,normal,estatico_lejos,79.97,0,0,estable,1
3651,608393,mgv1,derecha,normal,estatico_lejos,79.95,-0.34,-6.8,estable,1
3652,608450,mgv1,derecha,normal,estatico_lejos,79.93,-0.34,0,estable,1
3653,608507,mgv1,derecha,normal,estatico_lejos,80.39,9.18,190.4,subiendo,1
3654,608564,mgv1,derecha,normal,estatico_lejos,79.95,-8.84,-360.4,bajando,1
3655,608621,mgv1,derecha,normal,estatico_lejos,79.95,0,176.8,estable,1
3656,608678,mgv1,derecha,normal,estatico_lejos,79.95,0,0,estable,1
3657,608735,mgv1,derecha,normal,estatico_lejos,79.97,0.34,6.8,estable,1
3658,608792,mgv1,derecha,normal,estatico_lejos,80.39,8.5,163.2,subiendo,1
3659,608849,mgv1,derecha,normal,estatico_lejos,80.39,0,-170,estable,1
3660,608906,mgv1,derecha,normal,estatico_lejos,79.95,-8.84,-176.8,bajando,1
3661,608963,mgv1,derecha,normal,estatico_lejos,80.32,7.48,326.4,subiendo,1
3662,609020,mgv1,derecha,normal,estatico_lejos,79.95,-7.48,-299.2,bajando,1
3663,609077,mgv1,derecha,normal,estatico_lejos,79.95,0,149.6,estable,1
3664,609134,mgv1,derecha,normal,estatico_lejos,79.95,0,0,estable,1
3665,609191,mgv1,derecha,normal,estatico_lejos,79.93,-0.34,-6.8,estable,1
3666,609248,mgv1,derecha,normal,estatico_lejos,79.51,-8.5,-163.2,bajando,1
3667,609305,mgv1,derecha,normal,estatico_lejos,80.34,16.66,503.2,subiendo,1
3668,609362,mgv1,derecha,normal,estatico_lejos,79.53,-16.32,-659.6,bajando,1
3669,609419,mgv1,derecha,normal,estatico_lejos,79.99,9.18,510,subiendo,1
3670,609476,mgv1,derecha,normal,estatico_lejos,79.63,-7.14,-326.4,bajando,1
3671,609533,mgv1,derecha,normal,estatico_lejos,80.07,8.84,319.6,subiendo,1
3672,609590,mgv1,derecha,normal,estatico_lejos,79.29,-15.64,-489.6,bajando,1
3673,609647,mgv1,derecha,normal,estatico_lejos,80.09,15.98,632.4,subiendo,1
3674,609704,mgv1,derecha,normal,estatico_lejos,79.27,-16.32,-646,bajando,1
3675,609761,mgv1,derecha,normal,estatico_lejos,79.64,7.48,475.99,subiendo,1
3676,609818,mgv1,derecha,normal,estatico_lejos,79.63,-0.34,-156.4,estable,1
3677,609875,mgv1,derecha,normal,estatico_lejos,79.64,0.34,13.6,estable,1
3678,609932,mgv1,derecha,normal,estatico_lejos,79.63,-0.34,-13.6,estable,1
3679,609989,mgv1,derecha,normal,estatico_lejos,79.64,0.34,13.6,estable,1
3680,610046,mgv1,derecha,normal,estatico_lejos,80.05,8.16,156.4,subiendo,1
3681,610103,mgv1,derecha,normal,estatico_lejos,80.07,0.34,-156.4,estable,1
3682,610160,mgv1,derecha,normal,estatico_lejos,79.71,-7.14,-149.6,bajando,1
3683,610217,mgv1,derecha,normal,estatico_lejos,80.09,7.48,292.4,subiendo,1
3684,610274,mgv1,derecha,normal,estatico_lejos,80.07,-0.34,-156.4,estable,1
3685,610331,mgv1,derecha,normal,estatico_lejos,80.09,0.34,13.6,estable,1
3686,610388,mgv1,derecha,normal,estatico_lejos,79.66,-8.5,-176.8,bajando,1
3687,610445,mgv1,derecha,normal,estatico_lejos,80.07,8.16,333.2,subiendo,1
3688,610502,mgv1,derecha,normal,estatico_lejos,80.05,-0.34,-170,estable,1
3689,610559,mgv1,derecha,normal,estatico_lejos,80.07,0.34,13.6,estable,1
3690,610616,mgv1,derecha,normal,estatico_lejos,80.07,0,-6.8,estable,1
3691,610673,mgv1,derecha,normal,estatico_lejos,80.05,-0.34,-6.8,estable,1
3692,610730,mgv1,derecha,normal,estatico_lejos,80.07,0.34,13.6,estable,1
3693,610787,mgv1,derecha,normal,estatico_lejos,80.05,-0.34,-13.6,estable,1
3694,610844,mgv1,derecha,normal,estatico_lejos,80.07,0.34,13.6,estable,1
3695,610901,mgv1,derecha,normal,estatico_lejos,80.43,7.14,136,subiendo,1
3696,610958,mgv1,derecha,normal,estatico_lejos,80.44,0.34,-136,estable,1
3697,611015,mgv1,derecha,normal,estatico_lejos,80.44,0,-6.8,estable,1
3698,611072,mgv1,derecha,normal,estatico_lejos,80.43,-0.34,-6.8,estable,1
3699,611129,mgv1,derecha,normal,estatico_lejos,80.43,0,6.8,estable,1
3700,611713,mgv1,derecha,rapida,estatico_lejos,80.31,0,0,estable,1
3701,611770,mgv1,derecha,rapida,estatico_lejos,80.7,7.82,156.4,subiendo,1
3702,611827,mgv1,derecha,rapida,estatico_lejos,80.7,0,-156.4,estable,1
3703,611884,mgv1,derecha,rapida,estatico_lejos,80.34,-7.14,-142.8,bajando,1
3704,611941,mgv1,derecha,rapida,estatico_lejos,80.82,9.52,333.2,subiendo,1
3705,611998,mgv1,derecha,rapida,estatico_lejos,80.34,-9.52,-380.8,bajando,1
3706,612055,mgv1,derecha,rapida,estatico_lejos,80.34,0,190.4,estable,1
3707,612112,mgv1,derecha,rapida,estatico_lejos,80.34,0,0,estable,1
3708,612169,mgv1,derecha,rapida,estatico_lejos,80.72,7.48,149.6,subiendo,1
3709,612226,mgv1,derecha,rapida,estatico_lejos,80.7,-0.34,-156.4,estable,1
3710,612283,mgv1,derecha,rapida,estatico_lejos,80.7,0,6.8,estable,1
3711,612340,mgv1,derecha,rapida,estatico_lejos,80.26,-8.84,-176.8,bajando,1
3712,612397,mgv1,derecha,rapida,estatico_lejos,80.7,8.84,353.59,subiendo,1
3713,612454,mgv1,derecha,rapida,estatico_lejos,80.24,-9.18,-360.4,bajando,1
3714,612511,mgv1,derecha,rapida,estatico_lejos,80.68,8.84,360.4,subiendo,1
3715,612568,mgv1,derecha,rapida,estatico_lejos,80.32,-7.14,-319.6,bajando,1
3716,612625,mgv1,derecha,rapida,estatico_lejos,80.32,0,142.8,estable,1
3717,612682,mgv1,derecha,rapida,estatico_lejos,79.99,-6.8,-136,bajando,1
3718,612739,mgv1,derecha,rapida,estatico_lejos,79.99,0,136,estable,1
3719,612796,mgv1,derecha,rapida,estatico_lejos,80.07,1.7,34,estable,1
3720,612853,mgv1,derecha,rapida,estatico_lejos,79.64,-8.5,-204,bajando,1
3721,612910,mgv1,derecha,rapida,estatico_lejos,79.63,-0.34,163.2,estable,1
3722,612967,mgv1,derecha,rapida,estatico_lejos,79.61,-0.34,0,estable,1
3723,613024,mgv1,derecha,rapida,estatico_lejos,79.61,0,6.8,estable,1
3724,613081,mgv1,derecha,rapida,estatico_lejos,79.99,7.48,149.6,subiendo,1
3725,613138,mgv1,derecha,rapida,estatico_lejos,79.99,0,-149.6,estable,1
3726,613195,mgv1,derecha,rapida,estatico_lejos,79.99,0,0,estable,1
3727,613252,mgv1,derecha,rapida,estatico_lejos,79.61,-7.48,-149.6,bajando,1
3728,613309,mgv1,derecha,rapida,estatico_lejos,79.63,0.34,156.4,estable,1
3729,613366,mgv1,derecha,rapida,estatico_lejos,79.63,0,-6.8,estable,1
3730,613423,mgv1,derecha,rapida,estatico_lejos,80.05,8.5,170,subiendo,1
3731,613480,mgv1,derecha,rapida,estatico_lejos,79.63,-8.5,-340,bajando,1
3732,613537,mgv1,derecha,rapida,estatico_lejos,79.63,0,170,estable,1
3733,613594,mgv1,derecha,rapida,estatico_lejos,79.53,-2.04,-40.8,bajando,1
3734,613651,mgv1,derecha,rapida,estatico_lejos,79.53,0,40.8,estable,1
3735,613708,mgv1,derecha,rapida,estatico_lejos,79.54,0.34,6.8,estable,1
3736,613765,mgv1,derecha,rapida,estatico_lejos,79.51,-0.68,-20.4,estable,1
3737,613822,mgv1,derecha,rapida,estatico_lejos,79.53,0.34,20.4,estable,1
3738,613879,mgv1,derecha,rapida,estatico_lejos,79.53,0,-6.8,estable,1
3739,613936,mgv1,derecha,rapida,estatico_lejos,79.53,0,0,estable,1
3740,613993,mgv1,derecha,rapida,estatico_lejos,79.54,0.34,6.8,estable,1
3741,614050,mgv1,derecha,rapida,estatico_lejos,79.54,0,-6.8,estable,1
3742,614107,mgv1,derecha,rapida,estatico_lejos,79.54,0,0,estable,1
3743,614164,mgv1,derecha,rapida,estatico_lejos,79.53,-0.34,-6.8,estable,1
3744,614221,mgv1,derecha,rapida,estatico_lejos,79.97,8.84,183.6,subiendo,1
3745,614278,mgv1,derecha,rapida,estatico_lejos,79.92,-1.02,-197.2,estable,1
3746,614335,mgv1,derecha,rapida,estatico_lejos,79.9,-0.34,13.6,estable,1
3747,614392,mgv1,derecha,rapida,estatico_lejos,80.27,7.48,156.4,subiendo,1
3748,614449,mgv1,derecha,rapida,estatico_lejos,79.88,-7.82,-306,bajando,1
3749,614506,mgv1,derecha,rapida,estatico_lejos,79.9,0.34,163.2,estable,1
3750,615672,mgv1,derecha,rapida,estatico_lejos,79.88,0,0,estable,1
3751,615729,mgv1,derecha,rapida,estatico_lejos,79.88,0,0,estable,1
3752,615786,mgv1,derecha,rapida,estatico_lejos,79.44,-8.84,-176.8,bajando,1
3753,615843,mgv1,derecha,rapida,estatico_lejos,79.44,0,176.8,estable,1
3754,615900,mgv1,derecha,rapida,estatico_lejos,79.44,0,0,estable,1
3755,615957,mgv1,derecha,rapida,estatico_lejos,79.1,-6.8,-136,bajando,1
3756,616014,mgv1,derecha,rapida,estatico_lejos,79.53,8.5,306,subiendo,1
3757,616071,mgv1,derecha,rapida,estatico_lejos,79.54,0.34,-163.2,estable,1
3758,616128,mgv1,derecha,rapida,estatico_lejos,79.19,-7.14,-149.6,bajando,1
3759,616185,mgv1,derecha,rapida,estatico_lejos,79.19,0,142.8,estable,1
3760,616242,mgv1,derecha,rapida,estatico_lejos,79.19,0,0,estable,1
3761,616299,mgv1,derecha,rapida,estatico_lejos,79.19,0,0,estable,1
3762,616356,mgv1,derecha,rapida,estatico_lejos,79.54,7.14,142.8,subiendo,1
3763,616413,mgv1,derecha,rapida,estatico_lejos,79.54,0,-142.8,estable,1
3764,616470,mgv1,derecha,rapida,estatico_lejos,79.53,-0.34,-6.8,estable,1
3765,616527,mgv1,derecha,rapida,estatico_lejos,79.1,-8.5,-163.2,bajando,1
3766,616584,mgv1,derecha,rapida,estatico_lejos,79.1,0,170,estable,1
3767,616641,mgv1,derecha,rapida,estatico_lejos,79.08,-0.34,-6.8,estable,1
3768,616698,mgv1,derecha,rapida,estatico_lejos,79.1,0.34,13.6,estable,1
3769,616755,mgv1,derecha,rapida,estatico_lejos,79.08,-0.34,-13.6,estable,1
3770,616812,mgv1,derecha,rapida,estatico_lejos,79.54,9.18,190.4,subiendo,1
3771,616869,mgv1,derecha,rapida,estatico_lejos,79.08,-9.18,-367.2,bajando,1
3772,616926,mgv1,derecha,rapida,estatico_lejos,79.9,16.32,510,subiendo,1
3773,616983,mgv1,derecha,rapida,estatico_lejos,79.88,-0.34,-333.2,estable,1
3774,617040,mgv1,derecha,rapida,estatico_lejos,79.9,0.34,13.6,estable,1
3775,617097,mgv1,derecha,rapida,estatico_lejos,79.44,-9.18,-190.4,bajando,1
3776,617154,mgv1,derecha,rapida,estatico_lejos,79.44,0,183.6,estable,1
3777,617211,mgv1,derecha,rapida,estatico_lejos,79.88,8.84,176.8,subiendo,1
3778,617268,mgv1,derecha,rapida,estatico_lejos,79.9,0.34,-170,estable,1
3779,617325,mgv1,derecha,rapida,estatico_lejos,79.87,-0.68,-20.4,estable,1
3780,617382,mgv1,derecha,rapida,estatico_lejos,79.9,0.68,27.2,estable,1
3781,617439,mgv1,derecha,rapida,estatico_lejos,79.9,0,-13.6,estable,1
3782,617496,mgv1,derecha,rapida,estatico_lejos,79.9,0,0,estable,1
3783,617553,mgv1,derecha,rapida,estatico_lejos,79.46,-8.84,-176.8,bajando,1
3784,617610,mgv1,derecha,rapida,estatico_lejos,80.27,16.32,503.2,subiendo,1
3785,617667,mgv1,derecha,rapida,estatico_lejos,80.29,0.34,-319.6,estable,1
3786,617724,mgv1,derecha,rapida,estatico_lejos,79.83,-9.18,-190.4,bajando,1
3787,617781,mgv1,derecha,rapida,estatico_lejos,80.27,8.84,360.4,subiendo,1
3788,617838,mgv1,derecha,rapida,estatico_lejos,80.26,-0.34,-183.6,estable,1
3789,617895,mgv1,derecha,rapida,estatico_lejos,80.24,-0.34,0,estable,1
3790,617952,mgv1,derecha,rapida,estatico_lejos,80.26,0.34,13.6,estable,1
3791,618009,mgv1,derecha,rapida,estatico_lejos,80.26,0,-6.8,estable,1
3792,618066,mgv1,derecha,rapida,estatico_lejos,79.9,-7.14,-142.8,bajando,1
3793,618123,mgv1,derecha,rapida,estatico_lejos,79.9,0,142.8,estable,1
3794,618180,mgv1,derecha,rapida,estatico_lejos,79.47,-8.5,-170,bajando,1
3795,618237,mgv1,derecha,rapida,estatico_lejos,79.9,8.5,340,subiendo,1
3796,618294,mgv1,derecha,rapida,estatico_lejos,79.9,0,-170,estable,1
3797,618351,mgv1,derecha,rapida,estatico_lejos,80.27,7.48,149.6,subiendo,1
3798,618408,mgv1,derecha,rapida,estatico_lejos,79.88,-7.82,-306,bajando,1
3799,618465,mgv1,derecha,rapida,estatico_lejos,79.44,-8.84,-20.4,bajando,1
3800,620282,mgv1,derecha,rapida,estatico_lejos,79.56,0,0,estable,1
3801,620340,mgv1,derecha,rapida,estatico_lejos,79.58,0.34,6.8,estable,1
3802,620397,mgv1,derecha,rapida,estatico_lejos,79.99,8.16,156.4,subiendo,1
3803,620454,mgv1,derecha,rapida,estatico_lejos,79.56,-8.5,-333.2,bajando,1
3804,620511,mgv1,derecha,rapida,estatico_lejos,79.12,-8.84,-6.8,bajando,1
3805,620568,mgv1,derecha,rapida,estatico_lejos,79.1,-0.34,170,estable,1
3806,620625,mgv1,derecha,rapida,estatico_lejos,79.1,0,6.8,estable,1
3807,620682,mgv1,derecha,rapida,estatico_lejos,79.54,8.84,176.8,subiendo,1
3808,620739,mgv1,derecha,rapida,estatico_lejos,79.56,0.34,-170,estable,1
3809,620796,mgv1,derecha,rapida,estatico_lejos,79.54,-0.34,-13.6,estable,1
3810,620853,mgv1,derecha,rapida,estatico_lejos,79.54,0,6.8,estable,1
3811,620910,mgv1,derecha,rapida,estatico_lejos,79.54,0,0,estable,1
3812,620967,mgv1,derecha,rapida,estatico_lejos,79.54,0,0,estable,1
3813,621024,mgv1,derecha,rapida,estatico_lejos,79.54,0,0,estable,1
3814,621081,mgv1,derecha,rapida,estatico_lejos,79.56,0.34,6.8,estable,1
3815,621138,mgv1,derecha,rapida,estatico_lejos,79.56,0,-6.8,estable,1
3816,621195,mgv1,derecha,rapida,estatico_lejos,79.54,-0.34,-6.8,estable,1
3817,621252,mgv1,derecha,rapida,estatico_lejos,79.53,-0.34,0,estable,1
3818,621309,mgv1,derecha,rapida,estatico_lejos,79.54,0.34,13.6,estable,1
3819,621366,mgv1,derecha,rapida,estatico_lejos,79.54,0,-6.8,estable,1
3820,621423,mgv1,derecha,rapida,estatico_lejos,79.9,7.14,142.8,subiendo,1
3821,621480,mgv1,derecha,rapida,estatico_lejos,79.9,0,-142.8,estable,1
3822,621537,mgv1,derecha,rapida,estatico_lejos,79.9,0,0,estable,1
3823,621594,mgv1,derecha,rapida,estatico_lejos,79.1,-15.98,-319.6,bajando,1
3824,621651,mgv1,derecha,rapida,estatico_lejos,79.9,15.98,639.2,subiendo,1
3825,621708,mgv1,derecha,rapida,estatico_lejos,79.9,0,-319.6,estable,1
3826,621765,mgv1,derecha,rapida,estatico_lejos,79.1,-15.98,-319.6,bajando,1
3827,621822,mgv1,derecha,rapida,estatico_lejos,79.08,-0.34,312.8,estable,1
3828,621879,mgv1,derecha,rapida,estatico_lejos,79.53,8.84,183.6,subiendo,1
3829,621936,mgv1,derecha,rapida,estatico_lejos,79.1,-8.5,-346.8,bajando,1
3830,621993,mgv1,derecha,rapida,estatico_lejos,79.54,8.84,346.8,subiendo,1
3831,622050,mgv1,derecha,rapida,estatico_lejos,79.54,0,-176.8,estable,1
3832,622107,mgv1,derecha,rapida,estatico_lejos,79.54,0,0,estable,1
3833,622164,mgv1,derecha,rapida,estatico_lejos,79.19,-7.14,-142.8,bajando,1
3834,622221,mgv1,derecha,rapida,estatico_lejos,79.64,9.18,326.4,subiendo,1
3835,622278,mgv1,derecha,rapida,estatico_lejos,79.25,-7.82,-340,bajando,1
3836,622335,mgv1,derecha,rapida,estatico_lejos,79.71,9.18,340,subiendo,1
3837,622392,mgv1,derecha,rapida,estatico_lejos,79.71,0,-183.6,estable,1
3838,622449,mgv1,derecha,rapida,estatico_lejos,79.73,0.34,6.8,estable,1
3839,622506,mgv1,derecha,rapida,estatico_lejos,79.71,-0.34,-13.6,estable,1
3840,622563,mgv1,derecha,rapida,estatico_lejos,79.27,-8.84,-170,bajando,1
3841,622620,mgv1,derecha,rapida,estatico_lejos,79.27,0,176.8,estable,1
3842,622677,mgv1,derecha,rapida,estatico_lejos,79.63,7.14,142.8,subiendo,1
3843,622734,mgv1,derecha,rapida,estatico_lejos,79.19,-8.84,-319.6,bajando,1
3844,622791,mgv1,derecha,rapida,estatico_lejos,79.2,0.34,183.6,estable,1
3845,622848,mgv1,derecha,rapida,estatico_lejos,79.22,0.34,0,estable,1
3846,622905,mgv1,derecha,rapida,estatico_lejos,79.64,8.5,163.2,subiendo,1
3847,622962,mgv1,derecha,rapida,estatico_lejos,79.71,1.36,-142.8,estable,1
3848,623019,mgv1,derecha,rapida,estatico_lejos,79.73,0.34,-20.4,estable,1
3849,623076,mgv1,derecha,rapida,estatico_lejos,79.8,1.36,20.39,estable,1
3850,624309,mgv1,derecha,rapida,estatico_lejos,78.57,0,0,estable,1
3851,624367,mgv1,derecha,rapida,estatico_lejos,78.64,1.36,27.2,estable,1
3852,624424,mgv1,derecha,rapida,estatico_lejos,76.62,-40.46,-836.4,bajando,1
3853,624481,mgv1,derecha,rapida,estatico_lejos,76.35,-5.44,700.4,bajando,1
3854,624538,mgv1,derecha,rapida,estatico_lejos,77.86,30.26,714,subiendo,1
3855,624595,mgv1,derecha,rapida,estatico_lejos,204.61,2535.04,50095.6,subiendo,1
3856,624660,mgv1,derecha,rapida,estatico_lejos,204.54,-1.36,-50728,estable,1
3857,624725,mgv1,derecha,rapida,estatico_lejos,204.53,-0.34,20.39,estable,1
3858,624790,mgv1,derecha,rapida,estatico_lejos,204.53,0,6.81,estable,1
3859,624855,mgv1,derecha,rapida,estatico_lejos,204.12,-8.16,-163.2,bajando,1
3860,624920,mgv1,derecha,rapida,estatico_lejos,204.14,0.34,170,estable,1
3861,624985,mgv1,derecha,rapida,estatico_lejos,204.14,0,-6.8,estable,1
3862,625050,mgv1,derecha,rapida,estatico_lejos,203.71,-8.5,-170,bajando,1
3863,625115,mgv1,derecha,rapida,estatico_lejos,76.07,-2552.72,-50884.4,bajando,1
3864,625172,mgv1,derecha,rapida,estatico_lejos,76.98,18.02,51414.8,subiendo,1
3865,625229,mgv1,derecha,rapida,estatico_lejos,76.98,0,-360.4,estable,1
3866,625286,mgv1,derecha,rapida,estatico_lejos,78.29,26.18,523.6,subiendo,1
3867,625343,mgv1,derecha,rapida,estatico_lejos,77.49,-15.98,-843.2,bajando,1
3868,625400,mgv1,derecha,rapida,estatico_lejos,204.15,2533.34,50986.4,subiendo,1
3869,625465,mgv1,derecha,rapida,estatico_lejos,204.54,7.82,-50510.4,subiendo,1
3870,625530,mgv1,derecha,rapida,estatico_lejos,204.1,-8.84,-333.2,bajando,1
3871,625595,mgv1,derecha,rapida,estatico_lejos,204.17,1.36,204,estable,1
3872,625660,mgv1,derecha,rapida,estatico_lejos,204.17,0,-27.2,estable,1
3873,625725,mgv1,derecha,rapida,estatico_lejos,205.85,33.66,673.2,subiendo,1
3874,625790,mgv1,derecha,rapida,estatico_lejos,204.54,-26.18,-1196.8,bajando,1
3875,625855,mgv1,derecha,rapida,estatico_lejos,77.04,-2550,-50476.41,bajando,1
3876,625912,mgv1,derecha,rapida,estatico_lejos,76.6,-8.84,50823.2,bajando,1
3877,625969,mgv1,derecha,rapida,estatico_lejos,76.6,0,176.8,estable,1
3878,626026,mgv1,derecha,rapida,estatico_lejos,204.61,2560.2,51204,subiendo,1
3879,626091,mgv1,derecha,rapida,estatico_lejos,204.53,-1.7,-51238.01,estable,1
3880,626156,mgv1,derecha,rapida,estatico_lejos,204.53,0,34,estable,1
3881,626221,mgv1,derecha,rapida,estatico_lejos,80.44,-2481.66,-49633.2,bajando,1
3882,626278,mgv1,derecha,rapida,estatico_lejos,79.19,-25.16,49130,bajando,1
3883,626335,mgv1,derecha,rapida,estatico_lejos,80.44,25.16,1006.4,subiendo,1
3884,626392,mgv1,derecha,rapida,estatico_lejos,204.56,2482.34,49143.6,subiendo,1
3885,626457,mgv1,derecha,rapida,estatico_lejos,204.12,-8.84,-49823.6,bajando,1
3886,626522,mgv1,derecha,rapida,estatico_lejos,204.54,8.5,346.8,subiendo,1
3887,626587,mgv1,derecha,rapida,estatico_lejos,204.2,-6.8,-306.01,bajando,1
3888,626652,mgv1,derecha,rapida,estatico_lejos,79,-2504.1,-49945.99,bajando,1
3889,626709,mgv1,derecha,rapida,estatico_lejos,78.93,-1.36,50054.8,estable,1
3890,626766,mgv1,derecha,rapida,estatico_lejos,78.93,0,27.2,estable,1
3891,626823,mgv1,derecha,rapida,estatico_lejos,80.24,26.18,523.6,subiendo,1
3892,626880,mgv1,derecha,rapida,estatico_lejos,80.97,14.62,-231.2,subiendo,1
3893,626937,mgv1,derecha,rapida,estatico_lejos,78.2,-55.42,-1400.8,bajando,1
3894,626994,mgv1,derecha,rapida,estatico_lejos,76.52,-33.66,435.2,bajando,1
3895,627051,mgv1,derecha,rapida,estatico_lejos,76.6,1.7,707.2,estable,1
3896,627108,mgv1,derecha,rapida,estatico_lejos,76.62,0.34,-27.2,estable,1
3897,627165,mgv1,derecha,rapida,estatico_lejos,76.69,1.36,20.39,estable,1
3898,627222,mgv1,derecha,rapida,estatico_lejos,76.69,0,-27.2,estable,1
3899,627279,mgv1,derecha,rapida,estatico_lejos,76.69,0,0,estable,1
3900,628045,mgv1,derecha,rapida,estatico_lejos,76.52,0,0,estable,1
3901,628103,mgv1,derecha,rapida,estatico_lejos,76.52,0,0,estable,1
3902,628160,mgv1,derecha,rapida,estatico_lejos,76.98,9.18,183.6,subiendo,1
3903,628217,mgv1,derecha,rapida,estatico_lejos,76.53,-8.84,-360.4,bajando,1
3904,628274,mgv1,derecha,rapida,estatico_lejos,76.18,-7.14,34,bajando,1
3905,628331,mgv1,derecha,rapida,estatico_lejos,76.55,7.48,292.4,subiendo,1
3906,628388,mgv1,derecha,rapida,estatico_lejos,76.07,-9.52,-340,bajando,1
3907,628445,mgv1,derecha,rapida,estatico_lejos,76.07,0,190.4,estable,1
3908,628502,mgv1,derecha,rapida,estatico_lejos,75.97,-2.04,-40.8,bajando,1
3909,628559,mgv1,derecha,rapida,estatico_lejos,76.35,7.48,190.4,subiendo,1
3910,628616,mgv1,derecha,rapida,estatico_lejos,75.89,-9.18,-333.2,bajando,1
3911,628673,mgv1,derecha,rapida,estatico_lejos,75.8,-1.7,149.6,estable,1
3912,628730,mgv1,derecha,rapida,estatico_lejos,79.99,83.64,1706.8,subiendo,1
3913,628787,mgv1,derecha,rapida,estatico_lejos,76.58,-68,-3032.8,bajando,1
3914,628844,mgv1,derecha,rapida,estatico_lejos,75.72,-17.34,1013.2,bajando,1
3915,628901,mgv1,derecha,rapida,estatico_lejos,75.74,0.34,353.6,estable,1
3916,628958,mgv1,derecha,rapida,estatico_lejos,75.72,-0.34,-13.6,estable,1
3917,629015,mgv1,derecha,rapida,estatico_lejos,75.72,0,6.8,estable,1
3918,629072,mgv1,derecha,rapida,estatico_lejos,75.74,0.34,6.8,estable,1
3919,629129,mgv1,derecha,rapida,estatico_lejos,75.7,-0.68,-20.4,estable,1
3920,629186,mgv1,derecha,rapida,estatico_lejos,75.7,0,13.6,estable,1
3921,629243,mgv1,derecha,rapida,estatico_lejos,75.72,0.34,6.8,estable,1
3922,629300,mgv1,derecha,rapida,estatico_lejos,75.72,0,-6.8,estable,1
3923,629357,mgv1,derecha,rapida,estatico_lejos,75.7,-0.34,-6.8,estable,1
3924,629414,mgv1,derecha,rapida,estatico_lejos,76.13,8.5,176.8,subiendo,1
3925,629471,mgv1,derecha,rapida,estatico_lejos,76.13,0,-170,estable,1
3926,629528,mgv1,derecha,rapida,estatico_lejos,75.68,-8.84,-176.8,bajando,1
3927,629585,mgv1,derecha,rapida,estatico_lejos,76.13,8.84,353.6,subiendo,1
3928,629642,mgv1,derecha,rapida,estatico_lejos,75.68,-8.84,-353.6,bajando,1
3929,629699,mgv1,derecha,rapida,estatico_lejos,76.04,7.14,319.6,subiendo,1
3930,629756,mgv1,derecha,rapida,estatico_lejos,75.68,-7.14,-285.6,bajando,1
3931,629813,mgv1,derecha,rapida,estatico_lejos,75.62,-1.36,115.6,estable,1
3932,629870,mgv1,derecha,rapida,estatico_lejos,75.63,0.34,34,estable,1
3933,629927,mgv1,derecha,rapida,estatico_lejos,75.63,0,-6.8,estable,1
3934,629984,mgv1,derecha,rapida,estatico_lejos,75.63,0,0,estable,1
3935,630041,mgv1,derecha,rapida,estatico_lejos,76.06,8.5,170,subiendo,1
3936,630098,mgv1,derecha,rapida,estatico_lejos,75.7,-7.14,-312.8,bajando,1
3937,630155,mgv1,derecha,rapida,estatico_lejos,75.72,0.34,149.6,estable,1
3938,630212,mgv1,derecha,rapida,estatico_lejos,75.74,0.34,0,estable,1
3939,630269,mgv1,derecha,rapida,estatico_lejos,75.72,-0.34,-13.6,estable,1
3940,630326,mgv1,derecha,rapida,estatico_lejos,75.72,0,6.8,estable,1
3941,630383,mgv1,derecha,rapida,estatico_lejos,75.28,-8.84,-176.8,bajando,1
3942,630440,mgv1,derecha,rapida,estatico_lejos,75.72,8.84,353.6,subiendo,1
3943,630497,mgv1,derecha,rapida,estatico_lejos,75.63,-1.7,-210.8,estable,1
3944,630554,mgv1,derecha,rapida,estatico_lejos,75.63,0,34,estable,1
3945,630611,mgv1,derecha,rapida,estatico_lejos,75.55,-1.7,-34,estable,1
3946,630668,mgv1,derecha,rapida,estatico_lejos,75.55,0,34,estable,1
3947,630725,mgv1,derecha,rapida,estatico_lejos,75.55,0,0,estable,1
3948,630782,mgv1,derecha,rapida,estatico_lejos,75.55,0,0,estable,1
3949,630839,mgv1,derecha,rapida,estatico_lejos,75.55,0,0,estable,1
3950,631669,mgv1,derecha,rapida,estatico_lejos,75.99,0,0,estable,1
3951,631726,mgv1,derecha,rapida,estatico_lejos,76.01,0.34,6.8,estable,1
3952,631783,mgv1,derecha,rapida,estatico_lejos,76.01,0,-6.8,estable,1
3953,631840,mgv1,derecha,rapida,estatico_lejos,75.99,-0.34,-6.8,estable,1
3954,631897,mgv1,derecha,rapida,estatico_lejos,75.55,-8.84,-170,bajando,1
3955,631954,mgv1,derecha,rapida,estatico_lejos,75.58,0.68,190.4,estable,1
3956,632011,mgv1,derecha,rapida,estatico_lejos,75.57,-0.34,-20.4,estable,1
3957,632068,mgv1,derecha,rapida,estatico_lejos,76.01,8.84,183.6,subiendo,1
3958,632125,mgv1,derecha,rapida,estatico_lejos,75.99,-0.34,-183.6,estable,1
3959,632182,mgv1,derecha,rapida,estatico_lejos,75.55,-8.84,-170,bajando,1
3960,632239,mgv1,derecha,rapida,estatico_lejos,75.55,0,176.8,estable,1
3961,632296,mgv1,derecha,rapida,estatico_lejos,75.53,-0.34,-6.8,estable,1
3962,632353,mgv1,derecha,rapida,estatico_lejos,75.53,0,6.8,estable,1
3963,632410,mgv1,derecha,rapida,estatico_lejos,75.51,-0.34,-6.8,estable,1
3964,632467,mgv1,derecha,rapida,estatico_lejos,75.97,9.18,190.4,subiendo,1
3965,632524,mgv1,derecha,rapida,estatico_lejos,75.99,0.34,-176.8,estable,1
3966,632581,mgv1,derecha,rapida,estatico_lejos,75.62,-7.48,-156.4,bajando,1
3967,632638,mgv1,derecha,rapida,estatico_lejos,75.62,0,149.6,estable,1
3968,632695,mgv1,derecha,rapida,estatico_lejos,76.06,8.84,176.8,subiendo,1
3969,632752,mgv1,derecha,rapida,estatico_lejos,76.09,0.68,-163.2,estable,1
3970,632809,mgv1,derecha,rapida,estatico_lejos,75.72,-7.48,-163.2,bajando,1
3971,632866,mgv1,derecha,rapida,estatico_lejos,75.65,-1.36,122.4,estable,1
3972,632923,mgv1,derecha,rapida,estatico_lejos,76.07,8.5,197.2,subiendo,1
3973,632980,mgv1,derecha,rapida,estatico_lejos,75.63,-8.84,-346.8,bajando,1
3974,633037,mgv1,derecha,rapida,estatico_lejos,75.7,1.36,203.99,estable,1
3975,633094,mgv1,derecha,rapida,estatico_lejos,75.72,0.34,-20.39,estable,1
3976,633151,mgv1,derecha,rapida,estatico_lejos,75.74,0.34,0,estable,1
3977,633208,mgv1,derecha,rapida,estatico_lejos,75.72,-0.34,-13.6,estable,1
3978,633265,mgv1,derecha,rapida,estatico_lejos,75.74,0.34,13.6,estable,1
3979,633322,mgv1,derecha,rapida,estatico_lejos,75.8,1.36,20.4,estable,1
3980,633379,mgv1,derecha,rapida,estatico_lejos,75.8,0,-27.2,estable,1
3981,633436,mgv1,derecha,rapida,estatico_lejos,75.82,0.34,6.8,estable,1
3982,633493,mgv1,derecha,rapida,estatico_lejos,75.8,-0.34,-13.6,estable,1
3983,633550,mgv1,derecha,rapida,estatico_lejos,76.25,8.84,183.6,subiendo,1
3984,633607,mgv1,derecha,rapida,estatico_lejos,75.89,-7.14,-319.6,bajando,1
3985,633664,mgv1,derecha,rapida,estatico_lejos,76.25,7.14,285.6,subiendo,1
3986,633721,mgv1,derecha,rapida,estatico_lejos,75.89,-7.14,-285.6,bajando,1
3987,633778,mgv1,derecha,rapida,estatico_lejos,76.26,7.48,292.4,subiendo,1
3988,633835,mgv1,derecha,rapida,estatico_lejos,75.89,-7.48,-299.2,bajando,1
3989,633892,mgv1,derecha,rapida,estatico_lejos,75.8,-1.7,115.6,estable,1
3990,633949,mgv1,derecha,rapida,estatico_lejos,75.8,0,34,estable,1
3991,634006,mgv1,derecha,rapida,estatico_lejos,75.82,0.34,6.8,estable,1
3992,634063,mgv1,derecha,rapida,estatico_lejos,75.8,-0.34,-13.6,estable,1
3993,634120,mgv1,derecha,rapida,estatico_lejos,75.79,-0.34,0,estable,1
3994,634177,mgv1,derecha,rapida,estatico_lejos,75.8,0.34,13.6,estable,1
3995,634234,mgv1,derecha,rapida,estatico_lejos,75.8,0,-6.8,estable,1
3996,634291,mgv1,derecha,rapida,estatico_lejos,75.8,0,0,estable,1
3997,634348,mgv1,derecha,rapida,estatico_lejos,75.8,0,0,estable,1
3998,634405,mgv1,derecha,rapida,estatico_lejos,75.89,1.7,34,estable,1
3999,634462,mgv1,derecha,rapida,estatico_lejos,75.89,0,-34,estable,1
4000,637448,mgv1,derecha,lenta,none,204.1,0,0,estable,1
4001,637513,mgv1,derecha,lenta,none,204.58,9.52,190.4,subiendo,1
4002,637578,mgv1,derecha,lenta,none,204.1,-9.52,-380.8,bajando,1
4003,637643,mgv1,derecha,lenta,none,204.09,-0.34,183.6,estable,1
4004,637708,mgv1,derecha,lenta,none,204.09,0,6.8,estable,1
4005,637773,mgv1,derecha,lenta,none,204.14,1.02,20.4,estable,1
4006,637838,mgv1,derecha,lenta,none,204.51,7.48,129.2,subiendo,1
4007,637903,mgv1,derecha,lenta,none,204.1,-8.16,-312.79,bajando,1
4008,637968,mgv1,derecha,lenta,none,204.51,8.16,326.39,subiendo,1
4009,638033,mgv1,derecha,lenta,none,204.92,8.16,0.01,subiendo,1
4010,638098,mgv1,derecha,lenta,none,204.09,-16.66,-496.4,bajando,1
4011,638163,mgv1,derecha,lenta,none,204.1,0.34,340,estable,1
4012,638228,mgv1,derecha,lenta,none,204.54,8.84,170,subiendo,1
4013,638293,mgv1,derecha,lenta,none,204.09,-9.18,-360.4,bajando,1
4014,638358,mgv1,derecha,lenta,none,204.95,17.34,530.4,subiendo,1
4015,638423,mgv1,derecha,lenta,none,204.12,-16.66,-679.99,bajando,1
4016,638488,mgv1,derecha,lenta,none,204.1,-0.34,326.4,estable,1
4017,638553,mgv1,derecha,lenta,none,204.12,0.34,13.6,estable,1
4018,638618,mgv1,derecha,lenta,none,204.1,-0.34,-13.6,estable,1
4019,638683,mgv1,derecha,lenta,none,204.1,0,6.8,estable,1
4020,638748,mgv1,derecha,lenta,none,204.09,-0.34,-6.8,estable,1
4021,638813,mgv1,derecha,lenta,none,204.09,0,6.8,estable,1
4022,638878,mgv1,derecha,lenta,none,204.53,8.84,176.79,subiendo,1
4023,638943,mgv1,derecha,lenta,none,204.53,0,-176.79,estable,1
4024,639008,mgv1,derecha,lenta,none,205.82,25.84,516.8,subiendo,1
4025,639073,mgv1,derecha,lenta,none,204.12,-34,-1196.8,bajando,1
4026,639138,mgv1,derecha,lenta,none,204.12,0,680,estable,1
4027,639203,mgv1,derecha,lenta,none,204.14,0.34,6.8,estable,1
4028,639268,mgv1,derecha,lenta,none,204.1,-0.68,-20.4,estable,1
4029,639333,mgv1,derecha,lenta,none,204.95,17,353.59,subiendo,1
4030,639398,mgv1,derecha,lenta,none,204.12,-16.66,-673.19,bajando,1
4031,639463,mgv1,derecha,lenta,none,203.69,-8.5,163.2,bajando,1
4032,639528,mgv1,derecha,lenta,none,204.15,9.18,353.6,subiendo,1
4033,639593,mgv1,derecha,lenta,none,204.12,-0.68,-197.2,estable,1
4034,639658,mgv1,derecha,lenta,none,204.53,8.16,176.79,subiendo,1
4035,639723,mgv1,derecha,lenta,none,204.15,-7.48,-312.79,bajando,1
4036,639788,mgv1,derecha,lenta,none,204.95,15.98,469.2,subiendo,1
4037,639853,mgv1,derecha,lenta,none,204.56,-7.82,-475.99,bajando,1
4038,639918,mgv1,derecha,lenta,none,204.12,-8.84,-20.4,bajando,1
4039,639983,mgv1,derecha,lenta,none,204.95,16.66,510,subiendo,1
4040,640048,mgv1,derecha,lenta,none,204.15,-15.98,-652.8,bajando,1
4041,640113,mgv1,derecha,lenta,none,204.53,7.48,469.2,subiendo,1
4042,640178,mgv1,derecha,lenta,none,204.1,-8.5,-319.59,bajando,1
4043,640243,mgv1,derecha,lenta,none,204.1,0,170,estable,1
4044,640308,mgv1,derecha,lenta,none,204.53,8.5,170,subiendo,1
4045,640373,mgv1,derecha,lenta,none,204.1,-8.5,-339.99,bajando,1
4046,640438,mgv1,derecha,lenta,none,204.15,1.02,190.39,estable,1
4047,640503,mgv1,derecha,lenta,none,204.53,7.48,129.2,subiendo,1
4048,640568,mgv1,derecha,lenta,none,204.1,-8.5,-319.59,bajando,1
4049,640633,mgv1,derecha,lenta,none,204.1,0,170,estable,1
4050,641363,mgv1,derecha,lenta,none,204.53,0,0,estable,1
4051,641428,mgv1,derecha,lenta,none,204.12,-8.16,-163.2,bajando,1
4052,641493,mgv1,derecha,lenta,none,204.12,0,163.2,estable,1
4053,641558,mgv1,derecha,lenta,none,204.15,0.68,13.6,estable,1
4054,641623,mgv1,derecha,lenta,none,204.53,7.48,136,subiendo,1
4055,641688,mgv1,derecha,lenta,none,204.15,-7.48,-299.19,bajando,1
4056,641753,mgv1,derecha,lenta,none,204.12,-0.68,136,estable,1
4057,641818,mgv1,derecha,lenta,none,203.68,-8.84,-163.2,bajando,1
4058,641883,mgv1,derecha,lenta,none,204.14,9.18,360.4,subiendo,1
4059,641948,mgv1,derecha,lenta,none,204.14,0,-183.6,estable,1
4060,642013,mgv1,derecha,lenta,none,204.12,-0.34,-6.8,estable,1
4061,642078,mgv1,derecha,lenta,none,204.12,0,6.8,estable,1
4062,642143,mgv1,derecha,lenta,none,204.12,0,0,estable,1
4063,642208,mgv1,derecha,lenta,none,204.12,0,0,estable,1
4064,642273,mgv1,derecha,lenta,none,204.12,0,0,estable,1
4065,642338,mgv1,derecha,lenta,none,204.12,0,0,estable,1
4066,642403,mgv1,derecha,lenta,none,204.12,0,0,estable,1
4067,642468,mgv1,derecha,lenta,none,203.69,-8.5,-170,bajando,1
4068,642533,mgv1,derecha,lenta,none,204.14,8.84,346.8,subiendo,1
4069,642598,mgv1,derecha,lenta,none,204.1,-0.68,-190.4,estable,1
4070,642663,mgv1,derecha,lenta,none,204.53,8.5,183.59,subiendo,1
4071,642728,mgv1,derecha,lenta,none,204.1,-8.5,-339.99,bajando,1
4072,642793,mgv1,derecha,lenta,none,204.14,0.68,183.59,estable,1
4073,642858,mgv1,derecha,lenta,none,204.12,-0.34,-20.4,estable,1
4074,642923,mgv1,derecha,lenta,none,204.09,-0.68,-6.8,estable,1
4075,642988,mgv1,derecha,lenta,none,204.14,1.02,34,estable,1
4076,643053,mgv1,derecha,lenta,none,204.1,-0.68,-34,estable,1
4077,643118,mgv1,derecha,lenta,none,203.71,-7.82,-142.8,bajando,1
4078,643183,mgv1,derecha,lenta,none,204.12,8.16,319.6,subiendo,1
4079,643248,mgv1,derecha,lenta,none,204.51,7.82,-6.81,subiendo,1
4080,643313,mgv1,derecha,lenta,none,204.09,-8.5,-326.39,bajando,1
4081,643378,mgv1,derecha,lenta,none,204.53,8.84,346.79,subiendo,1
4082,643443,mgv1,derecha,lenta,none,204.1,-8.5,-346.79,bajando,1
4083,643508,mgv1,derecha,lenta,none,204.1,0,170,estable,1
4084,643573,mgv1,derecha,lenta,none,204.51,8.16,163.2,subiendo,1
4085,643638,mgv1,derecha,lenta,none,204.1,-8.16,-326.39,bajando,1
4086,643703,mgv1,derecha,lenta,none,204.09,-0.34,156.4,estable,1
4087,643768,mgv1,derecha,lenta,none,204.54,9.18,190.4,subiendo,1
4088,643833,mgv1,derecha,lenta,none,203.69,-17,-523.6,bajando,1
4089,643898,mgv1,derecha,lenta,none,204.1,8.16,503.2,subiendo,1
4090,643963,mgv1,derecha,lenta,none,204.51,8.16,-0.01,subiendo,1
4091,644028,mgv1,derecha,lenta,none,204.12,-7.82,-319.59,bajando,1
4092,644093,mgv1,derecha,lenta,none,203.68,-8.84,-20.4,bajando,1
4093,644158,mgv1,derecha,lenta,none,204.1,8.5,346.8,subiendo,1
4094,644223,mgv1,derecha,lenta,none,204.1,0,-170,estable,1
4095,644288,mgv1,derecha,lenta,none,204.53,8.5,170,subiendo,1
4096,644353,mgv1,derecha,lenta,none,204.1,-8.5,-339.99,bajando,1
4097,644418,mgv1,derecha,lenta,none,204.12,0.34,176.79,estable,1
4098,644483,mgv1,derecha,lenta,none,204.1,-0.34,-13.6,estable,1
4099,644548,mgv1,derecha,lenta,none,204.12,0.34,13.6,estable,1
4100,645189,mgv1,derecha,lenta,none,204.12,0,0,estable,1
4101,645254,mgv1,derecha,lenta,none,204.1,-0.34,-6.8,estable,1
4102,645319,mgv1,derecha,lenta,none,204.53,8.5,176.79,subiendo,1
4103,645384,mgv1,derecha,lenta,none,204.51,-0.34,-176.79,estable,1
4104,645449,mgv1,derecha,lenta,none,204.09,-8.5,-163.2,bajando,1
4105,645514,mgv1,derecha,lenta,none,204.53,8.84,346.79,subiendo,1
4106,645579,mgv1,derecha,lenta,none,204.53,0,-176.79,estable,1
4107,645644,mgv1,derecha,lenta,none,204.93,8.16,163.2,subiendo,1
4108,645709,mgv1,derecha,lenta,none,204.53,-8.16,-326.4,bajando,1
4109,645774,mgv1,derecha,lenta,none,204.1,-8.5,-6.79,bajando,1
4110,645839,mgv1,derecha,lenta,none,204.1,0,170,estable,1
4111,645904,mgv1,derecha,lenta,none,204.14,0.68,13.6,estable,1
4112,645969,mgv1,derecha,lenta,none,204.14,0,-13.6,estable,1
4113,646034,mgv1,derecha,lenta,none,204.1,-0.68,-13.6,estable,1
4114,646099,mgv1,derecha,lenta,none,204.12,0.34,20.4,estable,1
4115,646164,mgv1,derecha,lenta,none,204.51,7.82,149.6,subiendo,1
4116,646229,mgv1,derecha,lenta,none,204.53,0.34,-149.6,estable,1
4117,646294,mgv1,derecha,lenta,none,204.12,-8.16,-170,bajando,1
4118,646359,mgv1,derecha,lenta,none,204.1,-0.34,156.4,estable,1
4119,646424,mgv1,derecha,lenta,none,204.12,0.34,13.6,estable,1
4120,646489,mgv1,derecha,lenta,none,204.09,-0.68,-20.4,estable,1
4121,646554,mgv1,derecha,lenta,none,204.1,0.34,20.4,estable,1
4122,646619,mgv1,derecha,lenta,none,204.1,0,-6.8,estable,1
4123,646684,mgv1,derecha,lenta,none,204.54,8.84,176.8,subiendo,1
4124,646749,mgv1,derecha,lenta,none,204.09,-9.18,-360.4,bajando,1
4125,646814,mgv1,derecha,lenta,none,204.12,0.68,197.2,estable,1
4126,646879,mgv1,derecha,lenta,none,204.12,0,-13.6,estable,1
4127,646944,mgv1,derecha,lenta,none,203.68,-8.84,-176.8,bajando,1
4128,647009,mgv1,derecha,lenta,none,204.54,17.34,523.6,subiendo,1
4129,647074,mgv1,derecha,lenta,none,204.53,-0.34,-353.61,estable,1
4130,647139,mgv1,derecha,lenta,none,204.12,-8.16,-156.39,bajando,1
4131,647204,mgv1,derecha,lenta,none,204.12,0,163.2,estable,1
4132,647269,mgv1,derecha,lenta,none,204.12,0,0,estable,1
4133,647334,mgv1,derecha,lenta,none,204.09,-0.68,-13.6,estable,1
4134,647399,mgv1,derecha,lenta,none,204.54,9.18,197.2,subiendo,1
4135,647464,mgv1,derecha,lenta,none,204.51,-0.68,-197.2,estable,1
4136,647529,mgv1,derecha,lenta,none,204.12,-7.82,-142.79,bajando,1
4137,647594,mgv1,derecha,lenta,none,204.53,8.16,319.59,subiendo,1
4138,647659,mgv1,derecha,lenta,none,204.51,-0.34,-170,estable,1
4139,647724,mgv1,derecha,lenta,none,204.53,0.34,13.6,estable,1
4140,647789,mgv1,derecha,lenta,none,204.09,-8.84,-183.59,bajando,1
4141,647854,mgv1,derecha,lenta,none,204.53,8.84,353.59,subiendo,1
4142,647919,mgv1,derecha,lenta,none,204.53,0,-176.79,estable,1
4143,647984,mgv1,derecha,lenta,none,204.1,-8.5,-170,bajando,1
4144,648049,mgv1,derecha,lenta,none,204.1,0,170,estable,1
4145,648114,mgv1,derecha,lenta,none,204.1,0,0,estable,1
4146,648179,mgv1,derecha,lenta,none,204.53,8.5,170,subiendo,1
4147,648244,mgv1,derecha,lenta,none,204.54,0.34,-163.19,estable,1
4148,648309,mgv1,derecha,lenta,none,204.56,0.34,-0.01,estable,1
4149,648374,mgv1,derecha,lenta,none,204.53,-0.68,-20.4,estable,1
4150,650843,mgv1,derecha,lenta,none,204.93,0,0,estable,1
4151,650908,mgv1,derecha,lenta,none,204.53,-8.16,-163.2,bajando,1
4152,650973,mgv1,derecha,lenta,none,204.12,-8.16,0.01,bajando,1
4153,651038,mgv1,derecha,lenta,none,204.51,7.82,319.59,subiendo,1
4154,651103,mgv1,derecha,lenta,none,204.53,0.34,-149.6,estable,1
4155,651168,mgv1,derecha,lenta,none,204.93,8.16,156.4,subiendo,1
4156,651233,mgv1,derecha,lenta,none,204.12,-16.32,-489.6,bajando,1
4157,651298,mgv1,derecha,lenta,none,204.49,7.48,475.99,subiendo,1
4158,651363,mgv1,derecha,lenta,none,204.09,-8.16,-312.79,bajando,1
4159,651428,mgv1,derecha,lenta,none,204.51,8.5,333.19,subiendo,1
4160,651493,mgv1,derecha,lenta,none,204.09,-8.5,-339.99,bajando,1
4161,651558,mgv1,derecha,lenta,none,204.09,0,170,estable,1
4162,651623,mgv1,derecha,lenta,none,204.1,0.34,6.8,estable,1
4163,651688,mgv1,derecha,lenta,none,204.09,-0.34,-13.6,estable,1
4164,651753,mgv1,derecha,lenta,none,204.1,0.34,13.6,estable,1
4165,651818,mgv1,derecha,lenta,none,204.1,0,-6.8,estable,1
4166,651883,mgv1,derecha,lenta,none,204.12,0.34,6.8,estable,1
4167,651948,mgv1,derecha,lenta,none,204.53,8.16,156.4,subiendo,1
4168,652013,mgv1,derecha,lenta,none,204.12,-8.16,-326.39,bajando,1
4169,652078,mgv1,derecha,lenta,none,204.09,-0.68,149.6,estable,1
4170,652143,mgv1,derecha,lenta,none,204.53,8.84,190.39,subiendo,1
4171,652208,mgv1,derecha,lenta,none,204.09,-8.84,-353.59,bajando,1
4172,652273,mgv1,derecha,lenta,none,204.09,0,176.79,estable,1
4173,652338,mgv1,derecha,lenta,none,204.1,0.34,6.8,estable,1
4174,652403,mgv1,derecha,lenta,none,204.92,16.32,319.6,subiendo,1
4175,652468,mgv1,derecha,lenta,none,204.09,-16.66,-659.59,bajando,1
4176,652533,mgv1,derecha,lenta,none,204.1,0.34,340,estable,1
4177,652598,mgv1,derecha,lenta,none,204.51,8.16,156.4,subiendo,1
4178,652663,mgv1,derecha,lenta,none,204.09,-8.5,-333.19,bajando,1
4179,652728,mgv1,derecha,lenta,none,204.53,8.84,346.79,subiendo,1
4180,652793,mgv1,derecha,lenta,none,204.12,-8.16,-339.99,bajando,1
4181,652858,mgv1,derecha,lenta,none,204.1,-0.34,156.4,estable,1
4182,652923,mgv1,derecha,lenta,none,204.48,7.48,156.4,subiendo,1
4183,652988,mgv1,derecha,lenta,none,204.48,0,-149.6,estable,1
4184,653053,mgv1,derecha,lenta,none,204.07,-8.16,-163.2,bajando,1
4185,653118,mgv1,derecha,lenta,none,204.1,0.68,176.81,estable,1
4186,653183,mgv1,derecha,lenta,none,204.51,8.16,149.59,subiendo,1
4187,653248,mgv1,derecha,lenta,none,205.38,17.34,183.61,subiendo,1
4188,653313,mgv1,derecha,lenta,none,204.05,-26.52,-877.2,bajando,1
4189,653378,mgv1,derecha,lenta,none,203.68,-7.48,380.8,bajando,1
4190,653443,mgv1,derecha,lenta,none,204.51,16.66,482.79,subiendo,1
4191,653508,mgv1,derecha,lenta,none,204.54,0.68,-319.59,estable,1
4192,653573,mgv1,derecha,lenta,none,204.53,-0.34,-20.41,estable,1
4193,653638,mgv1,derecha,lenta,none,204.09,-8.84,-169.99,bajando,1
4194,653703,mgv1,derecha,lenta,none,204.09,0,176.79,estable,1
4195,653768,mgv1,derecha,lenta,none,204.92,16.66,333.2,subiendo,1
4196,653833,mgv1,derecha,lenta,none,204.48,-8.84,-510,bajando,1
4197,653898,mgv1,derecha,lenta,none,204.53,1.02,197.2,estable,1
4198,653963,mgv1,derecha,lenta,none,204.09,-8.84,-197.19,bajando,1
4199,654028,mgv1,derecha,lenta,none,204.53,8.84,353.59,subiendo,1
4200,655132,mgv1,derecha,lenta,none,204.1,0,0,estable,1
4201,655197,mgv1,derecha,lenta,none,204.48,7.48,149.6,subiendo,1
4202,655262,mgv1,derecha,lenta,none,204.1,-7.48,-299.19,bajando,1
4203,655327,mgv1,derecha,lenta,none,204.49,7.82,305.99,subiendo,1
4204,655392,mgv1,derecha,lenta,none,204.93,8.84,20.4,subiendo,1
4205,655457,mgv1,derecha,lenta,none,204.92,-0.34,-183.6,estable,1
4206,655522,mgv1,derecha,lenta,none,203.66,-25.16,-496.4,bajando,1
4207,655587,mgv1,derecha,lenta,none,204.07,8.16,666.39,subiendo,1
4208,655652,mgv1,derecha,lenta,none,204.1,0.68,-149.59,estable,1
4209,655717,mgv1,derecha,lenta,none,204.07,-0.68,-27.21,estable,1
4210,655782,mgv1,derecha,lenta,none,204.53,9.18,197.2,subiendo,1
4211,655847,mgv1,derecha,lenta,none,204.49,-0.68,-197.2,estable,1
4212,655912,mgv1,derecha,lenta,none,204.49,0,13.6,estable,1
4213,655977,mgv1,derecha,lenta,none,204.09,-8.16,-163.2,bajando,1
4214,656042,mgv1,derecha,lenta,none,204.09,0,163.2,estable,1
4215,656107,mgv1,derecha,lenta,none,204.09,0,0,estable,1
4216,656172,mgv1,derecha,lenta,none,204.05,-0.68,-13.6,estable,1
4217,656237,mgv1,derecha,lenta,none,204.1,1.02,34.01,estable,1
4218,656302,mgv1,derecha,lenta,none,204.92,16.32,305.99,subiendo,1
4219,656367,mgv1,derecha,lenta,none,204.48,-8.84,-503.2,bajando,1
4220,656432,mgv1,derecha,lenta,none,204.9,8.5,346.8,subiendo,1
4221,656497,mgv1,derecha,lenta,none,204.07,-16.66,-503.2,bajando,1
4222,656562,mgv1,derecha,lenta,none,204.51,8.84,510,subiendo,1
4223,656627,mgv1,derecha,lenta,none,204.07,-8.84,-353.6,bajando,1
4224,656692,mgv1,derecha,lenta,none,204.92,17,516.8,subiendo,1
4225,656757,mgv1,derecha,lenta,none,204.07,-17,-680,bajando,1
4226,656822,mgv1,derecha,lenta,none,204.09,0.34,346.81,estable,1
4227,656887,mgv1,derecha,lenta,none,204.51,8.5,163.19,subiendo,1
4228,656952,mgv1,derecha,lenta,none,204.09,-8.5,-339.99,bajando,1
4229,657017,mgv1,derecha,lenta,none,204.07,-0.34,163.19,estable,1
4230,657082,mgv1,derecha,lenta,none,204.09,0.34,13.61,estable,1
4231,657147,mgv1,derecha,lenta,none,204.1,0.34,-0.01,estable,1
4232,657212,mgv1,derecha,lenta,none,204.53,8.5,163.2,subiendo,1
4233,657277,mgv1,derecha,lenta,none,204.53,0,-170,estable,1
4234,657342,mgv1,derecha,lenta,none,204.53,0,0,estable,1
4235,657407,mgv1,derecha,lenta,none,204.51,-0.34,-6.8,estable,1
4236,657472,mgv1,derecha,lenta,none,204.51,0,6.8,estable,1
4237,657537,mgv1,derecha,lenta,none,204.09,-8.5,-170,bajando,1
4238,657602,mgv1,derecha,lenta,none,204.09,0,170,estable,1
4239,657667,mgv1,derecha,lenta,none,204.92,16.66,333.2,subiendo,1
4240,657732,mgv1,derecha,lenta,none,204.1,-16.32,-659.59,bajando,1
4241,657797,mgv1,derecha,lenta,none,205.34,24.82,822.8,subiendo,1
4242,657862,mgv1,derecha,lenta,none,204.07,-25.5,-1006.4,bajando,1
4243,657927,mgv1,derecha,lenta,none,204.51,8.84,686.8,subiendo,1
4244,657992,mgv1,derecha,lenta,none,204.07,-8.84,-353.6,bajando,1
4245,658057,mgv1,derecha,lenta,none,204.53,9.18,360.4,subiendo,1
4246,658122,mgv1,derecha,lenta,none,204.07,-9.18,-367.2,bajando,1
4247,658187,mgv1,derecha,lenta,none,204.53,9.18,367.2,subiendo,1
4248,658252,mgv1,derecha,lenta,none,204.51,-0.34,-190.4,estable,1
4249,658317,mgv1,derecha,lenta,none,204.9,7.82,163.2,subiendo,1
4250,660355,mgv1,derecha,lenta,none,204.1,0,0,estable,1
4251,660420,mgv1,derecha,lenta,none,204.07,-0.68,-13.6,estable,1
4252,660485,mgv1,derecha,lenta,none,214.13,201.28,4039.21,subiendo,1
4253,660550,mgv1,derecha,lenta,none,204.09,-200.94,-8044.4,bajando,1
4254,660615,mgv1,derecha,lenta,none,204.9,16.32,4345.2,subiendo,1
4255,660680,mgv1,derecha,lenta,none,204.53,-7.48,-476,bajando,1
4256,660745,mgv1,derecha,lenta,none,204.53,0,149.6,estable,1
4257,660810,mgv1,derecha,lenta,none,204.07,-9.18,-183.6,bajando,1
4258,660875,mgv1,derecha,lenta,none,204.9,16.66,516.8,subiendo,1
4259,660940,mgv1,derecha,lenta,none,204.07,-16.66,-666.41,bajando,1
4260,661005,mgv1,derecha,lenta,none,204.92,17,673.21,subiendo,1
4261,661070,mgv1,derecha,lenta,none,204.49,-8.5,-510,bajando,1
4262,661135,mgv1,derecha,lenta,none,204.09,-8.16,6.81,bajando,1
4263,661200,mgv1,derecha,lenta,none,204.9,16.32,489.59,subiendo,1
4264,661265,mgv1,derecha,lenta,none,204.09,-16.32,-652.8,bajando,1
4265,661330,mgv1,derecha,lenta,none,204.09,0,326.4,estable,1
4266,661395,mgv1,derecha,lenta,none,204.9,16.32,326.4,subiendo,1
4267,661460,mgv1,derecha,lenta,none,205.79,17.68,27.2,subiendo,1
4268,661525,mgv1,derecha,lenta,none,204.9,-17.68,-707.2,bajando,1
4269,661590,mgv1,derecha,lenta,none,204.92,0.34,360.4,estable,1
4270,661655,mgv1,derecha,lenta,none,204.49,-8.5,-176.8,bajando,1
4271,661720,mgv1,derecha,lenta,none,205.34,17,510,subiendo,1
4272,661785,mgv1,derecha,lenta,none,204.48,-17.34,-686.8,bajando,1
4273,661850,mgv1,derecha,lenta,none,204.9,8.5,516.8,subiendo,1
4274,661915,mgv1,derecha,lenta,none,204.48,-8.5,-340,bajando,1
4275,661980,mgv1,derecha,lenta,none,204.07,-8.16,6.8,bajando,1
4276,662045,mgv1,derecha,lenta,none,204.48,8.16,326.4,subiendo,1
4277,662110,mgv1,derecha,lenta,none,204.48,0,-163.2,estable,1
4278,662175,mgv1,derecha,lenta,none,204.09,-7.82,-156.4,bajando,1
4279,662240,mgv1,derecha,lenta,none,204.53,8.84,333.19,subiendo,1
4280,662305,mgv1,derecha,lenta,none,205.8,25.5,333.21,subiendo,1
4281,662370,mgv1,derecha,lenta,none,204.49,-26.18,-1033.61,bajando,1
4282,662435,mgv1,derecha,lenta,none,204.92,8.5,693.6,subiendo,1
4283,662500,mgv1,derecha,lenta,none,204.92,0,-170,estable,1
4284,662565,mgv1,derecha,lenta,none,204.92,0,0,estable,1
4285,662630,mgv1,derecha,lenta,none,204.92,0,0,estable,1
4286,662695,mgv1,derecha,lenta,none,205.34,8.5,170,subiendo,1
4287,662760,mgv1,derecha,lenta,none,203.68,-33.32,-836.4,bajando,1
4288,662825,mgv1,derecha,lenta,none,204.92,24.82,1162.8,subiendo,1
4289,662890,mgv1,derecha,lenta,none,204.49,-8.5,-666.4,bajando,1
4290,662955,mgv1,derecha,lenta,none,204.92,8.5,340,subiendo,1
4291,663020,mgv1,derecha,lenta,none,205.79,17.34,176.8,subiendo,1
4292,663085,mgv1,derecha,lenta,none,204.92,-17.34,-693.6,bajando,1
4293,663150,mgv1,derecha,lenta,none,204.9,-0.34,340,estable,1
4294,663215,mgv1,derecha,lenta,none,205.34,8.84,183.6,subiendo,1
4295,663280,mgv1,derecha,lenta,none,204.92,-8.5,-346.8,bajando,1
4296,663345,mgv1,derecha,lenta,none,204.48,-8.84,-6.8,bajando,1
4297,663410,mgv1,derecha,lenta,none,204.03,-8.84,0,bajando,1
4298,663475,mgv1,derecha,lenta,none,204.92,17.68,530.4,subiendo,1
4299,663540,mgv1,derecha,lenta,none,205.36,8.84,-176.8,subiendo,1
4300,667736,mgv1,derecha,lenta,none,204.48,0,0,estable,1
4301,667801,mgv1,derecha,lenta,none,204.07,-8.16,-163.2,bajando,1
4302,667866,mgv1,derecha,lenta,none,204.9,16.66,496.41,subiendo,1
4303,667931,mgv1,derecha,lenta,none,204.46,-8.84,-510,bajando,1
4304,667996,mgv1,derecha,lenta,none,204.05,-8.16,13.6,bajando,1
4305,668061,mgv1,derecha,lenta,none,204.92,17.34,510,subiendo,1
4306,668126,mgv1,derecha,lenta,none,204.46,-9.18,-530.4,bajando,1
4307,668191,mgv1,derecha,lenta,none,204.46,0,183.6,estable,1
4308,668256,mgv1,derecha,lenta,none,204.46,0,0,estable,1
4309,668321,mgv1,derecha,lenta,none,204.9,8.84,176.8,subiendo,1
4310,668386,mgv1,derecha,lenta,none,204.09,-16.32,-503.2,bajando,1
4311,668451,mgv1,derecha,lenta,none,204.49,8.16,489.59,subiendo,1
4312,668516,mgv1,derecha,lenta,none,204.07,-8.5,-333.2,bajando,1
4313,668581,mgv1,derecha,lenta,none,204.49,8.5,340,subiendo,1
4314,668646,mgv1,derecha,lenta,none,204.46,-0.68,-183.6,estable,1
4315,668711,mgv1,derecha,lenta,none,204.05,-8.16,-149.6,bajando,1
4316,668776,mgv1,derecha,lenta,none,204.46,8.16,326.4,subiendo,1
4317,668841,mgv1,derecha,lenta,none,204.09,-7.48,-312.8,bajando,1
4318,668906,mgv1,derecha,lenta,none,204.48,7.82,305.99,subiendo,1
4319,668971,mgv1,derecha,lenta,none,204.48,0,-156.4,estable,1
4320,669036,mgv1,derecha,lenta,none,204.03,-8.84,-176.8,bajando,1
4321,669101,mgv1,derecha,lenta,none,204.07,0.68,190.4,estable,1
4322,669166,mgv1,derecha,lenta,none,204.46,7.82,142.8,subiendo,1
4323,669231,mgv1,derecha,lenta,none,204.09,-7.48,-306,bajando,1
4324,669296,mgv1,derecha,lenta,none,204.09,0,149.6,estable,1
4325,669361,mgv1,derecha,lenta,none,204.48,7.82,156.4,subiendo,1
4326,669426,mgv1,derecha,lenta,none,204.48,0,-156.4,estable,1
4327,669491,mgv1,derecha,lenta,none,204.03,-8.84,-176.8,bajando,1
4328,669556,mgv1,derecha,lenta,none,204.03,0,176.8,estable,1
4329,669621,mgv1,derecha,lenta,none,204.07,0.68,13.6,estable,1
4330,669686,mgv1,derecha,lenta,none,204.07,0,-13.6,estable,1
4331,669751,mgv1,derecha,lenta,none,204.07,0,0,estable,1
4332,669816,mgv1,derecha,lenta,none,204.88,16.32,326.4,subiendo,1
4333,669881,mgv1,derecha,lenta,none,204.07,-16.32,-652.81,bajando,1
4334,669946,mgv1,derecha,lenta,none,204.07,0,326.4,estable,1
4335,670011,mgv1,derecha,lenta,none,204.05,-0.34,-6.8,estable,1
4336,670076,mgv1,derecha,lenta,none,204.07,0.34,13.6,estable,1
4337,670141,mgv1,derecha,lenta,none,204.95,17.68,346.8,subiendo,1
4338,670206,mgv1,derecha,lenta,none,204.07,-17.68,-707.2,bajando,1
4339,670271,mgv1,derecha,lenta,none,204.48,8.16,516.8,subiendo,1
4340,670336,mgv1,derecha,lenta,none,204.07,-8.16,-326.4,bajando,1
4341,670401,mgv1,derecha,lenta,none,204.07,0,163.2,estable,1
4342,670466,mgv1,derecha,lenta,none,204.05,-0.34,-6.8,estable,1
4343,670531,mgv1,derecha,lenta,none,204.49,8.84,183.6,subiendo,1
4344,670596,mgv1,derecha,lenta,none,204.05,-8.84,-353.6,bajando,1
4345,670661,mgv1,derecha,lenta,none,204.51,9.18,360.4,subiendo,1
4346,670726,mgv1,derecha,lenta,none,204.05,-9.18,-367.2,bajando,1
4347,670791,mgv1,derecha,lenta,none,204.9,17,523.6,subiendo,1
4348,670856,mgv1,derecha,lenta,none,204.92,0.34,-333.2,estable,1
4349,670921,mgv1,derecha,lenta,none,204.88,-0.68,-20.4,estable,1
4350,671784,mgv1,derecha,normal,none,204.09,0,0,estable,1
4351,671848,mgv1,derecha,normal,none,204.09,0,0,estable,1
4352,671913,mgv1,derecha,normal,none,204.9,16.32,326.4,subiendo,1
4353,671978,mgv1,derecha,normal,none,204.09,-16.32,-652.8,bajando,1
4354,672043,mgv1,derecha,normal,none,204.46,7.48,475.99,subiendo,1
4355,672108,mgv1,derecha,normal,none,204.88,8.5,20.4,subiendo,1
4356,672173,mgv1,derecha,normal,none,204.88,0,-170,estable,1
4357,672238,mgv1,derecha,normal,none,204.09,-15.98,-319.6,bajando,1
4358,672303,mgv1,derecha,normal,none,204.46,7.48,469.2,subiendo,1
4359,672368,mgv1,derecha,normal,none,204.46,0,-149.6,estable,1
4360,672433,mgv1,derecha,normal,none,205.33,17.34,346.8,subiendo,1
4361,672498,mgv1,derecha,normal,none,205.33,0,-346.8,estable,1
4362,672563,mgv1,derecha,normal,none,204.07,-25.16,-503.2,bajando,1
4363,672628,mgv1,derecha,normal,none,204.07,0,503.2,estable,1
4364,672693,mgv1,derecha,normal,none,204.9,16.66,333.2,subiendo,1
4365,672758,mgv1,derecha,normal,none,204.88,-0.34,-340,estable,1
4366,672823,mgv1,derecha,normal,none,204.48,-8.16,-156.4,bajando,1
4367,672888,mgv1,derecha,normal,none,204.88,8.16,326.4,subiendo,1
4368,672953,mgv1,derecha,normal,none,204.07,-16.32,-489.61,bajando,1
4369,673018,mgv1,derecha,normal,none,205.33,25.16,829.61,subiendo,1
4370,673083,mgv1,derecha,normal,none,204.09,-24.82,-999.6,bajando,1
4371,673148,mgv1,derecha,normal,none,204.05,-0.68,482.79,estable,1
4372,673213,mgv1,derecha,normal,none,204.46,8.16,176.81,subiendo,1
4373,673278,mgv1,derecha,normal,none,204.05,-8.16,-326.4,bajando,1
4374,673343,mgv1,derecha,normal,none,204.46,8.16,326.4,subiendo,1
4375,673408,mgv1,derecha,normal,none,204.48,0.34,-156.4,estable,1
4376,673473,mgv1,derecha,normal,none,204.07,-8.16,-170,bajando,1
4377,673538,mgv1,derecha,normal,none,204.46,7.82,319.6,subiendo,1
4378,673603,mgv1,derecha,normal,none,204.9,8.84,20.4,subiendo,1
4379,673668,mgv1,derecha,normal,none,204.09,-16.32,-503.2,bajando,1
4380,673733,mgv1,derecha,normal,none,204.05,-0.68,312.79,estable,1
4381,673798,mgv1,derecha,normal,none,204.46,8.16,176.81,subiendo,1
4382,673863,mgv1,derecha,normal,none,204.46,0,-163.2,estable,1
4383,673928,mgv1,derecha,normal,none,204.07,-7.82,-156.4,bajando,1
4384,673993,mgv1,derecha,normal,none,204.46,7.82,312.81,subiendo,1
4385,674058,mgv1,derecha,normal,none,204.05,-8.16,-319.6,bajando,1
4386,674123,mgv1,derecha,normal,none,204.46,8.16,326.4,subiendo,1
4387,674188,mgv1,derecha,normal,none,204.46,0,-163.2,estable,1
4388,674253,mgv1,derecha,normal,none,204.46,0,0,estable,1
4389,674318,mgv1,derecha,normal,none,204.48,0.34,6.8,estable,1
4390,674383,mgv1,derecha,normal,none,204.46,-0.34,-13.6,estable,1
4391,674448,mgv1,derecha,normal,none,205.33,17.34,353.6,subiendo,1
4392,674513,mgv1,derecha,normal,none,204.49,-16.66,-680,bajando,1
4393,674578,mgv1,derecha,normal,none,204.48,-0.34,326.4,estable,1
4394,674643,mgv1,derecha,normal,none,204.88,8.16,170,subiendo,1
4395,674708,mgv1,derecha,normal,none,204.9,0.34,-156.4,estable,1
4396,674773,mgv1,derecha,normal,none,204.92,0.34,0,estable,1
4397,674838,mgv1,derecha,normal,none,204.9,-0.34,-13.6,estable,1
4398,674903,mgv1,derecha,normal,none,203.64,-25.16,-496.4,bajando,1
4399,674968,mgv1,derecha,normal,none,204.49,17,843.19,subiendo,1
4400,675992,mgv1,derecha,normal,none,204.46,0,0,estable,1
4401,676057,mgv1,derecha,normal,none,204.48,0.34,6.8,estable,1
4402,676122,mgv1,derecha,normal,none,204.49,0.34,0,estable,1
4403,676187,mgv1,derecha,normal,none,204.49,0,-6.8,estable,1
4404,676252,mgv1,derecha,normal,none,204.49,0,0,estable,1
4405,676317,mgv1,derecha,normal,none,204.46,-0.68,-13.6,estable,1
4406,676382,mgv1,derecha,normal,none,204.46,0,13.6,estable,1
4407,676447,mgv1,derecha,normal,none,204.49,0.68,13.6,estable,1
4408,676512,mgv1,derecha,normal,none,204.9,8.16,149.6,subiendo,1
4409,676577,mgv1,derecha,normal,none,204.09,-16.32,-489.6,bajando,1
4410,676642,mgv1,derecha,normal,none,204.07,-0.34,319.59,estable,1
4411,676707,mgv1,derecha,normal,none,204.07,0,6.81,estable,1
4412,676772,mgv1,derecha,normal,none,204.07,0,0,estable,1
4413,676837,mgv1,derecha,normal,none,204.92,17,340,subiendo,1
4414,676902,mgv1,derecha,normal,none,204.9,-0.34,-346.8,estable,1
4415,676967,mgv1,derecha,normal,none,204.48,-8.5,-163.2,bajando,1
4416,677032,mgv1,derecha,normal,none,204.92,8.84,346.8,subiendo,1
4417,677097,mgv1,derecha,normal,none,204.92,0,-176.8,estable,1
4418,677162,mgv1,derecha,normal,none,204.46,-9.18,-183.6,bajando,1
4419,677227,mgv1,derecha,normal,none,204.51,1.02,204,estable,1
4420,677292,mgv1,derecha,normal,none,204.49,-0.34,-27.2,estable,1
4421,677357,mgv1,derecha,normal,none,204.9,8.16,170,subiendo,1
4422,677422,mgv1,derecha,normal,none,204.9,0,-163.2,estable,1
4423,677487,mgv1,derecha,normal,none,205.77,17.34,346.8,subiendo,1
4424,677552,mgv1,derecha,normal,none,204.07,-34,-1026.81,bajando,1
4425,677617,mgv1,derecha,normal,none,205.33,25.16,1183.21,subiendo,1
4426,677682,mgv1,derecha,normal,none,204.9,-8.5,-673.21,bajando,1
4427,677747,mgv1,derecha,normal,none,204.07,-16.66,-163.2,bajando,1
4428,677812,mgv1,derecha,normal,none,204.9,16.66,666.41,subiendo,1
4429,677877,mgv1,derecha,normal,none,204.53,-7.48,-482.81,bajando,1
4430,677942,mgv1,derecha,normal,none,205.77,24.82,646.01,subiendo,1
4431,678007,mgv1,derecha,normal,none,204.48,-25.84,-1013.21,bajando,1
4432,678072,mgv1,derecha,normal,none,204.46,-0.34,510,estable,1
4433,678137,mgv1,derecha,normal,none,204.05,-8.16,-156.4,bajando,1
4434,678202,mgv1,derecha,normal,none,204.49,8.84,340,subiendo,1
4435,678267,mgv1,derecha,normal,none,204.51,0.34,-170,estable,1
4436,678332,mgv1,derecha,normal,none,204.48,-0.68,-20.4,estable,1
4437,678397,mgv1,derecha,normal,none,204.48,0,13.6,estable,1
4438,678462,mgv1,derecha,normal,none,204.92,8.84,176.8,subiendo,1
4439,678527,mgv1,derecha,normal,none,205.34,8.5,-6.8,subiendo,1
4440,678592,mgv1,derecha,normal,none,204.92,-8.5,-340,bajando,1
4441,678657,mgv1,derecha,normal,none,204.9,-0.34,163.2,estable,1
4442,678722,mgv1,derecha,normal,none,204.9,0,6.8,estable,1
4443,678787,mgv1,derecha,normal,none,204.03,-17.34,-346.8,bajando,1
4444,678852,mgv1,derecha,normal,none,204.05,0.34,353.6,estable,1
4445,678917,mgv1,derecha,normal,none,204.05,0,-6.8,estable,1
4446,678982,mgv1,derecha,normal,none,204.51,9.18,183.6,subiendo,1
4447,679047,mgv1,derecha,normal,none,204.05,-9.18,-367.2,bajando,1
4448,679112,mgv1,derecha,normal,none,204.92,17.34,530.4,subiendo,1
4449,679177,mgv1,derecha,normal,none,204.92,0,-346.8,estable,1
4450,680312,mgv1,derecha,normal,none,204.09,0,0,estable,1
4451,680377,mgv1,derecha,normal,none,204.09,0,0,estable,1
4452,680442,mgv1,derecha,normal,none,204.53,8.84,176.79,subiendo,1
4453,680507,mgv1,derecha,normal,none,204.88,7.14,-33.99,subiendo,1
4454,680572,mgv1,derecha,normal,none,204.03,-17,-482.81,bajando,1
4455,680637,mgv1,derecha,normal,none,204.07,0.68,353.6,estable,1
4456,680702,mgv1,derecha,normal,none,204.49,8.5,156.4,subiendo,1
4457,680767,mgv1,derecha,normal,none,204.07,-8.5,-340,bajando,1
4458,680832,mgv1,derecha,normal,none,204.03,-0.68,156.4,estable,1
4459,680897,mgv1,derecha,normal,none,204.9,17.34,360.4,subiendo,1
4460,680962,mgv1,derecha,normal,none,204.46,-8.84,-523.6,bajando,1
4461,681027,mgv1,derecha,normal,none,204.07,-7.82,20.4,bajando,1
4462,681092,mgv1,derecha,normal,none,204.9,16.66,489.61,subiendo,1
4463,681157,mgv1,derecha,normal,none,205.33,8.5,-163.2,subiendo,1
4464,681222,mgv1,derecha,normal,none,204.02,-26.18,-693.6,bajando,1
4465,681287,mgv1,derecha,normal,none,204.07,1.02,544,estable,1
4466,681352,mgv1,derecha,normal,none,204.46,7.82,136,subiendo,1
4467,681417,mgv1,derecha,normal,none,204.49,0.68,-142.8,estable,1
4468,681482,mgv1,derecha,normal,none,204.48,-0.34,-20.4,estable,1
4469,681547,mgv1,derecha,normal,none,204.48,0,6.8,estable,1
4470,681612,mgv1,derecha,normal,none,204.46,-0.34,-6.8,estable,1
4471,681677,mgv1,derecha,normal,none,205.77,26.18,530.4,subiendo,1
4472,681742,mgv1,derecha,normal,none,204.09,-33.66,-1196.8,bajando,1
4473,681807,mgv1,derecha,normal,none,204.07,-0.34,666.39,estable,1
4474,681872,mgv1,derecha,normal,none,204.48,8.16,170.01,subiendo,1
4475,681937,mgv1,derecha,normal,none,204.48,0,-163.2,estable,1
4476,682002,mgv1,derecha,normal,none,206.21,34.68,693.6,subiendo,1
4477,682067,mgv1,derecha,normal,none,204.88,-26.52,-1224.01,bajando,1
4478,682132,mgv1,derecha,normal,none,204.49,-7.82,374,bajando,1
4479,682197,mgv1,derecha,normal,none,204.51,0.34,163.2,estable,1
4480,682262,mgv1,derecha,normal,none,204.07,-8.84,-183.6,bajando,1
4481,682327,mgv1,derecha,normal,none,204.49,8.5,346.8,subiendo,1
4482,682392,mgv1,derecha,normal,none,204.07,-8.5,-340,bajando,1
4483,682457,mgv1,derecha,normal,none,204.07,0,170,estable,1
4484,682522,mgv1,derecha,normal,none,204.49,8.5,170,subiendo,1
4485,682587,mgv1,derecha,normal,none,204.05,-8.84,-346.8,bajando,1
4486,682652,mgv1,derecha,normal,none,204.88,16.66,510,subiendo,1
4487,682717,mgv1,derecha,normal,none,204.07,-16.32,-659.61,bajando,1
4488,682782,mgv1,derecha,normal,none,204.49,8.5,496.41,subiendo,1
4489,682847,mgv1,derecha,normal,none,204.49,0,-170,estable,1
4490,682912,mgv1,derecha,normal,none,204.46,-0.68,-13.6,estable,1
4491,682977,mgv1,derecha,normal,none,205.31,17,353.6,subiendo,1
4492,683042,mgv1,derecha,normal,none,204.49,-16.32,-666.41,bajando,1
4493,683107,mgv1,derecha,normal,none,204.92,8.5,496.41,subiendo,1
4494,683172,mgv1,derecha,normal,none,204.07,-17,-510,bajando,1
4495,683237,mgv1,derecha,normal,none,204.51,8.84,516.8,subiendo,1
4496,683302,mgv1,derecha,normal,none,204.05,-9.18,-360.4,bajando,1
4497,683367,mgv1,derecha,normal,none,205.33,25.5,693.6,subiendo,1
4498,683432,mgv1,derecha,normal,none,204.48,-17,-850.01,bajando,1
4499,683497,mgv1,derecha,normal,none,204.07,-8.16,176.8,bajando,1
4500,684181,mgv1,derecha,normal,none,204.44,0,0,estable,1
4501,684246,mgv1,derecha,normal,none,205.33,17.68,353.6,subiendo,1
4502,684311,mgv1,derecha,normal,none,204.46,-17.34,-700.4,bajando,1
4503,684376,mgv1,derecha,normal,none,205.33,17.34,693.6,subiendo,1
4504,684441,mgv1,derecha,normal,none,204.48,-17,-686.8,bajando,1
4505,684506,mgv1,derecha,normal,none,204.46,-0.34,333.2,estable,1
4506,684571,mgv1,derecha,normal,none,204.46,0,6.8,estable,1
4507,684636,mgv1,derecha,normal,none,204.9,8.84,176.8,subiendo,1
4508,684701,mgv1,derecha,normal,none,214.12,184.28,3508.8,subiendo,1
4509,684766,mgv1,derecha,normal,none,204.49,-192.44,-7534.41,bajando,1
4510,684831,mgv1,derecha,normal,none,204.49,0,3848.8,estable,1
4511,684896,mgv1,derecha,normal,none,204.48,-0.34,-6.8,estable,1
4512,684961,mgv1,derecha,normal,none,203.61,-17.34,-340,bajando,1
4513,685026,mgv1,derecha,normal,none,204.46,17,686.8,subiendo,1
4514,685091,mgv1,derecha,normal,none,204.05,-8.16,-503.2,bajando,1
4515,685156,mgv1,derecha,normal,none,204.07,0.34,170,estable,1
4516,685221,mgv1,derecha,normal,none,204.05,-0.34,-13.6,estable,1
4517,685286,mgv1,derecha,normal,none,204.88,16.66,340,subiendo,1
4518,685351,mgv1,derecha,normal,none,214.56,193.46,3536,subiendo,1
4519,685416,mgv1,derecha,normal,none,204.51,-200.94,-7888.01,bajando,1
4520,685481,mgv1,derecha,normal,none,204.88,7.48,4168.41,subiendo,1
4521,685546,mgv1,derecha,normal,none,204.05,-16.66,-482.81,bajando,1
4522,685611,mgv1,derecha,normal,none,204.88,16.66,666.41,subiendo,1
4523,685676,mgv1,derecha,normal,none,204.46,-8.5,-503.2,bajando,1
4524,685741,mgv1,derecha,normal,none,205.77,26.18,693.6,subiendo,1
4525,685806,mgv1,derecha,normal,none,204.46,-26.18,-1047.2,bajando,1
4526,685871,mgv1,derecha,normal,none,204.9,8.84,700.4,subiendo,1
4527,685936,mgv1,derecha,normal,none,204.46,-8.84,-353.6,bajando,1
4528,686001,mgv1,derecha,normal,none,204.46,0,176.8,estable,1
4529,686066,mgv1,derecha,normal,none,204.49,0.68,13.6,estable,1
4530,686131,mgv1,derecha,normal,none,204.88,7.82,142.8,subiendo,1
4531,686196,mgv1,derecha,normal,none,204.43,-9.18,-340,bajando,1
4532,686261,mgv1,derecha,normal,none,204.07,-7.14,40.8,bajando,1
4533,686326,mgv1,derecha,normal,none,204.49,8.5,312.81,subiendo,1
4534,686391,mgv1,derecha,normal,none,204.51,0.34,-163.2,estable,1
4535,686456,mgv1,derecha,normal,none,204.88,7.48,142.8,subiendo,1
4536,686521,mgv1,derecha,normal,none,204.88,0,-149.6,estable,1
4537,686586,mgv1,derecha,normal,none,204.46,-8.5,-170,bajando,1
4538,686651,mgv1,derecha,normal,none,204.05,-8.16,6.8,bajando,1
4539,686716,mgv1,derecha,normal,none,204.49,8.84,340,subiendo,1
4540,686781,mgv1,derecha,normal,none,204.07,-8.5,-346.8,bajando,1
4541,686846,mgv1,derecha,normal,none,204.07,0,170,estable,1
4542,686911,mgv1,derecha,normal,none,204.48,8.16,163.2,subiendo,1
4543,686976,mgv1,derecha,normal,none,204.07,-8.16,-326.4,bajando,1
4544,687041,mgv1,derecha,normal,none,204.44,7.48,312.81,subiendo,1
4545,687106,mgv1,derecha,normal,none,204.48,0.68,-136,estable,1
4546,687171,mgv1,derecha,normal,none,204.07,-8.16,-176.8,bajando,1
4547,687236,mgv1,derecha,normal,none,204.46,7.82,319.6,subiendo,1
4548,687301,mgv1,derecha,normal,none,204.46,0,-156.4,estable,1
4549,687366,mgv1,derecha,normal,none,204.46,0,0,estable,1
4550,688254,mgv1,derecha,normal,none,204.88,0,0,estable,1
4551,688319,mgv1,derecha,normal,none,204.05,-16.66,-333.2,bajando,1
4552,688384,mgv1,derecha,normal,none,204.46,8.16,496.41,subiendo,1
4553,688449,mgv1,derecha,normal,none,204.07,-7.82,-319.6,bajando,1
4554,688514,mgv1,derecha,normal,none,204.05,-0.34,149.6,estable,1
4555,688579,mgv1,derecha,normal,none,204.03,-0.34,0,estable,1
4556,688644,mgv1,derecha,normal,none,204.87,16.66,340,subiendo,1
4557,688709,mgv1,derecha,normal,none,204.44,-8.5,-503.2,bajando,1
4558,688774,mgv1,derecha,normal,none,204.07,-7.48,20.4,bajando,1
4559,688839,mgv1,derecha,normal,none,204.88,16.32,476.01,subiendo,1
4560,688904,mgv1,derecha,normal,none,204.05,-16.66,-659.61,bajando,1
4561,688969,mgv1,derecha,normal,none,204.88,16.66,666.41,subiendo,1
4562,689034,mgv1,derecha,normal,none,204.49,-7.82,-489.61,bajando,1
4563,689099,mgv1,derecha,normal,none,204.07,-8.5,-13.6,bajando,1
4564,689164,mgv1,derecha,normal,none,203.63,-8.84,-6.79,bajando,1
4565,689229,mgv1,derecha,normal,none,204.46,16.66,509.99,subiendo,1
4566,689294,mgv1,derecha,normal,none,204.03,-8.5,-503.2,bajando,1
4567,689359,mgv1,derecha,normal,none,204.07,0.68,183.6,estable,1
4568,689424,mgv1,derecha,normal,none,204.44,7.48,136,subiendo,1
4569,689489,mgv1,derecha,normal,none,204.07,-7.48,-299.21,bajando,1
4570,689554,mgv1,derecha,normal,none,204.07,0,149.6,estable,1
4571,689619,mgv1,derecha,normal,none,204.07,0,0,estable,1
4572,689684,mgv1,derecha,normal,none,204.88,16.32,326.4,subiendo,1
4573,689749,mgv1,derecha,normal,none,204.44,-8.84,-503.2,bajando,1
4574,689814,mgv1,derecha,normal,none,204.48,0.68,190.4,estable,1
4575,689879,mgv1,derecha,normal,none,204.07,-8.16,-176.8,bajando,1
4576,689944,mgv1,derecha,normal,none,204.46,7.82,319.6,subiendo,1
4577,690009,mgv1,derecha,normal,none,204.49,0.68,-142.8,estable,1
4578,690074,mgv1,derecha,normal,none,205.77,25.5,496.41,subiendo,1
4579,690139,mgv1,derecha,normal,none,205.33,-8.84,-686.8,bajando,1
4580,690204,mgv1,derecha,normal,none,204.88,-8.84,0,bajando,1
4581,690269,mgv1,derecha,normal,none,204.05,-16.66,-156.4,bajando,1
4582,690334,mgv1,derecha,normal,none,204.07,0.34,340,estable,1
4583,690399,mgv1,derecha,normal,none,205.33,25.16,496.41,subiendo,1
4584,690464,mgv1,derecha,normal,none,204.05,-25.5,-1013.21,bajando,1
4585,690529,mgv1,derecha,normal,none,204.46,8.16,673.21,subiendo,1
4586,690594,mgv1,derecha,normal,none,204.88,8.5,6.8,subiendo,1
4587,690659,mgv1,derecha,normal,none,204.07,-16.32,-496.41,bajando,1
4588,690724,mgv1,derecha,normal,none,204.05,-0.34,319.6,estable,1
4589,690789,mgv1,derecha,normal,none,204.05,0,6.8,estable,1
4590,690854,mgv1,derecha,normal,none,204.49,8.84,176.8,subiendo,1
4591,690919,mgv1,derecha,normal,none,204.05,-8.84,-353.6,bajando,1
4592,690984,mgv1,derecha,normal,none,204.88,16.66,510,subiendo,1
4593,691049,mgv1,derecha,normal,none,204.88,0,-333.2,estable,1
4594,691114,mgv1,derecha,normal,none,204.88,0,0,estable,1
4595,691179,mgv1,derecha,normal,none,205.33,8.84,176.8,subiendo,1
4596,691244,mgv1,derecha,normal,none,204.44,-17.68,-530.4,bajando,1
4597,691309,mgv1,derecha,normal,none,206.19,35.02,1054,subiendo,1
4598,691374,mgv1,derecha,normal,none,204.88,-26.18,-1223.99,bajando,1
4599,691439,mgv1,derecha,normal,none,205.31,8.5,693.6,subiendo,1
4600,692373,mgv1,derecha,normal,none,204.49,0,0,estable,1
4601,692438,mgv1,derecha,normal,none,204.49,0,0,estable,1
4602,692503,mgv1,derecha,normal,none,204.05,-8.84,-176.8,bajando,1
4603,692568,mgv1,derecha,normal,none,204.07,0.34,183.6,estable,1
4604,692633,mgv1,derecha,normal,none,204.07,0,-6.8,estable,1
4605,692698,mgv1,derecha,normal,none,204.07,0,0,estable,1
4606,692763,mgv1,derecha,normal,none,204.87,15.98,319.6,subiendo,1
4607,692828,mgv1,derecha,normal,none,204.49,-7.48,-469.21,bajando,1
4608,692893,mgv1,derecha,normal,none,204.88,7.82,306.01,subiendo,1
4609,692958,mgv1,derecha,normal,none,204.46,-8.5,-326.4,bajando,1
4610,693023,mgv1,derecha,normal,none,204.05,-8.16,6.8,bajando,1
4611,693088,mgv1,derecha,normal,none,204.46,8.16,326.4,subiendo,1
4612,693153,mgv1,derecha,normal,none,204.51,1.02,-142.8,estable,1
4613,693218,mgv1,derecha,normal,none,204.07,-8.84,-197.2,bajando,1
4614,693283,mgv1,derecha,normal,none,204.05,-0.34,170,estable,1
4615,693348,mgv1,derecha,normal,none,204.03,-0.34,0,estable,1
4616,693413,mgv1,derecha,normal,none,204.51,9.52,197.2,subiendo,1
4617,693478,mgv1,derecha,normal,none,204.49,-0.34,-197.2,estable,1
4618,693543,mgv1,derecha,normal,none,204.51,0.34,13.6,estable,1
4619,693608,mgv1,derecha,normal,none,204.88,7.48,142.8,subiendo,1
4620,693673,mgv1,derecha,normal,none,204.88,0,-149.6,estable,1
4621,693738,mgv1,derecha,normal,none,204.46,-8.5,-170,bajando,1
4622,693803,mgv1,derecha,normal,none,204.87,8.16,333.2,subiendo,1
4623,693868,mgv1,derecha,normal,none,204.88,0.34,-156.4,estable,1
4624,693933,mgv1,derecha,normal,none,204.44,-8.84,-183.6,bajando,1
4625,693998,mgv1,derecha,normal,none,204.07,-7.48,27.2,bajando,1
4626,694063,mgv1,derecha,normal,none,204.07,0,149.6,estable,1
4627,694128,mgv1,derecha,normal,none,204.87,15.98,319.6,subiendo,1
4628,694193,mgv1,derecha,normal,none,203.61,-25.16,-822.81,bajando,1
4629,694258,mgv1,derecha,normal,none,205.31,34,1183.21,subiendo,1
4630,694323,mgv1,derecha,normal,none,204.07,-24.82,-1176.41,bajando,1
4631,694388,mgv1,derecha,normal,none,205.31,24.82,992.81,subiendo,1
4632,694453,mgv1,derecha,normal,none,205.29,-0.34,-503.2,estable,1
4633,694518,mgv1,derecha,normal,none,204.05,-24.82,-489.61,bajando,1
4634,694583,mgv1,derecha,normal,none,204.03,-0.34,489.61,estable,1
4635,694648,mgv1,derecha,normal,none,204.46,8.5,176.8,subiendo,1
4636,694713,mgv1,derecha,normal,none,204.07,-7.82,-326.4,bajando,1
4637,694778,mgv1,derecha,normal,none,205.31,24.82,652.81,subiendo,1
4638,694843,mgv1,derecha,normal,none,204,-26.18,-1020.01,bajando,1
4639,694908,mgv1,derecha,normal,none,204.88,17.68,877.2,subiendo,1
4640,694973,mgv1,derecha,normal,none,204.07,-16.32,-680,bajando,1
4641,695038,mgv1,derecha,normal,none,204.46,7.82,482.81,subiendo,1
4642,695103,mgv1,derecha,normal,none,204.46,0,-156.4,estable,1
4643,695168,mgv1,derecha,normal,none,204.88,8.5,170,subiendo,1
4644,695233,mgv1,derecha,normal,none,204.05,-16.66,-503.2,bajando,1
4645,695298,mgv1,derecha,normal,none,204.02,-0.68,319.6,estable,1
4646,695363,mgv1,derecha,normal,none,204.48,9.18,197.2,subiendo,1
4647,695428,mgv1,derecha,normal,none,204.46,-0.34,-190.4,estable,1
4648,695493,mgv1,derecha,normal,none,204.9,8.84,183.6,subiendo,1
4649,695558,mgv1,derecha,normal,none,204.46,-8.84,-353.6,bajando,1
4650,696694,mgv1,derecha,normal,none,204.46,0,0,estable,1
4651,696759,mgv1,derecha,normal,none,204.02,-8.84,-176.8,bajando,1
4652,696824,mgv1,derecha,normal,none,204.03,0.34,183.6,estable,1
4653,696889,mgv1,derecha,normal,none,204.48,8.84,170,subiendo,1
4654,696954,mgv1,derecha,normal,none,204.46,-0.34,-183.6,estable,1
4655,697019,mgv1,derecha,normal,none,204.07,-7.82,-149.6,bajando,1
4656,697084,mgv1,derecha,normal,none,204.85,15.64,469.21,subiendo,1
4657,697149,mgv1,derecha,normal,none,204.44,-8.16,-476.01,bajando,1
4658,697214,mgv1,derecha,normal,none,204.05,-7.82,6.8,bajando,1
4659,697279,mgv1,derecha,normal,none,204.87,16.32,482.81,subiendo,1
4660,697344,mgv1,derecha,normal,none,204.07,-15.98,-646.01,bajando,1
4661,697409,mgv1,derecha,normal,none,204.44,7.48,469.21,subiendo,1
4662,697474,mgv1,derecha,normal,none,204.05,-7.82,-306.01,bajando,1
4663,697539,mgv1,derecha,normal,none,204.87,16.32,482.81,subiendo,1
4664,697604,mgv1,derecha,normal,none,204.02,-17,-666.41,bajando,1
4665,697669,mgv1,derecha,normal,none,204.05,0.68,353.6,estable,1
4666,697734,mgv1,derecha,normal,none,204.87,16.32,312.81,subiendo,1
4667,697799,mgv1,derecha,normal,none,204.44,-8.5,-496.41,bajando,1
4668,697864,mgv1,derecha,normal,none,204.46,0.34,176.8,estable,1
4669,697929,mgv1,derecha,normal,none,204.87,8.16,156.4,subiendo,1
4670,697994,mgv1,derecha,normal,none,204.87,0,-163.2,estable,1
4671,698059,mgv1,derecha,normal,none,204.46,-8.16,-163.2,bajando,1
4672,698124,mgv1,derecha,normal,none,204.44,-0.34,156.4,estable,1
4673,698189,mgv1,derecha,normal,none,204.46,0.34,13.6,estable,1
4674,698254,mgv1,derecha,normal,none,205.31,17,333.2,subiendo,1
4675,698319,mgv1,derecha,normal,none,204.46,-17,-680,bajando,1
4676,698384,mgv1,derecha,normal,none,204.48,0.34,346.8,estable,1
4677,698449,mgv1,derecha,normal,none,204.46,-0.34,-13.6,estable,1
4678,698514,mgv1,derecha,normal,none,204.46,0,6.8,estable,1
4679,698579,mgv1,derecha,normal,none,204.48,0.34,6.8,estable,1
4680,698644,mgv1,derecha,normal,none,204.49,0.34,0,estable,1
4681,698709,mgv1,derecha,normal,none,204.03,-9.18,-190.4,bajando,1
4682,698774,mgv1,derecha,normal,none,204.46,8.5,353.6,subiendo,1
4683,698839,mgv1,derecha,normal,none,204.46,0,-170,estable,1
4684,698904,mgv1,derecha,normal,none,204.05,-8.16,-163.2,bajando,1
4685,698969,mgv1,derecha,normal,none,204.05,0,163.2,estable,1
4686,699034,mgv1,derecha,normal,none,204.02,-0.68,-13.6,estable,1
4687,699099,mgv1,derecha,normal,none,204.46,8.84,190.4,subiendo,1
4688,699164,mgv1,derecha,normal,none,204.46,0,-176.8,estable,1
4689,699229,mgv1,derecha,normal,none,204.87,8.16,163.2,subiendo,1
4690,699294,mgv1,derecha,normal,none,204.87,0,-163.2,estable,1
4691,699359,mgv1,derecha,normal,none,204.88,0.34,6.8,estable,1
4692,699424,mgv1,derecha,normal,none,204.87,-0.34,-13.6,estable,1
4693,699489,mgv1,derecha,normal,none,205.75,17.68,360.4,subiendo,1
4694,699554,mgv1,derecha,normal,none,204.46,-25.84,-870.4,bajando,1
4695,699619,mgv1,derecha,normal,none,204.03,-8.5,346.8,bajando,1
4696,699684,mgv1,derecha,normal,none,204.87,16.66,503.2,subiendo,1
4697,699749,mgv1,derecha,normal,none,204,-17.34,-680,bajando,1
4698,699814,mgv1,derecha,normal,none,204.07,1.36,374,estable,1
4699,699879,mgv1,derecha,normal,none,204.88,16.32,299.21,subiendo,1
4700,701125,mgv1,derecha,rapida,none,204.02,0,0,estable,1
4701,701190,mgv1,derecha,rapida,none,204.03,0.34,6.8,estable,1
4702,701255,mgv1,derecha,rapida,none,204.43,7.82,149.6,subiendo,1
4703,701320,mgv1,derecha,rapida,none,204.87,8.84,20.4,subiendo,1
4704,701385,mgv1,derecha,rapida,none,204.44,-8.5,-346.8,bajando,1
4705,701450,mgv1,derecha,rapida,none,204.02,-8.5,0,bajando,1
4706,701515,mgv1,derecha,rapida,none,204.43,8.16,333.2,subiendo,1
4707,701580,mgv1,derecha,rapida,none,204.44,0.34,-156.4,estable,1
4708,701645,mgv1,derecha,rapida,none,204.44,0,-6.8,estable,1
4709,701710,mgv1,derecha,rapida,none,204.87,8.5,170,subiendo,1
4710,701775,mgv1,derecha,rapida,none,204.43,-8.84,-346.8,bajando,1
4711,701840,mgv1,derecha,rapida,none,204.46,0.68,190.4,estable,1
4712,701905,mgv1,derecha,rapida,none,204.03,-8.5,-183.6,bajando,1
4713,701970,mgv1,derecha,rapida,none,204.44,8.16,333.2,subiendo,1
4714,702035,mgv1,derecha,rapida,none,204.87,8.5,6.8,subiendo,1
4715,702100,mgv1,derecha,rapida,none,204.48,-7.82,-326.4,bajando,1
4716,702165,mgv1,derecha,rapida,none,204.87,7.82,312.81,subiendo,1
4717,702230,mgv1,derecha,rapida,none,204.44,-8.5,-326.4,bajando,1
4718,702295,mgv1,derecha,rapida,none,204.44,0,170,estable,1
4719,702360,mgv1,derecha,rapida,none,204.87,8.5,170,subiendo,1
4720,702425,mgv1,derecha,rapida,none,204.85,-0.34,-176.8,estable,1
4721,702490,mgv1,derecha,rapida,none,204.87,0.34,13.6,estable,1
4722,702555,mgv1,derecha,rapida,none,204.87,0,-6.8,estable,1
4723,702620,mgv1,derecha,rapida,none,204.44,-8.5,-170,bajando,1
4724,702685,mgv1,derecha,rapida,none,204.88,8.84,346.8,subiendo,1
4725,702750,mgv1,derecha,rapida,none,204.88,0,-176.8,estable,1
4726,702815,mgv1,derecha,rapida,none,204.87,-0.34,-6.8,estable,1
4727,702880,mgv1,derecha,rapida,none,204.05,-16.32,-319.6,bajando,1
4728,702945,mgv1,derecha,rapida,none,204.44,7.82,482.81,subiendo,1
4729,703010,mgv1,derecha,rapida,none,204.05,-7.82,-312.81,bajando,1
4730,703075,mgv1,derecha,rapida,none,204.48,8.5,326.4,subiendo,1
4731,703140,mgv1,derecha,rapida,none,204.03,-8.84,-346.8,bajando,1
4732,703205,mgv1,derecha,rapida,none,204.03,0,176.8,estable,1
4733,703270,mgv1,derecha,rapida,none,204.44,8.16,163.2,subiendo,1
4734,703335,mgv1,derecha,rapida,none,204.05,-7.82,-319.6,bajando,1
4735,703400,mgv1,derecha,rapida,none,204.85,15.98,476.01,subiendo,1
4736,703465,mgv1,derecha,rapida,none,204.46,-7.82,-476.01,bajando,1
4737,703530,mgv1,derecha,rapida,none,204.02,-8.84,-20.4,bajando,1
4738,703595,mgv1,derecha,rapida,none,204.87,17,516.8,subiendo,1
4739,703660,mgv1,derecha,rapida,none,204.44,-8.5,-510,bajando,1
4740,703725,mgv1,derecha,rapida,none,204.03,-8.16,6.8,bajando,1
4741,703790,mgv1,derecha,rapida,none,204.02,-0.34,156.4,estable,1
4742,703855,mgv1,derecha,rapida,none,204.46,8.84,183.6,subiendo,1
4743,703920,mgv1,derecha,rapida,none,204.44,-0.34,-183.6,estable,1
4744,703985,mgv1,derecha,rapida,none,204.48,0.68,20.4,estable,1
4745,704050,mgv1,derecha,rapida,none,204,-9.52,-204,bajando,1
4746,704115,mgv1,derecha,rapida,none,204.46,9.18,374,subiendo,1
4747,704180,mgv1,derecha,rapida,none,204.03,-8.5,-353.6,bajando,1
4748,704245,mgv1,derecha,rapida,none,204,-0.68,156.4,estable,1
4749,704310,mgv1,derecha,rapida,none,205.29,25.84,530.4,subiendo,1
4750,705624,mgv1,derecha,rapida,none,204.85,0,0,estable,1
4751,705689,mgv1,derecha,rapida,none,204.85,0,0,estable,1
4752,705754,mgv1,derecha,rapida,none,204.44,-8.16,-163.2,bajando,1
4753,705819,mgv1,derecha,rapida,none,204.43,-0.34,156.4,estable,1
4754,705884,mgv1,derecha,rapida,none,204.87,8.84,183.6,subiendo,1
4755,705949,mgv1,derecha,rapida,none,204.87,0,-176.8,estable,1
4756,706014,mgv1,derecha,rapida,none,204.02,-17,-340,bajando,1
4757,706079,mgv1,derecha,rapida,none,203.61,-8.16,176.8,bajando,1
4758,706144,mgv1,derecha,rapida,none,204.87,25.16,666.41,subiendo,1
4759,706209,mgv1,derecha,rapida,none,204.41,-9.18,-686.8,bajando,1
4760,706274,mgv1,derecha,rapida,none,204.44,0.68,197.2,estable,1
4761,706339,mgv1,derecha,rapida,none,204.43,-0.34,-20.4,estable,1
4762,706404,mgv1,derecha,rapida,none,204.44,0.34,13.6,estable,1
4763,706469,mgv1,derecha,rapida,none,204,-8.84,-183.6,bajando,1
4764,706534,mgv1,derecha,rapida,none,203.61,-7.82,20.4,bajando,1
4765,706599,mgv1,derecha,rapida,none,204.43,16.32,482.81,subiendo,1
4766,706664,mgv1,derecha,rapida,none,204.44,0.34,-319.6,estable,1
4767,706729,mgv1,derecha,rapida,none,204.03,-8.16,-170,bajando,1
4768,706794,mgv1,derecha,rapida,none,204,-0.68,149.6,estable,1
4769,706859,mgv1,derecha,rapida,none,204.43,8.5,183.6,subiendo,1
4770,706924,mgv1,derecha,rapida,none,204.43,0,-170,estable,1
4771,706989,mgv1,derecha,rapida,none,204.44,0.34,6.8,estable,1
4772,707054,mgv1,derecha,rapida,none,204.03,-8.16,-170,bajando,1
4773,707119,mgv1,derecha,rapida,none,204.03,0,163.2,estable,1
4774,707184,mgv1,derecha,rapida,none,204.43,7.82,156.4,subiendo,1
4775,707249,mgv1,derecha,rapida,none,204.85,8.5,13.6,subiendo,1
4776,707314,mgv1,derecha,rapida,none,204.43,-8.5,-340,bajando,1
4777,707379,mgv1,derecha,rapida,none,204.44,0.34,176.8,estable,1
4778,707444,mgv1,derecha,rapida,none,204,-8.84,-183.6,bajando,1
4779,707509,mgv1,derecha,rapida,none,204.41,8.16,340,subiendo,1
4780,707574,mgv1,derecha,rapida,none,204.44,0.68,-149.6,estable,1
4781,707639,mgv1,derecha,rapida,none,204.44,0,-13.6,estable,1
4782,707704,mgv1,derecha,rapida,none,204,-8.84,-176.8,bajando,1
4783,707769,mgv1,derecha,rapida,none,204.44,8.84,353.6,subiendo,1
4784,707834,mgv1,derecha,rapida,none,204.03,-8.16,-340,bajando,1
4785,707899,mgv1,derecha,rapida,none,204.03,0,163.2,estable,1
4786,707964,mgv1,derecha,rapida,none,204.83,15.98,319.6,subiendo,1
4787,708029,mgv1,derecha,rapida,none,204.02,-16.32,-646,bajando,1
4788,708094,mgv1,derecha,rapida,none,204.43,8.16,489.6,subiendo,1
4789,708159,mgv1,derecha,rapida,none,204,-8.5,-333.2,bajando,1
4790,708224,mgv1,derecha,rapida,none,204.02,0.34,176.8,estable,1
4791,708289,mgv1,derecha,rapida,none,204,-0.34,-13.6,estable,1
4792,708354,mgv1,derecha,rapida,none,204.43,8.5,176.8,subiendo,1
4793,708419,mgv1,derecha,rapida,none,204.46,0.68,-156.4,estable,1
4794,708484,mgv1,derecha,rapida,none,204.43,-0.68,-27.2,estable,1
4795,708549,mgv1,derecha,rapida,none,204.03,-7.82,-142.8,bajando,1
4796,708614,mgv1,derecha,rapida,none,204.43,7.82,312.81,subiendo,1
4797,708679,mgv1,derecha,rapida,none,204,-8.5,-326.4,bajando,1
4798,708744,mgv1,derecha,rapida,none,204.02,0.34,176.8,estable,1
4799,708809,mgv1,derecha,rapida,none,204.05,0.68,6.8,estable,1
4800,717281,mgv1,derecha,rapida,none,203.98,0,0,estable,1
4801,717345,mgv1,derecha,rapida,none,204.44,9.18,183.6,subiendo,1
4802,717410,mgv1,derecha,rapida,none,204.44,0,-183.6,estable,1
4803,717475,mgv1,derecha,rapida,none,204.44,0,0,estable,1
4804,717540,mgv1,derecha,rapida,none,204.85,8.16,163.2,subiendo,1
4805,717605,mgv1,derecha,rapida,none,204.44,-8.16,-326.4,bajando,1
4806,717670,mgv1,derecha,rapida,none,204.46,0.34,170,estable,1
4807,717735,mgv1,derecha,rapida,none,204.46,0,-6.8,estable,1
4808,717800,mgv1,derecha,rapida,none,205.72,25.16,503.2,subiendo,1
4809,717865,mgv1,derecha,rapida,none,204.46,-25.16,-1006.4,bajando,1
4810,717930,mgv1,derecha,rapida,none,204.85,7.82,659.6,subiendo,1
4811,717995,mgv1,derecha,rapida,none,204.43,-8.5,-326.4,bajando,1
4812,718060,mgv1,derecha,rapida,none,204.43,0,170,estable,1
4813,718125,mgv1,derecha,rapida,none,204.43,0,0,estable,1
4814,718190,mgv1,derecha,rapida,none,204.46,0.68,13.6,estable,1
4815,718255,mgv1,derecha,rapida,none,204.43,-0.68,-27.2,estable,1
4816,718320,mgv1,derecha,rapida,none,204.87,8.84,190.4,subiendo,1
4817,718385,mgv1,derecha,rapida,none,204.43,-8.84,-353.6,bajando,1
4818,718450,mgv1,derecha,rapida,none,204.43,0,176.8,estable,1
4819,718515,mgv1,derecha,rapida,none,204.43,0,0,estable,1
4820,718580,mgv1,derecha,rapida,none,204,-8.5,-170,bajando,1
4821,718645,mgv1,derecha,rapida,none,214.08,201.62,4202.4,subiendo,1
4822,718710,mgv1,derecha,rapida,none,204.46,-192.44,-7881.2,bajando,1
4823,718775,mgv1,derecha,rapida,none,204.44,-0.34,3842,estable,1
4824,718840,mgv1,derecha,rapida,none,204.44,0,6.8,estable,1
4825,718905,mgv1,derecha,rapida,none,204.02,-8.5,-170,bajando,1
4826,718970,mgv1,derecha,rapida,none,204.46,8.84,346.8,subiendo,1
4827,719035,mgv1,derecha,rapida,none,204.41,-1.02,-197.2,estable,1
4828,719100,mgv1,derecha,rapida,none,204.44,0.68,34,estable,1
4829,719165,mgv1,derecha,rapida,none,204.44,0,-13.6,estable,1
4830,719230,mgv1,derecha,rapida,none,204.39,-1.02,-20.4,estable,1
4831,719295,mgv1,derecha,rapida,none,204.02,-7.48,-129.21,bajando,1
4832,719360,mgv1,derecha,rapida,none,204.87,17,489.61,subiendo,1
4833,719425,mgv1,derecha,rapida,none,204.43,-8.84,-516.8,bajando,1
4834,719490,mgv1,derecha,rapida,none,204.43,0,176.8,estable,1
4835,719555,mgv1,derecha,rapida,none,204.44,0.34,6.8,estable,1
4836,719620,mgv1,derecha,rapida,none,204.46,0.34,0,estable,1
4837,719685,mgv1,derecha,rapida,none,204.46,0,-6.8,estable,1
4838,719750,mgv1,derecha,rapida,none,204.43,-0.68,-13.6,estable,1
4839,719815,mgv1,derecha,rapida,none,204,-8.5,-156.4,bajando,1
4840,719880,mgv1,derecha,rapida,none,204.44,8.84,346.8,subiendo,1
4841,719945,mgv1,derecha,rapida,none,204.43,-0.34,-183.6,estable,1
4842,720010,mgv1,derecha,rapida,none,204.43,0,6.8,estable,1
4843,720075,mgv1,derecha,rapida,none,205.72,25.84,516.8,subiendo,1
4844,720140,mgv1,derecha,rapida,none,204.41,-26.18,-1040.39,bajando,1
4845,720205,mgv1,derecha,rapida,none,204.46,1.02,543.99,estable,1
4846,720270,mgv1,derecha,rapida,none,204.43,-0.68,-34,estable,1
4847,720335,mgv1,derecha,rapida,none,204.39,-0.68,0,estable,1
4848,720400,mgv1,derecha,rapida,none,204.44,1.02,34,estable,1
4849,720465,mgv1,derecha,rapida,none,204.43,-0.34,-27.2,estable,1
4850,721960,mgv1,derecha,rapida,none,203.98,0,0,estable,1
4851,722025,mgv1,derecha,rapida,none,204,0.34,6.8,estable,1
4852,722090,mgv1,derecha,rapida,none,204.39,7.82,149.6,subiendo,1
4853,722155,mgv1,derecha,rapida,none,204.44,1.02,-136,estable,1
4854,722220,mgv1,derecha,rapida,none,204.43,-0.34,-27.2,estable,1
4855,722285,mgv1,derecha,rapida,none,203.98,-8.84,-170,bajando,1
4856,722350,mgv1,derecha,rapida,none,204.43,8.84,353.6,subiendo,1
4857,722415,mgv1,derecha,rapida,none,204.43,0,-176.8,estable,1
4858,722480,mgv1,derecha,rapida,none,204.44,0.34,6.8,estable,1
4859,722545,mgv1,derecha,rapida,none,204.44,0,-6.8,estable,1
4860,722610,mgv1,derecha,rapida,none,204,-8.84,-176.8,bajando,1
4861,722675,mgv1,derecha,rapida,none,204.43,8.5,346.8,subiendo,1
4862,722740,mgv1,derecha,rapida,none,204,-8.5,-340,bajando,1
4863,722805,mgv1,derecha,rapida,none,204.43,8.5,340,subiendo,1
4864,722870,mgv1,derecha,rapida,none,204.43,0,-170,estable,1
4865,722935,mgv1,derecha,rapida,none,204,-8.5,-170,bajando,1
4866,723000,mgv1,derecha,rapida,none,204,0,170,estable,1
4867,723065,mgv1,derecha,rapida,none,204,0,0,estable,1
4868,723130,mgv1,derecha,rapida,none,204.03,0.68,13.6,estable,1
4869,723195,mgv1,derecha,rapida,none,204,-0.68,-27.2,estable,1
4870,723260,mgv1,derecha,rapida,none,204,0,13.6,estable,1
4871,723325,mgv1,derecha,rapida,none,204.02,0.34,6.8,estable,1
4872,723390,mgv1,derecha,rapida,none,204.43,8.16,156.4,subiendo,1
4873,723455,mgv1,derecha,rapida,none,204.03,-7.82,-319.6,bajando,1
4874,723520,mgv1,derecha,rapida,none,204,-0.68,142.8,estable,1
4875,723585,mgv1,derecha,rapida,none,204.92,18.36,380.8,subiendo,1
4876,723650,mgv1,derecha,rapida,none,204.43,-9.86,-564.4,bajando,1
4877,723715,mgv1,derecha,rapida,none,204.02,-8.16,34,bajando,1
4878,723780,mgv1,derecha,rapida,none,204.03,0.34,170,estable,1
4879,723845,mgv1,derecha,rapida,none,204.83,15.98,312.8,subiendo,1
4880,723910,mgv1,derecha,rapida,none,204,-16.66,-652.8,bajando,1
4881,723975,mgv1,derecha,rapida,none,204.03,0.68,346.8,estable,1
4882,724040,mgv1,derecha,rapida,none,204,-0.68,-27.2,estable,1
4883,724105,mgv1,derecha,rapida,none,204.85,17,353.6,subiendo,1
4884,724170,mgv1,derecha,rapida,none,204,-17,-680,bajando,1
4885,724235,mgv1,derecha,rapida,none,204.87,17.34,686.8,subiendo,1
4886,724300,mgv1,derecha,rapida,none,204,-17.34,-693.6,bajando,1
4887,724365,mgv1,derecha,rapida,none,204,0,346.8,estable,1
4888,724430,mgv1,derecha,rapida,none,204.44,8.84,176.8,subiendo,1
4889,724495,mgv1,derecha,rapida,none,204.43,-0.34,-183.6,estable,1
4890,724560,mgv1,derecha,rapida,none,204.03,-7.82,-149.6,bajando,1
4891,724625,mgv1,derecha,rapida,none,204.43,7.82,312.81,subiendo,1
4892,724690,mgv1,derecha,rapida,none,204.46,0.68,-142.8,estable,1
4893,724755,mgv1,derecha,rapida,none,204,-9.18,-197.2,bajando,1
4894,724820,mgv1,derecha,rapida,none,204.46,9.18,367.2,subiendo,1
4895,724885,mgv1,derecha,rapida,none,204.44,-0.34,-190.4,estable,1
4896,724950,mgv1,derecha,rapida,none,204,-8.84,-170,bajando,1
4897,725015,mgv1,derecha,rapida,none,204.39,7.82,333.2,subiendo,1
4898,725080,mgv1,derecha,rapida,none,204,-7.82,-312.81,bajando,1
4899,725145,mgv1,derecha,rapida,none,204.83,16.66,489.6,subiendo,1
4900,725943,mgv1,derecha,rapida,none,204.44,0,0,estable,1
4901,726008,mgv1,derecha,rapida,none,204.43,-0.34,-6.8,estable,1
4902,726073,mgv1,derecha,rapida,none,204.41,-0.34,0,estable,1
4903,726138,mgv1,derecha,rapida,none,204.85,8.84,183.6,subiendo,1
4904,726203,mgv1,derecha,rapida,none,204.44,-8.16,-340,bajando,1
4905,726268,mgv1,derecha,rapida,none,204.44,0,163.2,estable,1
4906,726333,mgv1,derecha,rapida,none,203.98,-9.18,-183.6,bajando,1
4907,726398,mgv1,derecha,rapida,none,204.44,9.18,367.2,subiendo,1
4908,726463,mgv1,derecha,rapida,none,204.46,0.34,-176.8,estable,1
4909,726528,mgv1,derecha,rapida,none,204.41,-1.02,-27.2,estable,1
4910,726593,mgv1,derecha,rapida,none,204.44,0.68,34,estable,1
4911,726658,mgv1,derecha,rapida,none,204.02,-8.5,-183.6,bajando,1
4912,726723,mgv1,derecha,rapida,none,204.85,16.66,503.2,subiendo,1
4913,726788,mgv1,derecha,rapida,none,204.44,-8.16,-496.41,bajando,1
4914,726853,mgv1,derecha,rapida,none,205.27,16.66,496.4,subiendo,1
4915,726918,mgv1,derecha,rapida,none,205.29,0.34,-326.39,estable,1
4916,726983,mgv1,derecha,rapida,none,204.83,-9.18,-190.41,bajando,1
4917,727048,mgv1,derecha,rapida,none,204.43,-8.16,20.41,bajando,1
4918,727113,mgv1,derecha,rapida,none,204.83,8.16,326.39,subiendo,1
4919,727178,mgv1,derecha,rapida,none,204.41,-8.5,-333.19,bajando,1
4920,727243,mgv1,derecha,rapida,none,204.83,8.5,339.99,subiendo,1
4921,727308,mgv1,derecha,rapida,none,204,-16.66,-503.19,bajando,1
4922,727373,mgv1,derecha,rapida,none,204.83,16.66,666.39,subiendo,1
4923,727438,mgv1,derecha,rapida,none,204.43,-8.16,-496.39,bajando,1
4924,727503,mgv1,derecha,rapida,none,204.44,0.34,170,estable,1
4925,727568,mgv1,derecha,rapida,none,203.98,-9.18,-190.4,bajando,1
4926,727633,mgv1,derecha,rapida,none,204.41,8.5,353.6,subiendo,1
4927,727698,mgv1,derecha,rapida,none,204.85,8.84,6.8,subiendo,1
4928,727763,mgv1,derecha,rapida,none,204.85,0,-176.8,estable,1
4929,727828,mgv1,derecha,rapida,none,204.43,-8.5,-170,bajando,1
4930,727893,mgv1,derecha,rapida,none,204.39,-0.68,156.4,estable,1
4931,727958,mgv1,derecha,rapida,none,204.43,0.68,27.2,estable,1
4932,728023,mgv1,derecha,rapida,none,204.41,-0.34,-20.4,estable,1
4933,728088,mgv1,derecha,rapida,none,204.41,0,6.8,estable,1
4934,728153,mgv1,derecha,rapida,none,204.41,0,0,estable,1
4935,728218,mgv1,derecha,rapida,none,204,-8.16,-163.2,bajando,1
4936,728283,mgv1,derecha,rapida,none,204.39,7.82,319.6,subiendo,1
4937,728348,mgv1,derecha,rapida,none,204.43,0.68,-142.8,estable,1
4938,728413,mgv1,derecha,rapida,none,204.83,8.16,149.6,subiendo,1
4939,728478,mgv1,derecha,rapida,none,204.85,0.34,-156.39,estable,1
4940,728543,mgv1,derecha,rapida,none,204.43,-8.5,-176.81,bajando,1
4941,728608,mgv1,derecha,rapida,none,204.41,-0.34,163.2,estable,1
4942,728673,mgv1,derecha,rapida,none,204.41,0,6.8,estable,1
4943,728738,mgv1,derecha,rapida,none,204.83,8.5,170,subiendo,1
4944,728803,mgv1,derecha,rapida,none,204.02,-16.32,-496.39,bajando,1
4945,728868,mgv1,derecha,rapida,none,204.39,7.48,476,subiendo,1
4946,728933,mgv1,derecha,rapida,none,204.02,-7.48,-299.21,bajando,1
4947,728998,mgv1,derecha,rapida,none,204.83,16.32,476,subiendo,1
4948,729063,mgv1,derecha,rapida,none,204.39,-8.84,-503.19,bajando,1
4949,729128,mgv1,derecha,rapida,none,204.41,0.34,183.59,estable,1
4950,729812,mgv1,derecha,rapida,none,204.85,0,0,estable,1
4951,729877,mgv1,derecha,rapida,none,205.27,8.5,170,subiendo,1
4952,729942,mgv1,derecha,rapida,none,204.41,-17.34,-516.79,bajando,1
4953,730007,mgv1,derecha,rapida,none,204.43,0.34,353.59,estable,1
4954,730072,mgv1,derecha,rapida,none,204.02,-8.16,-170,bajando,1
4955,730137,mgv1,derecha,rapida,none,204.43,8.16,326.4,subiendo,1
4956,730202,mgv1,derecha,rapida,none,204.41,-0.34,-170,estable,1
4957,730267,mgv1,derecha,rapida,none,204.39,-0.34,0,estable,1
4958,730332,mgv1,derecha,rapida,none,204.83,8.84,183.59,subiendo,1
4959,730397,mgv1,derecha,rapida,none,204.83,0,-176.79,estable,1
4960,730462,mgv1,derecha,rapida,none,204.46,-7.48,-149.6,bajando,1
4961,730527,mgv1,derecha,rapida,none,204,-9.18,-34,bajando,1
4962,730592,mgv1,derecha,rapida,none,204,0,183.6,estable,1
4963,730657,mgv1,derecha,rapida,none,204.83,16.66,333.2,subiendo,1
4964,730722,mgv1,derecha,rapida,none,204.41,-8.5,-503.19,bajando,1
4965,730787,mgv1,derecha,rapida,none,204.83,8.5,339.99,subiendo,1
4966,730852,mgv1,derecha,rapida,none,204.41,-8.5,-339.99,bajando,1
4967,730917,mgv1,derecha,rapida,none,204.44,0.68,183.59,estable,1
4968,730982,mgv1,derecha,rapida,none,204,-8.84,-190.4,bajando,1
4969,731047,mgv1,derecha,rapida,none,204.83,16.66,510,subiendo,1
4970,731112,mgv1,derecha,rapida,none,204.83,0,-333.2,estable,1
4971,731177,mgv1,derecha,rapida,none,204.85,0.34,6.81,estable,1
4972,731242,mgv1,derecha,rapida,none,204.41,-8.84,-183.61,bajando,1
4973,731307,mgv1,derecha,rapida,none,204.03,-7.48,27.2,bajando,1
4974,731372,mgv1,derecha,rapida,none,204.83,15.98,469.2,subiendo,1
4975,731437,mgv1,derecha,rapida,none,204.83,0,-319.6,estable,1
4976,731502,mgv1,derecha,rapida,none,204.83,0,0,estable,1
4977,731567,mgv1,derecha,rapida,none,204.41,-8.5,-170,bajando,1
4978,731632,mgv1,derecha,rapida,none,204.02,-7.82,13.59,bajando,1
4979,731697,mgv1,derecha,rapida,none,204.41,7.82,312.81,subiendo,1
4980,731762,mgv1,derecha,rapida,none,204.43,0.34,-149.6,estable,1
4981,731827,mgv1,derecha,rapida,none,204.83,8.16,156.4,subiendo,1
4982,731892,mgv1,derecha,rapida,none,204,-16.66,-496.39,bajando,1
4983,731957,mgv1,derecha,rapida,none,204.44,8.84,510,subiendo,1
4984,732022,mgv1,derecha,rapida,none,204.43,-0.34,-183.6,estable,1
4985,732087,mgv1,derecha,rapida,none,204.85,8.5,176.8,subiendo,1
4986,732152,mgv1,derecha,rapida,none,204.41,-8.84,-346.8,bajando,1
4987,732217,mgv1,derecha,rapida,none,204.85,8.84,353.6,subiendo,1
4988,732282,mgv1,derecha,rapida,none,203.98,-17.34,-523.6,bajando,1
4989,732347,mgv1,derecha,rapida,none,204,0.34,353.6,estable,1
4990,732412,mgv1,derecha,rapida,none,204.87,17.34,340,subiendo,1
4991,732477,mgv1,derecha,rapida,none,204.46,-8.16,-510,bajando,1
4992,732542,mgv1,derecha,rapida,none,204,-9.18,-20.4,bajando,1
4993,732607,mgv1,derecha,rapida,none,204.85,17,523.6,subiendo,1
4994,732672,mgv1,derecha,rapida,none,204,-17,-680,bajando,1
4995,732737,mgv1,derecha,rapida,none,203.98,-0.34,333.2,estable,1
4996,732802,mgv1,derecha,rapida,none,204.43,8.84,183.6,subiendo,1
4997,732867,mgv1,derecha,rapida,none,204.44,0.34,-170,estable,1
4998,732932,mgv1,derecha,rapida,none,204.41,-0.68,-20.4,estable,1
4999,732997,mgv1,derecha,rapida,none,204.44,0.68,27.2,estable,1
